solid OpenSCAD_Model
  facet normal 0 -1 0
    outer loop
      vertex -0.3859229481170712 -0.051 0.11043596227972441
      vertex -0.093 -0.051 0.149
      vertex -0.391 -0.051 0.149
    endloop
  endfacet
  facet normal 0 -1 0
    outer loop
      vertex -0.3859229481170712 -0.051 0.18756403772027558
      vertex -0.298 -0.051 0.223
      vertex -0.3710377851638813 -0.051 0.22349999999999998
    endloop
  endfacet
  facet normal 0 -1 0
    outer loop
      vertex -0.3710377851638813 -0.051 0.22349999999999998
      vertex -0.298 -0.051 0.2857007360677836
      vertex -0.34735891039679556 -0.051 0.2543589103967956
    endloop
  endfacet
  facet normal 0 -1 0
    outer loop
      vertex -0.391 -0.051 0.149
      vertex -0.09807705188292881 -0.051 0.18756403772027558
      vertex -0.3859229481170712 -0.051 0.18756403772027558
    endloop
  endfacet
  facet normal 0 -1 0
    outer loop
      vertex -0.3710377851638813 -0.051 0.22349999999999998
      vertex -0.298 -0.051 0.223
      vertex -0.298 -0.051 0.2857007360677836
    endloop
  endfacet
  facet normal 0 -1 0
    outer loop
      vertex -0.34735891039679556 -0.051 0.2543589103967956
      vertex -0.298 -0.051 0.2857007360677836
      vertex -0.3165 -0.051 0.27803778516388133
    endloop
  endfacet
  facet normal -0.7933533402912356 0 -0.60876142900872
    outer loop
      vertex -0.34735891039679556 -0.051 0.04364108960320441
      vertex -0.3710377851638813 -0.051 0.0745
      vertex -0.3710377851638813 0.051 0.0745
    endloop
  endfacet
  facet normal -0.9238795325112863 0 -0.38268343236509084
    outer loop
      vertex -0.3710377851638813 -0.051 0.0745
      vertex -0.3859229481170712 -0.051 0.11043596227972441
      vertex -0.3859229481170712 0.051 0.11043596227972441
    endloop
  endfacet
  facet normal -0.9914448613738103 0 -0.130526192220052
    outer loop
      vertex -0.3859229481170712 -0.051 0.11043596227972441
      vertex -0.391 -0.051 0.149
      vertex -0.391 0.051 0.149
    endloop
  endfacet
  facet normal -0.7933533402912356 0 -0.60876142900872
    outer loop
      vertex -0.34735891039679556 -0.051 0.04364108960320441
      vertex -0.3710377851638813 0.051 0.0745
      vertex -0.34735891039679556 0.051 0.04364108960320441
    endloop
  endfacet
  facet normal -0.9238795325112863 0 -0.38268343236509084
    outer loop
      vertex -0.3710377851638813 -0.051 0.0745
      vertex -0.3859229481170712 0.051 0.11043596227972441
      vertex -0.3710377851638813 0.051 0.0745
    endloop
  endfacet
  facet normal -0.9914448613738103 0 -0.130526192220052
    outer loop
      vertex -0.3859229481170712 -0.051 0.11043596227972441
      vertex -0.391 0.051 0.149
      vertex -0.3859229481170712 0.051 0.11043596227972441
    endloop
  endfacet
  facet normal -0.6087614290087207 0 -0.7933533402912353
    outer loop
      vertex -0.34735891039679556 -0.051 0.04364108960320441
      vertex -0.3165 0.051 0.019962214836118652
      vertex -0.3165 -0.051 0.019962214836118652
    endloop
  endfacet
  facet normal -0.3826834323650904 0 -0.9238795325112865
    outer loop
      vertex -0.3165 -0.051 0.019962214836118652
      vertex -0.2805640377202756 0.051 0.0050770518829288125
      vertex -0.2805640377202756 -0.051 0.0050770518829288125
    endloop
  endfacet
  facet normal -0.6087614290087207 0 -0.7933533402912353
    outer loop
      vertex -0.34735891039679556 -0.051 0.04364108960320441
      vertex -0.34735891039679556 0.051 0.04364108960320441
      vertex -0.3165 0.051 0.019962214836118652
    endloop
  endfacet
  facet normal -0.3826834323650904 0 -0.9238795325112865
    outer loop
      vertex -0.3165 -0.051 0.019962214836118652
      vertex -0.3165 0.051 0.019962214836118652
      vertex -0.2805640377202756 0.051 0.0050770518829288125
    endloop
  endfacet
  facet normal -0.9914448613738103 0 0.130526192220052
    outer loop
      vertex -0.391 -0.051 0.149
      vertex -0.3859229481170712 -0.051 0.18756403772027558
      vertex -0.3859229481170712 0.051 0.18756403772027558
    endloop
  endfacet
  facet normal -0.9238795325112863 0 0.382683432365091
    outer loop
      vertex -0.3859229481170712 -0.051 0.18756403772027558
      vertex -0.3710377851638813 -0.051 0.22349999999999998
      vertex -0.3710377851638813 0.051 0.22349999999999998
    endloop
  endfacet
  facet normal -0.7933533402912359 0 0.6087614290087198
    outer loop
      vertex -0.3710377851638813 -0.051 0.22349999999999998
      vertex -0.34735891039679556 -0.051 0.2543589103967956
      vertex -0.34735891039679556 0.051 0.2543589103967956
    endloop
  endfacet
  facet normal -0.9914448613738103 0 0.130526192220052
    outer loop
      vertex -0.391 -0.051 0.149
      vertex -0.3859229481170712 0.051 0.18756403772027558
      vertex -0.391 0.051 0.149
    endloop
  endfacet
  facet normal -0.9238795325112863 0 0.382683432365091
    outer loop
      vertex -0.3859229481170712 -0.051 0.18756403772027558
      vertex -0.3710377851638813 0.051 0.22349999999999998
      vertex -0.3859229481170712 0.051 0.18756403772027558
    endloop
  endfacet
  facet normal -0.7933533402912359 0 0.6087614290087198
    outer loop
      vertex -0.3710377851638813 -0.051 0.22349999999999998
      vertex -0.34735891039679556 0.051 0.2543589103967956
      vertex -0.3710377851638813 0.051 0.22349999999999998
    endloop
  endfacet
  facet normal -0.6087614290087204 0 0.7933533402912354
    outer loop
      vertex -0.34735891039679556 -0.051 0.2543589103967956
      vertex -0.3165 -0.051 0.27803778516388133
      vertex -0.34735891039679556 0.051 0.2543589103967956
    endloop
  endfacet
  facet normal -0.6087614290087204 0 0.7933533402912354
    outer loop
      vertex -0.3165 -0.051 0.27803778516388133
      vertex -0.3165 0.051 0.27803778516388133
      vertex -0.34735891039679556 0.051 0.2543589103967956
    endloop
  endfacet
  facet normal -0.3826834323650908 0 0.9238795325112864
    outer loop
      vertex -0.3165 -0.051 0.27803778516388133
      vertex -0.298 0.051 0.2857007360677836
      vertex -0.3165 0.051 0.27803778516388133
    endloop
  endfacet
  facet normal 0 -1 0
    outer loop
      vertex -0.34735891039679556 -0.051 0.04364108960320441
      vertex -0.11296221483611865 -0.051 0.0745
      vertex -0.3710377851638813 -0.051 0.0745
    endloop
  endfacet
  facet normal 0 -1 0
    outer loop
      vertex -0.34735891039679556 -0.051 0.04364108960320441
      vertex -0.3165 -0.051 0.019962214836118652
      vertex -0.13664108960320442 -0.051 0.04364108960320441
    endloop
  endfacet
  facet normal 0 -1 0
    outer loop
      vertex -0.3165 -0.051 0.019962214836118652
      vertex -0.2805640377202756 -0.051 0.0050770518829288125
      vertex -0.16749999999999998 -0.051 0.019962214836118652
    endloop
  endfacet
  facet normal 0 -1 0
    outer loop
      vertex -0.2805640377202756 -0.051 0.0050770518829288125
      vertex -0.242 -0.051 0
      vertex -0.2034359622797244 -0.051 0.0050770518829288125
    endloop
  endfacet
  facet normal 0 -1 0
    outer loop
      vertex -0.3710377851638813 -0.051 0.0745
      vertex -0.09807705188292881 -0.051 0.11043596227972441
      vertex -0.3859229481170712 -0.051 0.11043596227972441
    endloop
  endfacet
  facet normal 0 -1 0
    outer loop
      vertex -0.2805640377202756 -0.051 0.0050770518829288125
      vertex -0.2034359622797244 -0.051 0.0050770518829288125
      vertex -0.16749999999999998 -0.051 0.019962214836118652
    endloop
  endfacet
  facet normal 0 -1 0
    outer loop
      vertex -0.3165 -0.051 0.019962214836118652
      vertex -0.16749999999999998 -0.051 0.019962214836118652
      vertex -0.13664108960320442 -0.051 0.04364108960320441
    endloop
  endfacet
  facet normal 0 -1 0
    outer loop
      vertex -0.34735891039679556 -0.051 0.04364108960320441
      vertex -0.13664108960320442 -0.051 0.04364108960320441
      vertex -0.11296221483611865 -0.051 0.0745
    endloop
  endfacet
  facet normal 0 -1 0
    outer loop
      vertex -0.3710377851638813 -0.051 0.0745
      vertex -0.11296221483611865 -0.051 0.0745
      vertex -0.09807705188292881 -0.051 0.11043596227972441
    endloop
  endfacet
  facet normal 0 -1 0
    outer loop
      vertex -0.3859229481170712 -0.051 0.11043596227972441
      vertex -0.09807705188292881 -0.051 0.11043596227972441
      vertex -0.093 -0.051 0.149
    endloop
  endfacet
  facet normal 0 -1 0
    outer loop
      vertex -0.3859229481170712 -0.051 0.18756403772027558
      vertex -0.09807705188292881 -0.051 0.18756403772027558
      vertex -0.298 -0.051 0.223
    endloop
  endfacet
  facet normal 0 -1 0
    outer loop
      vertex -0.391 -0.051 0.149
      vertex -0.093 -0.051 0.149
      vertex -0.09807705188292881 -0.051 0.18756403772027558
    endloop
  endfacet
  facet normal -0.1305261922200512 0 -0.9914448613738106
    outer loop
      vertex -0.2805640377202756 -0.051 0.0050770518829288125
      vertex -0.242 0.051 0
      vertex -0.242 -0.051 0
    endloop
  endfacet
  facet normal -0.1305261922200512 0 -0.9914448613738106
    outer loop
      vertex -0.2805640377202756 -0.051 0.0050770518829288125
      vertex -0.2805640377202756 0.051 0.0050770518829288125
      vertex -0.242 0.051 0
    endloop
  endfacet
  facet normal 0.1305261922200513 0 -0.9914448613738105
    outer loop
      vertex -0.242 -0.051 0
      vertex -0.2034359622797244 0.051 0.0050770518829288125
      vertex -0.2034359622797244 -0.051 0.0050770518829288125
    endloop
  endfacet
  facet normal 0.3826834323650901 0 -0.9238795325112866
    outer loop
      vertex -0.2034359622797244 -0.051 0.0050770518829288125
      vertex -0.16749999999999998 0.051 0.019962214836118652
      vertex -0.16749999999999998 -0.051 0.019962214836118652
    endloop
  endfacet
  facet normal 0.1305261922200513 0 -0.9914448613738105
    outer loop
      vertex -0.242 -0.051 0
      vertex -0.242 0.051 0
      vertex -0.2034359622797244 0.051 0.0050770518829288125
    endloop
  endfacet
  facet normal 0.3826834323650901 0 -0.9238795325112866
    outer loop
      vertex -0.2034359622797244 -0.051 0.0050770518829288125
      vertex -0.2034359622797244 0.051 0.0050770518829288125
      vertex -0.16749999999999998 0.051 0.019962214836118652
    endloop
  endfacet
  facet normal -0.3826834323650908 0 0.9238795325112864
    outer loop
      vertex -0.3165 -0.051 0.27803778516388133
      vertex -0.298 -0.051 0.2857007360677836
      vertex -0.298 0.051 0.2857007360677836
    endloop
  endfacet
  facet normal 0 -1 0
    outer loop
      vertex -0.09807705188292881 -0.051 0.18756403772027558
      vertex -0.11275510805493212 -0.051 0.223
      vertex -0.298 -0.051 0.223
    endloop
  endfacet
  facet normal 0.6087614290087207 0 -0.7933533402912353
    outer loop
      vertex -0.16749999999999998 -0.051 0.019962214836118652
      vertex -0.13664108960320442 0.051 0.04364108960320441
      vertex -0.13664108960320442 -0.051 0.04364108960320441
    endloop
  endfacet
  facet normal 0.7933533402912353 0 -0.6087614290087205
    outer loop
      vertex -0.13664108960320442 -0.051 0.04364108960320441
      vertex -0.13664108960320442 0.051 0.04364108960320441
      vertex -0.11296221483611865 -0.051 0.0745
    endloop
  endfacet
  facet normal 0.6087614290087207 0 -0.7933533402912353
    outer loop
      vertex -0.16749999999999998 -0.051 0.019962214836118652
      vertex -0.16749999999999998 0.051 0.019962214836118652
      vertex -0.13664108960320442 0.051 0.04364108960320441
    endloop
  endfacet
  facet normal 0.9238795325112866 0 -0.3826834323650903
    outer loop
      vertex -0.11296221483611865 -0.051 0.0745
      vertex -0.11296221483611865 0.051 0.0745
      vertex -0.09807705188292881 -0.051 0.11043596227972441
    endloop
  endfacet
  facet normal 0.9914448613738105 0 -0.1305261922200513
    outer loop
      vertex -0.09807705188292881 -0.051 0.11043596227972441
      vertex -0.09807705188292881 0.051 0.11043596227972441
      vertex -0.093 -0.051 0.149
    endloop
  endfacet
  facet normal 0.7933533402912353 0 -0.6087614290087205
    outer loop
      vertex -0.11296221483611865 -0.051 0.0745
      vertex -0.13664108960320442 0.051 0.04364108960320441
      vertex -0.11296221483611865 0.051 0.0745
    endloop
  endfacet
  facet normal 0.9238795325112866 0 -0.3826834323650903
    outer loop
      vertex -0.09807705188292881 -0.051 0.11043596227972441
      vertex -0.11296221483611865 0.051 0.0745
      vertex -0.09807705188292881 0.051 0.11043596227972441
    endloop
  endfacet
  facet normal 0.9914448613738105 0 -0.1305261922200513
    outer loop
      vertex -0.093 -0.051 0.149
      vertex -0.09807705188292881 0.051 0.11043596227972441
      vertex -0.093 0.051 0.149
    endloop
  endfacet
  facet normal 0.9238795325112864 0 0.38268343236509045
    outer loop
      vertex -0.09807705188292881 -0.051 0.18756403772027558
      vertex -0.09807705188292881 0.051 0.18756403772027558
      vertex -0.11275510805493212 -0.051 0.223
    endloop
  endfacet
  facet normal 0.9914448613738105 0 0.1305261922200513
    outer loop
      vertex -0.093 -0.051 0.149
      vertex -0.093 0.051 0.149
      vertex -0.09807705188292881 -0.051 0.18756403772027558
    endloop
  endfacet
  facet normal 0.9238795325112864 0 0.38268343236509045
    outer loop
      vertex -0.09807705188292881 0.051 0.18756403772027558
      vertex -0.11275510805493212 0.051 0.223
      vertex -0.11275510805493212 -0.051 0.223
    endloop
  endfacet
  facet normal 0.9914448613738105 0 0.1305261922200513
    outer loop
      vertex -0.09807705188292881 -0.051 0.18756403772027558
      vertex -0.093 0.051 0.149
      vertex -0.09807705188292881 0.051 0.18756403772027558
    endloop
  endfacet
  facet normal 0 1 0
    outer loop
      vertex -0.3710377851638813 0.051 0.0745
      vertex -0.3859229481170712 0.051 0.11043596227972441
      vertex -0.11296221483611865 0.051 0.0745
    endloop
  endfacet
  facet normal 0 1 0
    outer loop
      vertex -0.3859229481170712 0.051 0.11043596227972441
      vertex -0.391 0.051 0.149
      vertex -0.09807705188292881 0.051 0.11043596227972441
    endloop
  endfacet
  facet normal 0 1 0
    outer loop
      vertex -0.3710377851638813 0.051 0.22349999999999998
      vertex -0.34735891039679556 0.051 0.2543589103967956
      vertex -0.298 0.051 0.223
    endloop
  endfacet
  facet normal 0 1 0
    outer loop
      vertex -0.391 0.051 0.149
      vertex -0.3859229481170712 0.051 0.18756403772027558
      vertex -0.093 0.051 0.149
    endloop
  endfacet
  facet normal 0 1 0
    outer loop
      vertex -0.34735891039679556 0.051 0.2543589103967956
      vertex -0.3165 0.051 0.27803778516388133
      vertex -0.298 0.051 0.223
    endloop
  endfacet
  facet normal 0 1 0
    outer loop
      vertex -0.3165 0.051 0.27803778516388133
      vertex -0.298 0.051 0.2857007360677836
      vertex -0.298 0.051 0.223
    endloop
  endfacet
  facet normal 0 1 0
    outer loop
      vertex -0.34735891039679556 0.051 0.04364108960320441
      vertex -0.16749999999999998 0.051 0.019962214836118652
      vertex -0.3165 0.051 0.019962214836118652
    endloop
  endfacet
  facet normal 0 1 0
    outer loop
      vertex -0.3165 0.051 0.019962214836118652
      vertex -0.2034359622797244 0.051 0.0050770518829288125
      vertex -0.2805640377202756 0.051 0.0050770518829288125
    endloop
  endfacet
  facet normal 0 1 0
    outer loop
      vertex -0.34735891039679556 0.051 0.04364108960320441
      vertex -0.3710377851638813 0.051 0.0745
      vertex -0.13664108960320442 0.051 0.04364108960320441
    endloop
  endfacet
  facet normal 0 1 0
    outer loop
      vertex -0.2805640377202756 0.051 0.0050770518829288125
      vertex -0.2034359622797244 0.051 0.0050770518829288125
      vertex -0.242 0.051 0
    endloop
  endfacet
  facet normal 0 1 0
    outer loop
      vertex -0.3165 0.051 0.019962214836118652
      vertex -0.16749999999999998 0.051 0.019962214836118652
      vertex -0.2034359622797244 0.051 0.0050770518829288125
    endloop
  endfacet
  facet normal 0 1 0
    outer loop
      vertex -0.34735891039679556 0.051 0.04364108960320441
      vertex -0.13664108960320442 0.051 0.04364108960320441
      vertex -0.16749999999999998 0.051 0.019962214836118652
    endloop
  endfacet
  facet normal 0 1 0
    outer loop
      vertex -0.3710377851638813 0.051 0.0745
      vertex -0.11296221483611865 0.051 0.0745
      vertex -0.13664108960320442 0.051 0.04364108960320441
    endloop
  endfacet
  facet normal 0 1 0
    outer loop
      vertex -0.3859229481170712 0.051 0.11043596227972441
      vertex -0.09807705188292881 0.051 0.11043596227972441
      vertex -0.11296221483611865 0.051 0.0745
    endloop
  endfacet
  facet normal 0 1 0
    outer loop
      vertex -0.391 0.051 0.149
      vertex -0.093 0.051 0.149
      vertex -0.09807705188292881 0.051 0.11043596227972441
    endloop
  endfacet
  facet normal 0 1 0
    outer loop
      vertex -0.3859229481170712 0.051 0.18756403772027558
      vertex -0.3710377851638813 0.051 0.22349999999999998
      vertex -0.09807705188292881 0.051 0.18756403772027558
    endloop
  endfacet
  facet normal 0 1 0
    outer loop
      vertex -0.3710377851638813 0.051 0.22349999999999998
      vertex -0.298 0.051 0.223
      vertex -0.09807705188292881 0.051 0.18756403772027558
    endloop
  endfacet
  facet normal 0 1 0
    outer loop
      vertex -0.3859229481170712 0.051 0.18756403772027558
      vertex -0.09807705188292881 0.051 0.18756403772027558
      vertex -0.093 0.051 0.149
    endloop
  endfacet
  facet normal 0 1 0
    outer loop
      vertex -0.09807705188292881 0.051 0.18756403772027558
      vertex -0.298 0.051 0.223
      vertex -0.11275510805493212 0.051 0.223
    endloop
  endfacet
  facet normal -0.7933533402912353 0 -0.6087614290087205
    outer loop
      vertex 0.13664108960320442 -0.051 0.04364108960320441
      vertex 0.11296221483611865 -0.051 0.0745
      vertex 0.11296221483611865 0.051 0.0745
    endloop
  endfacet
  facet normal -0.9238795325112866 0 -0.3826834323650903
    outer loop
      vertex 0.09807705188292881 -0.051 0.11043596227972441
      vertex 0.09807705188292881 0.051 0.11043596227972441
      vertex 0.11296221483611865 -0.051 0.0745
    endloop
  endfacet
  facet normal -0.9914448613738105 0 -0.1305261922200513
    outer loop
      vertex 0.09807705188292881 -0.051 0.11043596227972441
      vertex 0.093 -0.051 0.149
      vertex 0.093 0.051 0.149
    endloop
  endfacet
  facet normal -0.7933533402912353 0 -0.6087614290087205
    outer loop
      vertex 0.13664108960320442 -0.051 0.04364108960320441
      vertex 0.11296221483611865 0.051 0.0745
      vertex 0.13664108960320442 0.051 0.04364108960320441
    endloop
  endfacet
  facet normal -0.9238795325112866 0 -0.3826834323650903
    outer loop
      vertex 0.11296221483611865 -0.051 0.0745
      vertex 0.09807705188292881 0.051 0.11043596227972441
      vertex 0.11296221483611865 0.051 0.0745
    endloop
  endfacet
  facet normal -0.9914448613738105 0 -0.1305261922200513
    outer loop
      vertex 0.09807705188292881 -0.051 0.11043596227972441
      vertex 0.093 0.051 0.149
      vertex 0.09807705188292881 0.051 0.11043596227972441
    endloop
  endfacet
  facet normal -0.9914448613738105 0 0.1305261922200513
    outer loop
      vertex 0.093 -0.051 0.149
      vertex 0.09807705188292881 -0.051 0.18756403772027558
      vertex 0.09807705188292881 0.051 0.18756403772027558
    endloop
  endfacet
  facet normal -0.9238795325112864 0 0.38268343236509045
    outer loop
      vertex 0.09807705188292881 -0.051 0.18756403772027558
      vertex 0.11275510805493212 -0.051 0.223
      vertex 0.11275510805493212 0.051 0.223
    endloop
  endfacet
  facet normal -0.9914448613738105 0 0.1305261922200513
    outer loop
      vertex 0.093 -0.051 0.149
      vertex 0.09807705188292881 0.051 0.18756403772027558
      vertex 0.093 0.051 0.149
    endloop
  endfacet
  facet normal -0.9238795325112864 0 0.38268343236509045
    outer loop
      vertex 0.09807705188292881 -0.051 0.18756403772027558
      vertex 0.11275510805493212 0.051 0.223
      vertex 0.09807705188292881 0.051 0.18756403772027558
    endloop
  endfacet
  facet normal 0 -1 0
    outer loop
      vertex 0.13664108960320442 -0.051 0.04364108960320441
      vertex 0.16749999999999998 -0.051 0.019962214836118652
      vertex 0.34735891039679556 -0.051 0.04364108960320441
    endloop
  endfacet
  facet normal 0 -1 0
    outer loop
      vertex 0.13664108960320442 -0.051 0.04364108960320441
      vertex 0.3710377851638813 -0.051 0.0745
      vertex 0.11296221483611865 -0.051 0.0745
    endloop
  endfacet
  facet normal 0 -1 0
    outer loop
      vertex 0.16749999999999998 -0.051 0.019962214836118652
      vertex 0.2034359622797244 -0.051 0.0050770518829288125
      vertex 0.3165 -0.051 0.019962214836118652
    endloop
  endfacet
  facet normal 0 -1 0
    outer loop
      vertex 0.2034359622797244 -0.051 0.0050770518829288125
      vertex 0.242 -0.051 0
      vertex 0.2805640377202756 -0.051 0.0050770518829288125
    endloop
  endfacet
  facet normal 0 -1 0
    outer loop
      vertex 0.09807705188292881 -0.051 0.11043596227972441
      vertex 0.11296221483611865 -0.051 0.0745
      vertex 0.3859229481170712 -0.051 0.11043596227972441
    endloop
  endfacet
  facet normal 0 -1 0
    outer loop
      vertex 0.09807705188292881 -0.051 0.11043596227972441
      vertex 0.391 -0.051 0.149
      vertex 0.093 -0.051 0.149
    endloop
  endfacet
  facet normal 0 -1 0
    outer loop
      vertex 0.09807705188292881 -0.051 0.18756403772027558
      vertex 0.297 -0.051 0.223
      vertex 0.11275510805493212 -0.051 0.223
    endloop
  endfacet
  facet normal 0 -1 0
    outer loop
      vertex 0.093 -0.051 0.149
      vertex 0.3859229481170712 -0.051 0.18756403772027558
      vertex 0.09807705188292881 -0.051 0.18756403772027558
    endloop
  endfacet
  facet normal -0.6087614290087207 0 -0.7933533402912353
    outer loop
      vertex 0.13664108960320442 -0.051 0.04364108960320441
      vertex 0.16749999999999998 0.051 0.019962214836118652
      vertex 0.16749999999999998 -0.051 0.019962214836118652
    endloop
  endfacet
  facet normal -0.6087614290087207 0 -0.7933533402912353
    outer loop
      vertex 0.13664108960320442 -0.051 0.04364108960320441
      vertex 0.13664108960320442 0.051 0.04364108960320441
      vertex 0.16749999999999998 0.051 0.019962214836118652
    endloop
  endfacet
  facet normal -0.3826834323650901 0 -0.9238795325112866
    outer loop
      vertex 0.16749999999999998 -0.051 0.019962214836118652
      vertex 0.16749999999999998 0.051 0.019962214836118652
      vertex 0.2034359622797244 0.051 0.0050770518829288125
    endloop
  endfacet
  facet normal -0.3826834323650901 0 -0.9238795325112866
    outer loop
      vertex 0.16749999999999998 -0.051 0.019962214836118652
      vertex 0.2034359622797244 0.051 0.0050770518829288125
      vertex 0.2034359622797244 -0.051 0.0050770518829288125
    endloop
  endfacet
  facet normal -0.1305261922200513 0 -0.9914448613738105
    outer loop
      vertex 0.2034359622797244 -0.051 0.0050770518829288125
      vertex 0.242 0.051 0
      vertex 0.242 -0.051 0
    endloop
  endfacet
  facet normal -0.1305261922200513 0 -0.9914448613738105
    outer loop
      vertex 0.2034359622797244 -0.051 0.0050770518829288125
      vertex 0.2034359622797244 0.051 0.0050770518829288125
      vertex 0.242 0.051 0
    endloop
  endfacet
  facet normal 0 -1 0
    outer loop
      vertex 0.2034359622797244 -0.051 0.0050770518829288125
      vertex 0.2805640377202756 -0.051 0.0050770518829288125
      vertex 0.3165 -0.051 0.019962214836118652
    endloop
  endfacet
  facet normal 0 -1 0
    outer loop
      vertex 0.16749999999999998 -0.051 0.019962214836118652
      vertex 0.3165 -0.051 0.019962214836118652
      vertex 0.34735891039679556 -0.051 0.04364108960320441
    endloop
  endfacet
  facet normal 0 -1 0
    outer loop
      vertex 0.13664108960320442 -0.051 0.04364108960320441
      vertex 0.34735891039679556 -0.051 0.04364108960320441
      vertex 0.3710377851638813 -0.051 0.0745
    endloop
  endfacet
  facet normal 0 -1 0
    outer loop
      vertex 0.11296221483611865 -0.051 0.0745
      vertex 0.3710377851638813 -0.051 0.0745
      vertex 0.3859229481170712 -0.051 0.11043596227972441
    endloop
  endfacet
  facet normal 0 -1 0
    outer loop
      vertex 0.09807705188292881 -0.051 0.11043596227972441
      vertex 0.3859229481170712 -0.051 0.11043596227972441
      vertex 0.391 -0.051 0.149
    endloop
  endfacet
  facet normal 0 -1 0
    outer loop
      vertex 0.09807705188292881 -0.051 0.18756403772027558
      vertex 0.3710377851638813 -0.051 0.22349999999999998
      vertex 0.297 -0.051 0.223
    endloop
  endfacet
  facet normal 0 -1 0
    outer loop
      vertex 0.093 -0.051 0.149
      vertex 0.391 -0.051 0.149
      vertex 0.3859229481170712 -0.051 0.18756403772027558
    endloop
  endfacet
  facet normal 0 -1 0
    outer loop
      vertex 0.09807705188292881 -0.051 0.18756403772027558
      vertex 0.3859229481170712 -0.051 0.18756403772027558
      vertex 0.3710377851638813 -0.051 0.22349999999999998
    endloop
  endfacet
  facet normal 0 -1 0
    outer loop
      vertex 0.3165 -0.051 0.27803778516388133
      vertex 0.297 -0.051 0.2861149496301567
      vertex 0.297 -0.051 0.223
    endloop
  endfacet
  facet normal 0 -1 0
    outer loop
      vertex 0.3165 -0.051 0.27803778516388133
      vertex 0.297 -0.051 0.223
      vertex 0.34735891039679556 -0.051 0.2543589103967956
    endloop
  endfacet
  facet normal 0 -1 0
    outer loop
      vertex 0.34735891039679556 -0.051 0.2543589103967956
      vertex 0.297 -0.051 0.223
      vertex 0.3710377851638813 -0.051 0.22349999999999998
    endloop
  endfacet
  facet normal 0.1305261922200512 0 -0.9914448613738106
    outer loop
      vertex 0.242 -0.051 0
      vertex 0.2805640377202756 0.051 0.0050770518829288125
      vertex 0.2805640377202756 -0.051 0.0050770518829288125
    endloop
  endfacet
  facet normal 0.1305261922200512 0 -0.9914448613738106
    outer loop
      vertex 0.242 -0.051 0
      vertex 0.242 0.051 0
      vertex 0.2805640377202756 0.051 0.0050770518829288125
    endloop
  endfacet
  facet normal 0.3826834323650904 0 -0.9238795325112865
    outer loop
      vertex 0.2805640377202756 -0.051 0.0050770518829288125
      vertex 0.2805640377202756 0.051 0.0050770518829288125
      vertex 0.3165 0.051 0.019962214836118652
    endloop
  endfacet
  facet normal 0.3826834323650904 0 -0.9238795325112865
    outer loop
      vertex 0.2805640377202756 -0.051 0.0050770518829288125
      vertex 0.3165 0.051 0.019962214836118652
      vertex 0.3165 -0.051 0.019962214836118652
    endloop
  endfacet
  facet normal 0.6087614290087207 0 -0.7933533402912353
    outer loop
      vertex 0.3165 -0.051 0.019962214836118652
      vertex 0.34735891039679556 0.051 0.04364108960320441
      vertex 0.34735891039679556 -0.051 0.04364108960320441
    endloop
  endfacet
  facet normal 0.6087614290087207 0 -0.7933533402912353
    outer loop
      vertex 0.3165 -0.051 0.019962214836118652
      vertex 0.3165 0.051 0.019962214836118652
      vertex 0.34735891039679556 0.051 0.04364108960320441
    endloop
  endfacet
  facet normal 0.38268343236509045 0 0.9238795325112864
    outer loop
      vertex 0.3165 -0.051 0.27803778516388133
      vertex 0.3165 0.051 0.27803778516388133
      vertex 0.297 -0.051 0.2861149496301567
    endloop
  endfacet
  facet normal 0.6087614290087204 0 0.7933533402912354
    outer loop
      vertex 0.3165 -0.051 0.27803778516388133
      vertex 0.34735891039679556 -0.051 0.2543589103967956
      vertex 0.3165 0.051 0.27803778516388133
    endloop
  endfacet
  facet normal 0.6087614290087204 0 0.7933533402912354
    outer loop
      vertex 0.34735891039679556 -0.051 0.2543589103967956
      vertex 0.34735891039679556 0.051 0.2543589103967956
      vertex 0.3165 0.051 0.27803778516388133
    endloop
  endfacet
  facet normal 0.7933533402912356 0 -0.60876142900872
    outer loop
      vertex 0.34735891039679556 -0.051 0.04364108960320441
      vertex 0.34735891039679556 0.051 0.04364108960320441
      vertex 0.3710377851638813 -0.051 0.0745
    endloop
  endfacet
  facet normal 0.9238795325112863 0 -0.38268343236509084
    outer loop
      vertex 0.3710377851638813 -0.051 0.0745
      vertex 0.3710377851638813 0.051 0.0745
      vertex 0.3859229481170712 -0.051 0.11043596227972441
    endloop
  endfacet
  facet normal 0.9914448613738103 0 -0.130526192220052
    outer loop
      vertex 0.3859229481170712 -0.051 0.11043596227972441
      vertex 0.3859229481170712 0.051 0.11043596227972441
      vertex 0.391 -0.051 0.149
    endloop
  endfacet
  facet normal 0.7933533402912356 0 -0.60876142900872
    outer loop
      vertex 0.3710377851638813 -0.051 0.0745
      vertex 0.34735891039679556 0.051 0.04364108960320441
      vertex 0.3710377851638813 0.051 0.0745
    endloop
  endfacet
  facet normal 0.9238795325112863 0 -0.38268343236509084
    outer loop
      vertex 0.3859229481170712 -0.051 0.11043596227972441
      vertex 0.3710377851638813 0.051 0.0745
      vertex 0.3859229481170712 0.051 0.11043596227972441
    endloop
  endfacet
  facet normal 0.9914448613738103 0 -0.130526192220052
    outer loop
      vertex 0.391 -0.051 0.149
      vertex 0.3859229481170712 0.051 0.11043596227972441
      vertex 0.391 0.051 0.149
    endloop
  endfacet
  facet normal 0.9914448613738103 0 0.130526192220052
    outer loop
      vertex 0.391 -0.051 0.149
      vertex 0.391 0.051 0.149
      vertex 0.3859229481170712 -0.051 0.18756403772027558
    endloop
  endfacet
  facet normal 0.9238795325112863 0 0.382683432365091
    outer loop
      vertex 0.3859229481170712 -0.051 0.18756403772027558
      vertex 0.3859229481170712 0.051 0.18756403772027558
      vertex 0.3710377851638813 -0.051 0.22349999999999998
    endloop
  endfacet
  facet normal 0.7933533402912359 0 0.6087614290087198
    outer loop
      vertex 0.34735891039679556 -0.051 0.2543589103967956
      vertex 0.3710377851638813 -0.051 0.22349999999999998
      vertex 0.3710377851638813 0.051 0.22349999999999998
    endloop
  endfacet
  facet normal 0.9238795325112863 0 0.382683432365091
    outer loop
      vertex 0.3710377851638813 -0.051 0.22349999999999998
      vertex 0.3859229481170712 0.051 0.18756403772027558
      vertex 0.3710377851638813 0.051 0.22349999999999998
    endloop
  endfacet
  facet normal 0.9914448613738103 0 0.130526192220052
    outer loop
      vertex 0.3859229481170712 -0.051 0.18756403772027558
      vertex 0.391 0.051 0.149
      vertex 0.3859229481170712 0.051 0.18756403772027558
    endloop
  endfacet
  facet normal 0.7933533402912359 0 0.6087614290087198
    outer loop
      vertex 0.34735891039679556 -0.051 0.2543589103967956
      vertex 0.3710377851638813 0.051 0.22349999999999998
      vertex 0.34735891039679556 0.051 0.2543589103967956
    endloop
  endfacet
  facet normal 0.38268343236509045 0 0.9238795325112864
    outer loop
      vertex 0.3165 0.051 0.27803778516388133
      vertex 0.297 0.051 0.2861149496301567
      vertex 0.297 -0.051 0.2861149496301567
    endloop
  endfacet
  facet normal 0 1 0
    outer loop
      vertex 0.16749999999999998 0.051 0.019962214836118652
      vertex 0.2805640377202756 0.051 0.0050770518829288125
      vertex 0.2034359622797244 0.051 0.0050770518829288125
    endloop
  endfacet
  facet normal 0 1 0
    outer loop
      vertex 0.13664108960320442 0.051 0.04364108960320441
      vertex 0.3165 0.051 0.019962214836118652
      vertex 0.16749999999999998 0.051 0.019962214836118652
    endloop
  endfacet
  facet normal 0 1 0
    outer loop
      vertex 0.13664108960320442 0.051 0.04364108960320441
      vertex 0.11296221483611865 0.051 0.0745
      vertex 0.34735891039679556 0.051 0.04364108960320441
    endloop
  endfacet
  facet normal 0 1 0
    outer loop
      vertex 0.2034359622797244 0.051 0.0050770518829288125
      vertex 0.2805640377202756 0.051 0.0050770518829288125
      vertex 0.242 0.051 0
    endloop
  endfacet
  facet normal 0 1 0
    outer loop
      vertex 0.09807705188292881 0.051 0.11043596227972441
      vertex 0.3710377851638813 0.051 0.0745
      vertex 0.11296221483611865 0.051 0.0745
    endloop
  endfacet
  facet normal 0 1 0
    outer loop
      vertex 0.09807705188292881 0.051 0.11043596227972441
      vertex 0.093 0.051 0.149
      vertex 0.3859229481170712 0.051 0.11043596227972441
    endloop
  endfacet
  facet normal 0 1 0
    outer loop
      vertex 0.09807705188292881 0.051 0.18756403772027558
      vertex 0.11275510805493212 0.051 0.223
      vertex 0.297 0.051 0.223
    endloop
  endfacet
  facet normal 0 1 0
    outer loop
      vertex 0.093 0.051 0.149
      vertex 0.09807705188292881 0.051 0.18756403772027558
      vertex 0.391 0.051 0.149
    endloop
  endfacet
  facet normal 0 1 0
    outer loop
      vertex 0.16749999999999998 0.051 0.019962214836118652
      vertex 0.3165 0.051 0.019962214836118652
      vertex 0.2805640377202756 0.051 0.0050770518829288125
    endloop
  endfacet
  facet normal 0 1 0
    outer loop
      vertex 0.13664108960320442 0.051 0.04364108960320441
      vertex 0.34735891039679556 0.051 0.04364108960320441
      vertex 0.3165 0.051 0.019962214836118652
    endloop
  endfacet
  facet normal 0 1 0
    outer loop
      vertex 0.11296221483611865 0.051 0.0745
      vertex 0.3710377851638813 0.051 0.0745
      vertex 0.34735891039679556 0.051 0.04364108960320441
    endloop
  endfacet
  facet normal 0 1 0
    outer loop
      vertex 0.09807705188292881 0.051 0.11043596227972441
      vertex 0.3859229481170712 0.051 0.11043596227972441
      vertex 0.3710377851638813 0.051 0.0745
    endloop
  endfacet
  facet normal 0 1 0
    outer loop
      vertex 0.093 0.051 0.149
      vertex 0.391 0.051 0.149
      vertex 0.3859229481170712 0.051 0.11043596227972441
    endloop
  endfacet
  facet normal 0 1 0
    outer loop
      vertex 0.09807705188292881 0.051 0.18756403772027558
      vertex 0.297 0.051 0.223
      vertex 0.3859229481170712 0.051 0.18756403772027558
    endloop
  endfacet
  facet normal 0 1 0
    outer loop
      vertex 0.09807705188292881 0.051 0.18756403772027558
      vertex 0.3859229481170712 0.051 0.18756403772027558
      vertex 0.391 0.051 0.149
    endloop
  endfacet
  facet normal 0 1 0
    outer loop
      vertex 0.3710377851638813 0.051 0.22349999999999998
      vertex 0.297 0.051 0.223
      vertex 0.297 0.051 0.2861149496301567
    endloop
  endfacet
  facet normal 0 1 0
    outer loop
      vertex 0.3165 0.051 0.27803778516388133
      vertex 0.34735891039679556 0.051 0.2543589103967956
      vertex 0.297 0.051 0.2861149496301567
    endloop
  endfacet
  facet normal 0 1 0
    outer loop
      vertex 0.34735891039679556 0.051 0.2543589103967956
      vertex 0.3710377851638813 0.051 0.22349999999999998
      vertex 0.297 0.051 0.2861149496301567
    endloop
  endfacet
  facet normal 0 1 0
    outer loop
      vertex 0.3859229481170712 0.051 0.18756403772027558
      vertex 0.297 0.051 0.223
      vertex 0.3710377851638813 0.051 0.22349999999999998
    endloop
  endfacet
  facet normal 0 -1 0
    outer loop
      vertex -0.363 -0.047 0.298
      vertex -0.298 -0.047 0.298
      vertex -0.298 -0.047 0.539
    endloop
  endfacet
  facet normal 0 -1 0
    outer loop
      vertex -0.363 -0.047 0.298
      vertex -0.298 -0.047 0.539
      vertex -0.363 -0.047 0.633
    endloop
  endfacet
  facet normal 0 0 -1
    outer loop
      vertex -0.363 -0.047 0.298
      vertex -0.363 0.046 0.298
      vertex -0.298 -0.047 0.298
    endloop
  endfacet
  facet normal -1 0 0
    outer loop
      vertex -0.363 -0.047 0.298
      vertex -0.363 0.046 0.633
      vertex -0.363 0.046 0.298
    endloop
  endfacet
  facet normal 0 0 -1
    outer loop
      vertex -0.363 0.046 0.298
      vertex -0.298 0.046 0.298
      vertex -0.298 -0.047 0.298
    endloop
  endfacet
  facet normal -1 0 0
    outer loop
      vertex -0.363 -0.047 0.298
      vertex -0.363 -0.047 0.633
      vertex -0.363 0.046 0.633
    endloop
  endfacet
  facet normal 0 -1 0
    outer loop
      vertex -0.363 -0.047 0.633
      vertex -0.298 -0.047 0.539
      vertex -0.27 -0.047 0.539
    endloop
  endfacet
  facet normal 0 -1 0
    outer loop
      vertex -0.363 -0.047 0.633
      vertex -0.27 -0.047 0.539
      vertex -0.27 -0.047 0.633
    endloop
  endfacet
  facet normal 0 0 1
    outer loop
      vertex -0.363 -0.047 0.633
      vertex -0.27 -0.047 0.633
      vertex -0.363 0.046 0.633
    endloop
  endfacet
  facet normal 0 0 1
    outer loop
      vertex -0.27 -0.047 0.633
      vertex -0.27 0.046 0.633
      vertex -0.363 0.046 0.633
    endloop
  endfacet
  facet normal 1 0 0
    outer loop
      vertex -0.27 -0.047 0.633
      vertex -0.27 -0.047 0.539
      vertex -0.27 0.046 0.539
    endloop
  endfacet
  facet normal 1 0 0
    outer loop
      vertex -0.27 -0.047 0.633
      vertex -0.27 0.046 0.539
      vertex -0.27 0.046 0.633
    endloop
  endfacet
  facet normal 0 1 0
    outer loop
      vertex -0.363 0.046 0.298
      vertex -0.363 0.046 0.633
      vertex -0.298 0.046 0.298
    endloop
  endfacet
  facet normal 0 1 0
    outer loop
      vertex -0.363 0.046 0.633
      vertex -0.298 0.046 0.539
      vertex -0.298 0.046 0.298
    endloop
  endfacet
  facet normal 0 1 0
    outer loop
      vertex -0.363 0.046 0.633
      vertex -0.27 0.046 0.633
      vertex -0.298 0.046 0.539
    endloop
  endfacet
  facet normal 0 1 0
    outer loop
      vertex -0.27 0.046 0.633
      vertex -0.27 0.046 0.539
      vertex -0.298 0.046 0.539
    endloop
  endfacet
  facet normal 0 -1 0
    outer loop
      vertex 0.363 -0.047 0.298
      vertex 0.45599999999999996 -0.047 0.298
      vertex 0.45599999999999996 -0.047 0.633
    endloop
  endfacet
  facet normal 0 -1 0
    outer loop
      vertex 0.363 -0.047 0.298
      vertex 0.45599999999999996 -0.047 0.633
      vertex 0.363 -0.047 0.633
    endloop
  endfacet
  facet normal 0 0 -1
    outer loop
      vertex 0.363 -0.047 0.298
      vertex 0.363 0.046 0.298
      vertex 0.45599999999999996 0.046 0.298
    endloop
  endfacet
  facet normal -1 0 0
    outer loop
      vertex 0.363 -0.047 0.298
      vertex 0.363 0.046 0.633
      vertex 0.363 0.046 0.298
    endloop
  endfacet
  facet normal 0 0 -1
    outer loop
      vertex 0.363 -0.047 0.298
      vertex 0.45599999999999996 0.046 0.298
      vertex 0.45599999999999996 -0.047 0.298
    endloop
  endfacet
  facet normal 1 0 0
    outer loop
      vertex 0.45599999999999996 -0.047 0.298
      vertex 0.45599999999999996 0.046 0.298
      vertex 0.45599999999999996 -0.047 0.633
    endloop
  endfacet
  facet normal -1 0 0
    outer loop
      vertex 0.363 -0.047 0.298
      vertex 0.363 -0.047 0.633
      vertex 0.363 0.046 0.633
    endloop
  endfacet
  facet normal 1 0 0
    outer loop
      vertex 0.45599999999999996 0.046 0.298
      vertex 0.45599999999999996 0.046 0.633
      vertex 0.45599999999999996 -0.047 0.633
    endloop
  endfacet
  facet normal 0 0 1
    outer loop
      vertex 0.363 -0.047 0.633
      vertex 0.45599999999999996 -0.047 0.633
      vertex 0.363 0.046 0.633
    endloop
  endfacet
  facet normal 0 0 1
    outer loop
      vertex 0.45599999999999996 -0.047 0.633
      vertex 0.45599999999999996 0.046 0.633
      vertex 0.363 0.046 0.633
    endloop
  endfacet
  facet normal 0 1 0
    outer loop
      vertex 0.363 0.046 0.298
      vertex 0.363 0.046 0.633
      vertex 0.45599999999999996 0.046 0.298
    endloop
  endfacet
  facet normal 0 1 0
    outer loop
      vertex 0.45599999999999996 0.046 0.298
      vertex 0.363 0.046 0.633
      vertex 0.45599999999999996 0.046 0.633
    endloop
  endfacet
  facet normal 0 0 -1
    outer loop
      vertex -0.13652914270615124 0.181 0.6300444504226559
      vertex -0.1344486320825208 0.18876457135307562 0.6300444504226559
      vertex -0.13518939674399563 0.176 0.6300444504226559
    endloop
  endfacet
  facet normal -0.8436100229619508 -0.22604462437945452 -0.4870584738481493
    outer loop
      vertex -0.16342640687119286 0.181 0.6455735931288071
      vertex -0.16208666090903726 0.176 0.6455735931288071
      vertex -0.1776158036151885 0.176 0.6724708572938487
    endloop
  endfacet
  facet normal -0.8436100229619508 -0.22604462437945425 -0.4870584738481493
    outer loop
      vertex -0.16342640687119286 0.181 0.6455735931288071
      vertex -0.1776158036151885 0.176 0.6724708572938487
      vertex -0.1789555495773441 0.181 0.6724708572938487
    endloop
  endfacet
  facet normal -0.49557221983507815 -0.13278817609610744 -0.8583562635740489
    outer loop
      vertex -0.13652914270615124 0.181 0.6300444504226559
      vertex -0.16208666090903726 0.176 0.6455735931288071
      vertex -0.16342640687119286 0.181 0.6455735931288071
    endloop
  endfacet
  facet normal -0.9659258262890685 -0.25881904510251963 0
    outer loop
      vertex -0.1789555495773441 0.181 0.6724708572938487
      vertex -0.1776158036151885 0.176 0.6724708572938487
      vertex -0.1776158036151885 0.176 0.7035291427061512
    endloop
  endfacet
  facet normal -0.9659258262890685 -0.25881904510251963 0
    outer loop
      vertex -0.1789555495773441 0.181 0.6724708572938487
      vertex -0.1776158036151885 0.176 0.7035291427061512
      vertex -0.1789555495773441 0.181 0.7035291427061512
    endloop
  endfacet
  facet normal -0.49557221983507815 -0.13278817609610738 -0.8583562635740489
    outer loop
      vertex -0.13652914270615124 0.181 0.6300444504226559
      vertex -0.13518939674399563 0.176 0.6300444504226559
      vertex -0.16208666090903726 0.176 0.6455735931288071
    endloop
  endfacet
  facet normal 0 0 -1
    outer loop
      vertex -0.10547085729384875 0.181 0.6300444504226559
      vertex -0.10681060325600437 0.176 0.6300444504226559
      vertex -0.13518939674399563 0.176 0.6300444504226559
    endloop
  endfacet
  facet normal 0 0 -1
    outer loop
      vertex -0.10547085729384875 0.181 0.6300444504226559
      vertex -0.13518939674399563 0.176 0.6300444504226559
      vertex -0.1075513679174792 0.18876457135307562 0.6300444504226559
    endloop
  endfacet
  facet normal 0.49557221983507815 -0.13278817609610738 -0.8583562635740489
    outer loop
      vertex -0.07857359312880714 0.181 0.6455735931288071
      vertex -0.07991333909096275 0.176 0.6455735931288071
      vertex -0.10681060325600437 0.176 0.6300444504226559
    endloop
  endfacet
  facet normal 0.4955722198350783 -0.1327881760961088 -0.8583562635740487
    outer loop
      vertex -0.10547085729384875 0.181 0.6300444504226559
      vertex -0.07857359312880714 0.181 0.6455735931288071
      vertex -0.10681060325600437 0.176 0.6300444504226559
    endloop
  endfacet
  facet normal 0.8436100229619508 -0.22604462437945452 -0.4870584738481493
    outer loop
      vertex -0.07857359312880714 0.181 0.6455735931288071
      vertex -0.0630444504226559 0.181 0.6724708572938487
      vertex -0.07991333909096275 0.176 0.6455735931288071
    endloop
  endfacet
  facet normal -0.8436100229619508 -0.22604462437945452 0.4870584738481492
    outer loop
      vertex -0.1789555495773441 0.181 0.7035291427061512
      vertex -0.1776158036151885 0.176 0.7035291427061512
      vertex -0.16208666090903726 0.176 0.7304264068711928
    endloop
  endfacet
  facet normal -0.8436100229619508 -0.22604462437945458 0.4870584738481493
    outer loop
      vertex -0.1789555495773441 0.181 0.7035291427061512
      vertex -0.16208666090903726 0.176 0.7304264068711928
      vertex -0.16342640687119286 0.181 0.7304264068711928
    endloop
  endfacet
  facet normal -0.49557221983507815 -0.13278817609610738 0.8583562635740489
    outer loop
      vertex -0.16342640687119286 0.181 0.7304264068711928
      vertex -0.16208666090903726 0.176 0.7304264068711928
      vertex -0.13518939674399563 0.176 0.745955549577344
    endloop
  endfacet
  facet normal -0.49557221983507815 -0.13278817609610744 0.8583562635740489
    outer loop
      vertex -0.16342640687119286 0.181 0.7304264068711928
      vertex -0.13518939674399563 0.176 0.745955549577344
      vertex -0.13652914270615124 0.181 0.745955549577344
    endloop
  endfacet
  facet normal 0 0 1
    outer loop
      vertex -0.13652914270615124 0.181 0.745955549577344
      vertex -0.13518939674399563 0.176 0.745955549577344
      vertex -0.10681060325600437 0.176 0.745955549577344
    endloop
  endfacet
  facet normal 0 0 1
    outer loop
      vertex -0.13652914270615124 0.181 0.745955549577344
      vertex -0.10681060325600437 0.176 0.745955549577344
      vertex -0.1344486320825208 0.18876457135307562 0.745955549577344
    endloop
  endfacet
  facet normal 0 0 1
    outer loop
      vertex -0.10547085729384875 0.181 0.745955549577344
      vertex -0.1075513679174792 0.18876457135307562 0.745955549577344
      vertex -0.10681060325600437 0.176 0.745955549577344
    endloop
  endfacet
  facet normal 0.49557221983507843 -0.13278817609610716 0.8583562635740488
    outer loop
      vertex -0.10547085729384875 0.181 0.745955549577344
      vertex -0.07991333909096275 0.176 0.7304264068711928
      vertex -0.07857359312880714 0.181 0.7304264068711928
    endloop
  endfacet
  facet normal 0.8436100229619509 -0.22604462437945458 0.48705847384814893
    outer loop
      vertex -0.07857359312880714 0.181 0.7304264068711928
      vertex -0.07991333909096275 0.176 0.7304264068711928
      vertex -0.06438419638481152 0.176 0.7035291427061512
    endloop
  endfacet
  facet normal 0.49557221983507815 -0.13278817609610877 0.8583562635740487
    outer loop
      vertex -0.10547085729384875 0.181 0.745955549577344
      vertex -0.10681060325600437 0.176 0.745955549577344
      vertex -0.07991333909096275 0.176 0.7304264068711928
    endloop
  endfacet
  facet normal 0 0 -1
    outer loop
      vertex -0.1344486320825208 0.18876457135307562 0.6300444504226559
      vertex -0.12876457135307562 0.1944486320825208 0.6300444504226559
      vertex -0.13518939674399563 0.176 0.6300444504226559
    endloop
  endfacet
  facet normal 0 0 -1
    outer loop
      vertex -0.12876457135307562 0.1944486320825208 0.6300444504226559
      vertex -0.121 0.19652914270615124 0.6300444504226559
      vertex -0.13518939674399563 0.176 0.6300444504226559
    endloop
  endfacet
  facet normal -0.8436100229619504 0.22604462437945583 -0.4870584738481491
    outer loop
      vertex -0.16342640687119286 0.181 0.6455735931288071
      vertex -0.1789555495773441 0.181 0.6724708572938487
      vertex -0.15774234614174767 0.20221320343559643 0.6455735931288071
    endloop
  endfacet
  facet normal -0.8436100229619505 0.22604462437945624 -0.4870584738481488
    outer loop
      vertex -0.1789555495773441 0.181 0.6724708572938487
      vertex -0.17119097822426846 0.20997777478867205 0.6724708572938487
      vertex -0.15774234614174767 0.20221320343559643 0.6455735931288071
    endloop
  endfacet
  facet normal -0.9659258262890681 0.2588190451025215 0
    outer loop
      vertex -0.1789555495773441 0.181 0.6724708572938487
      vertex -0.1789555495773441 0.181 0.7035291427061512
      vertex -0.17119097822426846 0.20997777478867205 0.7035291427061512
    endloop
  endfacet
  facet normal -0.6175653985824952 0.6175653985824952 -0.4870584738481489
    outer loop
      vertex -0.15774234614174767 0.20221320343559643 0.6455735931288071
      vertex -0.17119097822426846 0.20997777478867205 0.6724708572938487
      vertex -0.14221320343559643 0.21774234614174767 0.6455735931288071
    endloop
  endfacet
  facet normal -0.9659258262890681 0.2588190451025215 0
    outer loop
      vertex -0.1789555495773441 0.181 0.6724708572938487
      vertex -0.17119097822426846 0.20997777478867205 0.7035291427061512
      vertex -0.17119097822426846 0.20997777478867205 0.6724708572938487
    endloop
  endfacet
  facet normal -0.4955722198350781 0.13278817609610813 -0.8583562635740488
    outer loop
      vertex -0.13652914270615124 0.181 0.6300444504226559
      vertex -0.16342640687119286 0.181 0.6455735931288071
      vertex -0.15774234614174767 0.20221320343559643 0.6455735931288071
    endloop
  endfacet
  facet normal -0.49557221983507865 0.1327881760961075 -0.8583562635740486
    outer loop
      vertex -0.13652914270615124 0.181 0.6300444504226559
      vertex -0.15774234614174767 0.20221320343559643 0.6455735931288071
      vertex -0.1344486320825208 0.18876457135307562 0.6300444504226559
    endloop
  endfacet
  facet normal -0.3627840437389703 0.3627840437389702 -0.8583562635740487
    outer loop
      vertex -0.1344486320825208 0.18876457135307562 0.6300444504226559
      vertex -0.15774234614174767 0.20221320343559643 0.6455735931288071
      vertex -0.14221320343559643 0.21774234614174767 0.6455735931288071
    endloop
  endfacet
  facet normal -0.3627840437389703 0.3627840437389703 -0.8583562635740487
    outer loop
      vertex -0.1344486320825208 0.18876457135307562 0.6300444504226559
      vertex -0.14221320343559643 0.21774234614174767 0.6455735931288071
      vertex -0.12876457135307562 0.1944486320825208 0.6300444504226559
    endloop
  endfacet
  facet normal -0.6175653985824952 0.6175653985824952 -0.4870584738481488
    outer loop
      vertex -0.17119097822426846 0.20997777478867205 0.6724708572938487
      vertex -0.14997777478867205 0.23119097822426846 0.6724708572938487
      vertex -0.14221320343559643 0.21774234614174767 0.6455735931288071
    endloop
  endfacet
  facet normal -0.7071067811865476 0.7071067811865476 0
    outer loop
      vertex -0.17119097822426846 0.20997777478867205 0.6724708572938487
      vertex -0.17119097822426846 0.20997777478867205 0.7035291427061512
      vertex -0.14997777478867205 0.23119097822426846 0.7035291427061512
    endloop
  endfacet
  facet normal -0.7071067811865476 0.7071067811865476 0
    outer loop
      vertex -0.17119097822426846 0.20997777478867205 0.6724708572938487
      vertex -0.14997777478867205 0.23119097822426846 0.7035291427061512
      vertex -0.14997777478867205 0.23119097822426846 0.6724708572938487
    endloop
  endfacet
  facet normal -0.13278817609610827 0.49557221983507826 -0.8583562635740487
    outer loop
      vertex -0.12876457135307562 0.1944486320825208 0.6300444504226559
      vertex -0.14221320343559643 0.21774234614174767 0.6455735931288071
      vertex -0.121 0.22342640687119286 0.6455735931288071
    endloop
  endfacet
  facet normal -0.22604462437945622 0.8436100229619504 -0.4870584738481488
    outer loop
      vertex -0.14221320343559643 0.21774234614174767 0.6455735931288071
      vertex -0.14997777478867205 0.23119097822426846 0.6724708572938487
      vertex -0.121 0.2389555495773441 0.6724708572938487
    endloop
  endfacet
  facet normal -0.22604462437945583 0.8436100229619504 -0.4870584738481492
    outer loop
      vertex -0.14221320343559643 0.21774234614174767 0.6455735931288071
      vertex -0.121 0.2389555495773441 0.6724708572938487
      vertex -0.121 0.22342640687119286 0.6455735931288071
    endloop
  endfacet
  facet normal -0.2588190451025215 0.9659258262890681 0
    outer loop
      vertex -0.14997777478867205 0.23119097822426846 0.6724708572938487
      vertex -0.14997777478867205 0.23119097822426846 0.7035291427061512
      vertex -0.121 0.2389555495773441 0.6724708572938487
    endloop
  endfacet
  facet normal -0.2588190451025215 0.9659258262890681 0
    outer loop
      vertex -0.14997777478867205 0.23119097822426846 0.7035291427061512
      vertex -0.121 0.2389555495773441 0.7035291427061512
      vertex -0.121 0.2389555495773441 0.6724708572938487
    endloop
  endfacet
  facet normal 0 0 -1
    outer loop
      vertex -0.121 0.19652914270615124 0.6300444504226559
      vertex -0.11323542864692437 0.1944486320825208 0.6300444504226559
      vertex -0.13518939674399563 0.176 0.6300444504226559
    endloop
  endfacet
  facet normal 0 0 -1
    outer loop
      vertex -0.1075513679174792 0.18876457135307562 0.6300444504226559
      vertex -0.13518939674399563 0.176 0.6300444504226559
      vertex -0.11323542864692437 0.1944486320825208 0.6300444504226559
    endloop
  endfacet
  facet normal -0.13278817609610735 0.49557221983507815 -0.858356263574049
    outer loop
      vertex -0.12876457135307562 0.1944486320825208 0.6300444504226559
      vertex -0.121 0.22342640687119286 0.6455735931288071
      vertex -0.121 0.19652914270615124 0.6300444504226559
    endloop
  endfacet
  facet normal 0.3627840437389708 0.3627840437389699 -0.8583562635740487
    outer loop
      vertex -0.1075513679174792 0.18876457135307562 0.6300444504226559
      vertex -0.11323542864692437 0.1944486320825208 0.6300444504226559
      vertex -0.09978679656440356 0.21774234614174767 0.6455735931288071
    endloop
  endfacet
  facet normal 0.1327881760961075 0.49557221983507865 -0.8583562635740486
    outer loop
      vertex -0.121 0.19652914270615124 0.6300444504226559
      vertex -0.09978679656440356 0.21774234614174767 0.6455735931288071
      vertex -0.11323542864692437 0.1944486320825208 0.6300444504226559
    endloop
  endfacet
  facet normal 0.4955722198350781 0.13278817609610824 -0.8583562635740489
    outer loop
      vertex -0.10547085729384875 0.181 0.6300444504226559
      vertex -0.1075513679174792 0.18876457135307562 0.6300444504226559
      vertex -0.08425765385825232 0.20221320343559643 0.6455735931288071
    endloop
  endfacet
  facet normal 0.4955722198350783 0.13278817609610788 -0.8583562635740488
    outer loop
      vertex -0.10547085729384875 0.181 0.6300444504226559
      vertex -0.08425765385825232 0.20221320343559643 0.6455735931288071
      vertex -0.07857359312880714 0.181 0.6455735931288071
    endloop
  endfacet
  facet normal 0.8436100229619506 0.2260446243794553 -0.4870584738481492
    outer loop
      vertex -0.07857359312880714 0.181 0.6455735931288071
      vertex -0.08425765385825232 0.20221320343559643 0.6455735931288071
      vertex -0.0630444504226559 0.181 0.6724708572938487
    endloop
  endfacet
  facet normal 0.3627840437389702 0.36278404373897016 -0.8583562635740489
    outer loop
      vertex -0.1075513679174792 0.18876457135307562 0.6300444504226559
      vertex -0.09978679656440356 0.21774234614174767 0.6455735931288071
      vertex -0.08425765385825232 0.20221320343559643 0.6455735931288071
    endloop
  endfacet
  facet normal 0.6175653985824952 0.6175653985824952 -0.4870584738481489
    outer loop
      vertex -0.08425765385825232 0.20221320343559643 0.6455735931288071
      vertex -0.09978679656440356 0.21774234614174767 0.6455735931288071
      vertex -0.07080902177573153 0.20997777478867205 0.6724708572938487
    endloop
  endfacet
  facet normal 0.13278817609610813 0.4955722198350781 -0.8583562635740488
    outer loop
      vertex -0.121 0.19652914270615124 0.6300444504226559
      vertex -0.121 0.22342640687119286 0.6455735931288071
      vertex -0.09978679656440356 0.21774234614174767 0.6455735931288071
    endloop
  endfacet
  facet normal 0.22604462437945583 0.8436100229619504 -0.4870584738481492
    outer loop
      vertex -0.09978679656440356 0.21774234614174767 0.6455735931288071
      vertex -0.121 0.22342640687119286 0.6455735931288071
      vertex -0.121 0.2389555495773441 0.6724708572938487
    endloop
  endfacet
  facet normal 0.22604462437945622 0.8436100229619504 -0.4870584738481488
    outer loop
      vertex -0.09978679656440356 0.21774234614174767 0.6455735931288071
      vertex -0.121 0.2389555495773441 0.6724708572938487
      vertex -0.09202222521132794 0.23119097822426846 0.6724708572938487
    endloop
  endfacet
  facet normal 0.2588190451025215 0.9659258262890681 0
    outer loop
      vertex -0.121 0.2389555495773441 0.6724708572938487
      vertex -0.121 0.2389555495773441 0.7035291427061512
      vertex -0.09202222521132794 0.23119097822426846 0.6724708572938487
    endloop
  endfacet
  facet normal 0.2588190451025215 0.9659258262890681 0
    outer loop
      vertex -0.121 0.2389555495773441 0.7035291427061512
      vertex -0.09202222521132794 0.23119097822426846 0.7035291427061512
      vertex -0.09202222521132794 0.23119097822426846 0.6724708572938487
    endloop
  endfacet
  facet normal 0.6175653985824952 0.6175653985824953 -0.4870584738481489
    outer loop
      vertex -0.09978679656440356 0.21774234614174767 0.6455735931288071
      vertex -0.09202222521132794 0.23119097822426846 0.6724708572938487
      vertex -0.07080902177573153 0.20997777478867205 0.6724708572938487
    endloop
  endfacet
  facet normal 0.7071067811865476 0.7071067811865476 0
    outer loop
      vertex -0.09202222521132794 0.23119097822426846 0.6724708572938487
      vertex -0.07080902177573153 0.20997777478867205 0.7035291427061512
      vertex -0.07080902177573153 0.20997777478867205 0.6724708572938487
    endloop
  endfacet
  facet normal 0.7071067811865476 0.7071067811865476 0
    outer loop
      vertex -0.09202222521132794 0.23119097822426846 0.6724708572938487
      vertex -0.09202222521132794 0.23119097822426846 0.7035291427061512
      vertex -0.07080902177573153 0.20997777478867205 0.7035291427061512
    endloop
  endfacet
  facet normal -0.8436100229619504 0.22604462437945583 0.4870584738481491
    outer loop
      vertex -0.1789555495773441 0.181 0.7035291427061512
      vertex -0.16342640687119286 0.181 0.7304264068711928
      vertex -0.15774234614174767 0.20221320343559643 0.7304264068711928
    endloop
  endfacet
  facet normal -0.8436100229619505 0.22604462437945624 0.4870584738481488
    outer loop
      vertex -0.1789555495773441 0.181 0.7035291427061512
      vertex -0.15774234614174767 0.20221320343559643 0.7304264068711928
      vertex -0.17119097822426846 0.20997777478867205 0.7035291427061512
    endloop
  endfacet
  facet normal -0.6175653985824952 0.6175653985824952 0.4870584738481489
    outer loop
      vertex -0.15774234614174767 0.20221320343559643 0.7304264068711928
      vertex -0.14221320343559643 0.21774234614174767 0.7304264068711928
      vertex -0.17119097822426846 0.20997777478867205 0.7035291427061512
    endloop
  endfacet
  facet normal -0.4955722198350781 0.13278817609610816 0.8583562635740488
    outer loop
      vertex -0.16342640687119286 0.181 0.7304264068711928
      vertex -0.13652914270615124 0.181 0.745955549577344
      vertex -0.15774234614174767 0.20221320343559643 0.7304264068711928
    endloop
  endfacet
  facet normal -0.49557221983507865 0.1327881760961075 0.8583562635740486
    outer loop
      vertex -0.13652914270615124 0.181 0.745955549577344
      vertex -0.1344486320825208 0.18876457135307562 0.745955549577344
      vertex -0.15774234614174767 0.20221320343559643 0.7304264068711928
    endloop
  endfacet
  facet normal -0.3627840437389703 0.3627840437389703 0.8583562635740487
    outer loop
      vertex -0.15774234614174767 0.20221320343559643 0.7304264068711928
      vertex -0.1344486320825208 0.18876457135307562 0.745955549577344
      vertex -0.14221320343559643 0.21774234614174767 0.7304264068711928
    endloop
  endfacet
  facet normal -0.3627840437389703 0.3627840437389703 0.8583562635740487
    outer loop
      vertex -0.1344486320825208 0.18876457135307562 0.745955549577344
      vertex -0.12876457135307562 0.1944486320825208 0.745955549577344
      vertex -0.14221320343559643 0.21774234614174767 0.7304264068711928
    endloop
  endfacet
  facet normal -0.6175653985824952 0.6175653985824952 0.4870584738481488
    outer loop
      vertex -0.17119097822426846 0.20997777478867205 0.7035291427061512
      vertex -0.14221320343559643 0.21774234614174767 0.7304264068711928
      vertex -0.14997777478867205 0.23119097822426846 0.7035291427061512
    endloop
  endfacet
  facet normal -0.13278817609610827 0.49557221983507826 0.8583562635740487
    outer loop
      vertex -0.12876457135307562 0.1944486320825208 0.745955549577344
      vertex -0.121 0.22342640687119286 0.7304264068711928
      vertex -0.14221320343559643 0.21774234614174767 0.7304264068711928
    endloop
  endfacet
  facet normal -0.22604462437945624 0.8436100229619505 0.4870584738481488
    outer loop
      vertex -0.14997777478867205 0.23119097822426846 0.7035291427061512
      vertex -0.14221320343559643 0.21774234614174767 0.7304264068711928
      vertex -0.121 0.2389555495773441 0.7035291427061512
    endloop
  endfacet
  facet normal -0.22604462437945583 0.8436100229619504 0.4870584738481491
    outer loop
      vertex -0.121 0.2389555495773441 0.7035291427061512
      vertex -0.14221320343559643 0.21774234614174767 0.7304264068711928
      vertex -0.121 0.22342640687119286 0.7304264068711928
    endloop
  endfacet
  facet normal 0 0 1
    outer loop
      vertex -0.1344486320825208 0.18876457135307562 0.745955549577344
      vertex -0.10681060325600437 0.176 0.745955549577344
      vertex -0.12876457135307562 0.1944486320825208 0.745955549577344
    endloop
  endfacet
  facet normal 0 0 1
    outer loop
      vertex -0.12876457135307562 0.1944486320825208 0.745955549577344
      vertex -0.10681060325600437 0.176 0.745955549577344
      vertex -0.121 0.19652914270615124 0.745955549577344
    endloop
  endfacet
  facet normal 0 0 1
    outer loop
      vertex -0.121 0.19652914270615124 0.745955549577344
      vertex -0.10681060325600437 0.176 0.745955549577344
      vertex -0.11323542864692437 0.1944486320825208 0.745955549577344
    endloop
  endfacet
  facet normal 0 0 1
    outer loop
      vertex -0.1075513679174792 0.18876457135307562 0.745955549577344
      vertex -0.11323542864692437 0.1944486320825208 0.745955549577344
      vertex -0.10681060325600437 0.176 0.745955549577344
    endloop
  endfacet
  facet normal -0.13278817609610735 0.49557221983507815 0.858356263574049
    outer loop
      vertex -0.12876457135307562 0.1944486320825208 0.745955549577344
      vertex -0.121 0.19652914270615124 0.745955549577344
      vertex -0.121 0.22342640687119286 0.7304264068711928
    endloop
  endfacet
  facet normal 0.13278817609610735 0.49557221983507815 0.8583562635740489
    outer loop
      vertex -0.121 0.19652914270615124 0.745955549577344
      vertex -0.11323542864692437 0.1944486320825208 0.745955549577344
      vertex -0.121 0.22342640687119286 0.7304264068711928
    endloop
  endfacet
  facet normal 0.3627840437389708 0.3627840437389699 0.8583562635740487
    outer loop
      vertex -0.1075513679174792 0.18876457135307562 0.745955549577344
      vertex -0.09978679656440356 0.21774234614174767 0.7304264068711928
      vertex -0.11323542864692437 0.1944486320825208 0.745955549577344
    endloop
  endfacet
  facet normal 0.4955722198350783 0.13278817609610788 0.8583562635740488
    outer loop
      vertex -0.10547085729384875 0.181 0.745955549577344
      vertex -0.07857359312880714 0.181 0.7304264068711928
      vertex -0.08425765385825232 0.20221320343559643 0.7304264068711928
    endloop
  endfacet
  facet normal 0.8436100229619506 0.2260446243794553 0.4870584738481492
    outer loop
      vertex -0.07857359312880714 0.181 0.7304264068711928
      vertex -0.0630444504226559 0.181 0.7035291427061512
      vertex -0.08425765385825232 0.20221320343559643 0.7304264068711928
    endloop
  endfacet
  facet normal 0.4955722198350781 0.13278817609610824 0.8583562635740489
    outer loop
      vertex -0.10547085729384875 0.181 0.745955549577344
      vertex -0.08425765385825232 0.20221320343559643 0.7304264068711928
      vertex -0.1075513679174792 0.18876457135307562 0.745955549577344
    endloop
  endfacet
  facet normal 0.3627840437389702 0.36278404373897016 0.8583562635740489
    outer loop
      vertex -0.1075513679174792 0.18876457135307562 0.745955549577344
      vertex -0.08425765385825232 0.20221320343559643 0.7304264068711928
      vertex -0.09978679656440356 0.21774234614174767 0.7304264068711928
    endloop
  endfacet
  facet normal 0.6175653985824952 0.6175653985824952 0.4870584738481489
    outer loop
      vertex -0.08425765385825232 0.20221320343559643 0.7304264068711928
      vertex -0.07080902177573153 0.20997777478867205 0.7035291427061512
      vertex -0.09978679656440356 0.21774234614174767 0.7304264068711928
    endloop
  endfacet
  facet normal 0.13278817609610827 0.49557221983507826 0.8583562635740487
    outer loop
      vertex -0.11323542864692437 0.1944486320825208 0.745955549577344
      vertex -0.09978679656440356 0.21774234614174767 0.7304264068711928
      vertex -0.121 0.22342640687119286 0.7304264068711928
    endloop
  endfacet
  facet normal 0.22604462437945583 0.8436100229619504 0.4870584738481491
    outer loop
      vertex -0.121 0.2389555495773441 0.7035291427061512
      vertex -0.121 0.22342640687119286 0.7304264068711928
      vertex -0.09978679656440356 0.21774234614174767 0.7304264068711928
    endloop
  endfacet
  facet normal 0.22604462437945624 0.8436100229619505 0.4870584738481488
    outer loop
      vertex -0.121 0.2389555495773441 0.7035291427061512
      vertex -0.09978679656440356 0.21774234614174767 0.7304264068711928
      vertex -0.09202222521132794 0.23119097822426846 0.7035291427061512
    endloop
  endfacet
  facet normal 0.6175653985824952 0.6175653985824952 0.4870584738481488
    outer loop
      vertex -0.09202222521132794 0.23119097822426846 0.7035291427061512
      vertex -0.09978679656440356 0.21774234614174767 0.7304264068711928
      vertex -0.07080902177573153 0.20997777478867205 0.7035291427061512
    endloop
  endfacet
  facet normal 0.8436100229619505 -0.2260446243794568 -0.4870584738481486
    outer loop
      vertex -0.0630444504226559 0.181 0.6724708572938487
      vertex -0.06438419638481152 0.176 0.6724708572938487
      vertex -0.07991333909096275 0.176 0.6455735931288071
    endloop
  endfacet
  facet normal 0.965925826289068 -0.2588190451025221 0
    outer loop
      vertex -0.0630444504226559 0.181 0.7035291427061512
      vertex -0.06438419638481152 0.176 0.7035291427061512
      vertex -0.06438419638481152 0.176 0.6724708572938487
    endloop
  endfacet
  facet normal 0.965925826289068 -0.2588190451025221 0
    outer loop
      vertex -0.0630444504226559 0.181 0.6724708572938487
      vertex -0.0630444504226559 0.181 0.7035291427061512
      vertex -0.06438419638481152 0.176 0.6724708572938487
    endloop
  endfacet
  facet normal 0.8436100229619503 -0.2260446243794565 0.48705847384814904
    outer loop
      vertex -0.07857359312880714 0.181 0.7304264068711928
      vertex -0.06438419638481152 0.176 0.7035291427061512
      vertex -0.0630444504226559 0.181 0.7035291427061512
    endloop
  endfacet
  facet normal 0.8436100229619505 0.2260446243794559 -0.48705847384814877
    outer loop
      vertex -0.08425765385825232 0.20221320343559643 0.6455735931288071
      vertex -0.07080902177573153 0.20997777478867205 0.6724708572938487
      vertex -0.0630444504226559 0.181 0.6724708572938487
    endloop
  endfacet
  facet normal 0.9659258262890682 0.2588190451025211 0
    outer loop
      vertex -0.0630444504226559 0.181 0.6724708572938487
      vertex -0.07080902177573153 0.20997777478867205 0.6724708572938487
      vertex -0.0630444504226559 0.181 0.7035291427061512
    endloop
  endfacet
  facet normal 0.9659258262890682 0.2588190451025211 0
    outer loop
      vertex -0.0630444504226559 0.181 0.7035291427061512
      vertex -0.07080902177573153 0.20997777478867205 0.6724708572938487
      vertex -0.07080902177573153 0.20997777478867205 0.7035291427061512
    endloop
  endfacet
  facet normal 0.8436100229619505 0.2260446243794559 0.48705847384814877
    outer loop
      vertex -0.08425765385825232 0.20221320343559643 0.7304264068711928
      vertex -0.0630444504226559 0.181 0.7035291427061512
      vertex -0.07080902177573153 0.20997777478867205 0.7035291427061512
    endloop
  endfacet
  facet normal -0.8436100229619503 -0.2260446243794565 -0.48705847384814904
    outer loop
      vertex 0.07857359312880714 0.181 0.6455735931288071
      vertex 0.06438419638481152 0.176 0.6724708572938487
      vertex 0.0630444504226559 0.181 0.6724708572938487
    endloop
  endfacet
  facet normal -0.8436100229619509 -0.22604462437945458 -0.48705847384814893
    outer loop
      vertex 0.07857359312880714 0.181 0.6455735931288071
      vertex 0.07991333909096275 0.176 0.6455735931288071
      vertex 0.06438419638481152 0.176 0.6724708572938487
    endloop
  endfacet
  facet normal -0.965925826289068 -0.2588190451025221 0
    outer loop
      vertex 0.0630444504226559 0.181 0.6724708572938487
      vertex 0.06438419638481152 0.176 0.6724708572938487
      vertex 0.06438419638481152 0.176 0.7035291427061512
    endloop
  endfacet
  facet normal -0.965925826289068 -0.2588190451025221 0
    outer loop
      vertex 0.0630444504226559 0.181 0.6724708572938487
      vertex 0.06438419638481152 0.176 0.7035291427061512
      vertex 0.0630444504226559 0.181 0.7035291427061512
    endloop
  endfacet
  facet normal 0 0 -1
    outer loop
      vertex 0.10547085729384875 0.181 0.6300444504226559
      vertex 0.1075513679174792 0.18876457135307562 0.6300444504226559
      vertex 0.10681060325600437 0.176 0.6300444504226559
    endloop
  endfacet
  facet normal 0 0 -1
    outer loop
      vertex 0.13652914270615124 0.181 0.6300444504226559
      vertex 0.13518939674399563 0.176 0.6300444504226559
      vertex 0.10681060325600437 0.176 0.6300444504226559
    endloop
  endfacet
  facet normal 0 0 -1
    outer loop
      vertex 0.13652914270615124 0.181 0.6300444504226559
      vertex 0.10681060325600437 0.176 0.6300444504226559
      vertex 0.1344486320825208 0.18876457135307562 0.6300444504226559
    endloop
  endfacet
  facet normal -0.49557221983507815 -0.13278817609610877 -0.8583562635740487
    outer loop
      vertex 0.10547085729384875 0.181 0.6300444504226559
      vertex 0.10681060325600437 0.176 0.6300444504226559
      vertex 0.07991333909096275 0.176 0.6455735931288071
    endloop
  endfacet
  facet normal -0.49557221983507843 -0.13278817609610744 -0.8583562635740488
    outer loop
      vertex 0.07857359312880714 0.181 0.6455735931288071
      vertex 0.10547085729384875 0.181 0.6300444504226559
      vertex 0.07991333909096275 0.176 0.6455735931288071
    endloop
  endfacet
  facet normal -0.8436100229619505 -0.2260446243794568 0.4870584738481486
    outer loop
      vertex 0.0630444504226559 0.181 0.7035291427061512
      vertex 0.06438419638481152 0.176 0.7035291427061512
      vertex 0.07991333909096275 0.176 0.7304264068711928
    endloop
  endfacet
  facet normal -0.8436100229619508 -0.22604462437945458 0.4870584738481493
    outer loop
      vertex 0.0630444504226559 0.181 0.7035291427061512
      vertex 0.07991333909096275 0.176 0.7304264068711928
      vertex 0.07857359312880714 0.181 0.7304264068711928
    endloop
  endfacet
  facet normal -0.49557221983507815 -0.13278817609610738 0.8583562635740489
    outer loop
      vertex 0.07857359312880714 0.181 0.7304264068711928
      vertex 0.07991333909096275 0.176 0.7304264068711928
      vertex 0.10681060325600437 0.176 0.745955549577344
    endloop
  endfacet
  facet normal -0.4955722198350783 -0.13278817609610885 0.8583562635740487
    outer loop
      vertex 0.07857359312880714 0.181 0.7304264068711928
      vertex 0.10681060325600437 0.176 0.745955549577344
      vertex 0.10547085729384875 0.181 0.745955549577344
    endloop
  endfacet
  facet normal 0 0 1
    outer loop
      vertex 0.10547085729384875 0.181 0.745955549577344
      vertex 0.10681060325600437 0.176 0.745955549577344
      vertex 0.13518939674399563 0.176 0.745955549577344
    endloop
  endfacet
  facet normal 0 0 1
    outer loop
      vertex 0.10547085729384875 0.181 0.745955549577344
      vertex 0.13518939674399563 0.176 0.745955549577344
      vertex 0.1075513679174792 0.18876457135307562 0.745955549577344
    endloop
  endfacet
  facet normal 0 0 1
    outer loop
      vertex 0.13652914270615124 0.181 0.745955549577344
      vertex 0.1344486320825208 0.18876457135307562 0.745955549577344
      vertex 0.13518939674399563 0.176 0.745955549577344
    endloop
  endfacet
  facet normal -0.8436100229619506 0.2260446243794553 -0.4870584738481492
    outer loop
      vertex 0.07857359312880714 0.181 0.6455735931288071
      vertex 0.0630444504226559 0.181 0.6724708572938487
      vertex 0.08425765385825232 0.20221320343559643 0.6455735931288071
    endloop
  endfacet
  facet normal -0.8436100229619506 0.22604462437945588 -0.4870584738481487
    outer loop
      vertex 0.0630444504226559 0.181 0.6724708572938487
      vertex 0.07080902177573153 0.20997777478867205 0.6724708572938487
      vertex 0.08425765385825232 0.20221320343559643 0.6455735931288071
    endloop
  endfacet
  facet normal -0.9659258262890682 0.2588190451025211 0
    outer loop
      vertex 0.0630444504226559 0.181 0.6724708572938487
      vertex 0.0630444504226559 0.181 0.7035291427061512
      vertex 0.07080902177573153 0.20997777478867205 0.7035291427061512
    endloop
  endfacet
  facet normal -0.6175653985824952 0.6175653985824952 -0.4870584738481489
    outer loop
      vertex 0.08425765385825232 0.20221320343559643 0.6455735931288071
      vertex 0.07080902177573153 0.20997777478867205 0.6724708572938487
      vertex 0.09978679656440356 0.21774234614174767 0.6455735931288071
    endloop
  endfacet
  facet normal -0.9659258262890682 0.2588190451025211 0
    outer loop
      vertex 0.0630444504226559 0.181 0.6724708572938487
      vertex 0.07080902177573153 0.20997777478867205 0.7035291427061512
      vertex 0.07080902177573153 0.20997777478867205 0.6724708572938487
    endloop
  endfacet
  facet normal -0.7071067811865476 0.7071067811865476 0
    outer loop
      vertex 0.07080902177573153 0.20997777478867205 0.6724708572938487
      vertex 0.07080902177573153 0.20997777478867205 0.7035291427061512
      vertex 0.09202222521132794 0.23119097822426846 0.7035291427061512
    endloop
  endfacet
  facet normal -0.7071067811865476 0.7071067811865476 0
    outer loop
      vertex 0.07080902177573153 0.20997777478867205 0.6724708572938487
      vertex 0.09202222521132794 0.23119097822426846 0.7035291427061512
      vertex 0.09202222521132794 0.23119097822426846 0.6724708572938487
    endloop
  endfacet
  facet normal 0 0 -1
    outer loop
      vertex 0.1075513679174792 0.18876457135307562 0.6300444504226559
      vertex 0.11323542864692437 0.1944486320825208 0.6300444504226559
      vertex 0.10681060325600437 0.176 0.6300444504226559
    endloop
  endfacet
  facet normal 0 0 -1
    outer loop
      vertex 0.11323542864692437 0.1944486320825208 0.6300444504226559
      vertex 0.121 0.19652914270615124 0.6300444504226559
      vertex 0.10681060325600437 0.176 0.6300444504226559
    endloop
  endfacet
  facet normal 0 0 -1
    outer loop
      vertex 0.1344486320825208 0.18876457135307562 0.6300444504226559
      vertex 0.10681060325600437 0.176 0.6300444504226559
      vertex 0.12876457135307562 0.1944486320825208 0.6300444504226559
    endloop
  endfacet
  facet normal 0 0 -1
    outer loop
      vertex 0.121 0.19652914270615124 0.6300444504226559
      vertex 0.12876457135307562 0.1944486320825208 0.6300444504226559
      vertex 0.10681060325600437 0.176 0.6300444504226559
    endloop
  endfacet
  facet normal -0.4955722198350783 0.1327881760961079 -0.8583562635740488
    outer loop
      vertex 0.07857359312880714 0.181 0.6455735931288071
      vertex 0.08425765385825232 0.20221320343559643 0.6455735931288071
      vertex 0.10547085729384875 0.181 0.6300444504226559
    endloop
  endfacet
  facet normal -0.4955722198350781 0.13278817609610818 -0.8583562635740489
    outer loop
      vertex 0.08425765385825232 0.20221320343559643 0.6455735931288071
      vertex 0.1075513679174792 0.18876457135307562 0.6300444504226559
      vertex 0.10547085729384875 0.181 0.6300444504226559
    endloop
  endfacet
  facet normal -0.36278404373897016 0.36278404373897016 -0.8583562635740489
    outer loop
      vertex 0.08425765385825232 0.20221320343559643 0.6455735931288071
      vertex 0.09978679656440356 0.21774234614174767 0.6455735931288071
      vertex 0.1075513679174792 0.18876457135307562 0.6300444504226559
    endloop
  endfacet
  facet normal -0.3627840437389708 0.3627840437389699 -0.8583562635740487
    outer loop
      vertex 0.1075513679174792 0.18876457135307562 0.6300444504226559
      vertex 0.09978679656440356 0.21774234614174767 0.6455735931288071
      vertex 0.11323542864692437 0.1944486320825208 0.6300444504226559
    endloop
  endfacet
  facet normal -0.13278817609610735 0.49557221983507815 -0.858356263574049
    outer loop
      vertex 0.11323542864692437 0.1944486320825208 0.6300444504226559
      vertex 0.121 0.22342640687119286 0.6455735931288071
      vertex 0.121 0.19652914270615124 0.6300444504226559
    endloop
  endfacet
  facet normal 0.1327881760961075 0.49557221983507865 -0.8583562635740486
    outer loop
      vertex 0.121 0.19652914270615124 0.6300444504226559
      vertex 0.14221320343559643 0.21774234614174767 0.6455735931288071
      vertex 0.12876457135307562 0.1944486320825208 0.6300444504226559
    endloop
  endfacet
  facet normal 0.3627840437389703 0.3627840437389703 -0.8583562635740487
    outer loop
      vertex 0.1344486320825208 0.18876457135307562 0.6300444504226559
      vertex 0.12876457135307562 0.1944486320825208 0.6300444504226559
      vertex 0.14221320343559643 0.21774234614174767 0.6455735931288071
    endloop
  endfacet
  facet normal -0.6175653985824952 0.6175653985824952 -0.4870584738481488
    outer loop
      vertex 0.07080902177573153 0.20997777478867205 0.6724708572938487
      vertex 0.09202222521132794 0.23119097822426846 0.6724708572938487
      vertex 0.09978679656440356 0.21774234614174767 0.6455735931288071
    endloop
  endfacet
  facet normal -0.13278817609610827 0.49557221983507826 -0.8583562635740487
    outer loop
      vertex 0.11323542864692437 0.1944486320825208 0.6300444504226559
      vertex 0.09978679656440356 0.21774234614174767 0.6455735931288071
      vertex 0.121 0.22342640687119286 0.6455735931288071
    endloop
  endfacet
  facet normal -0.22604462437945622 0.8436100229619504 -0.4870584738481488
    outer loop
      vertex 0.09978679656440356 0.21774234614174767 0.6455735931288071
      vertex 0.09202222521132794 0.23119097822426846 0.6724708572938487
      vertex 0.121 0.2389555495773441 0.6724708572938487
    endloop
  endfacet
  facet normal -0.2588190451025215 0.9659258262890681 0
    outer loop
      vertex 0.09202222521132794 0.23119097822426846 0.6724708572938487
      vertex 0.09202222521132794 0.23119097822426846 0.7035291427061512
      vertex 0.121 0.2389555495773441 0.6724708572938487
    endloop
  endfacet
  facet normal -0.2588190451025215 0.9659258262890681 0
    outer loop
      vertex 0.09202222521132794 0.23119097822426846 0.7035291427061512
      vertex 0.121 0.2389555495773441 0.7035291427061512
      vertex 0.121 0.2389555495773441 0.6724708572938487
    endloop
  endfacet
  facet normal 0.13278817609610813 0.4955722198350781 -0.8583562635740488
    outer loop
      vertex 0.121 0.19652914270615124 0.6300444504226559
      vertex 0.121 0.22342640687119286 0.6455735931288071
      vertex 0.14221320343559643 0.21774234614174767 0.6455735931288071
    endloop
  endfacet
  facet normal -0.22604462437945583 0.8436100229619504 -0.4870584738481492
    outer loop
      vertex 0.09978679656440356 0.21774234614174767 0.6455735931288071
      vertex 0.121 0.2389555495773441 0.6724708572938487
      vertex 0.121 0.22342640687119286 0.6455735931288071
    endloop
  endfacet
  facet normal 0.22604462437945583 0.8436100229619504 -0.4870584738481491
    outer loop
      vertex 0.121 0.22342640687119286 0.6455735931288071
      vertex 0.121 0.2389555495773441 0.6724708572938487
      vertex 0.14221320343559643 0.21774234614174767 0.6455735931288071
    endloop
  endfacet
  facet normal 0.22604462437945624 0.8436100229619505 -0.4870584738481488
    outer loop
      vertex 0.121 0.2389555495773441 0.6724708572938487
      vertex 0.14997777478867205 0.23119097822426846 0.6724708572938487
      vertex 0.14221320343559643 0.21774234614174767 0.6455735931288071
    endloop
  endfacet
  facet normal 0.2588190451025215 0.9659258262890681 0
    outer loop
      vertex 0.121 0.2389555495773441 0.6724708572938487
      vertex 0.121 0.2389555495773441 0.7035291427061512
      vertex 0.14997777478867205 0.23119097822426846 0.6724708572938487
    endloop
  endfacet
  facet normal -0.8436100229619506 0.22604462437945538 0.4870584738481492
    outer loop
      vertex 0.0630444504226559 0.181 0.7035291427061512
      vertex 0.07857359312880714 0.181 0.7304264068711928
      vertex 0.08425765385825232 0.20221320343559643 0.7304264068711928
    endloop
  endfacet
  facet normal -0.8436100229619506 0.22604462437945588 0.4870584738481487
    outer loop
      vertex 0.0630444504226559 0.181 0.7035291427061512
      vertex 0.08425765385825232 0.20221320343559643 0.7304264068711928
      vertex 0.07080902177573153 0.20997777478867205 0.7035291427061512
    endloop
  endfacet
  facet normal -0.6175653985824952 0.6175653985824952 0.4870584738481489
    outer loop
      vertex 0.08425765385825232 0.20221320343559643 0.7304264068711928
      vertex 0.09978679656440356 0.21774234614174767 0.7304264068711928
      vertex 0.07080902177573153 0.20997777478867205 0.7035291427061512
    endloop
  endfacet
  facet normal -0.4955722198350783 0.1327881760961079 0.8583562635740488
    outer loop
      vertex 0.07857359312880714 0.181 0.7304264068711928
      vertex 0.10547085729384875 0.181 0.745955549577344
      vertex 0.08425765385825232 0.20221320343559643 0.7304264068711928
    endloop
  endfacet
  facet normal -0.4955722198350781 0.13278817609610818 0.8583562635740489
    outer loop
      vertex 0.08425765385825232 0.20221320343559643 0.7304264068711928
      vertex 0.10547085729384875 0.181 0.745955549577344
      vertex 0.1075513679174792 0.18876457135307562 0.745955549577344
    endloop
  endfacet
  facet normal -0.36278404373897016 0.36278404373897016 0.8583562635740489
    outer loop
      vertex 0.08425765385825232 0.20221320343559643 0.7304264068711928
      vertex 0.1075513679174792 0.18876457135307562 0.745955549577344
      vertex 0.09978679656440356 0.21774234614174767 0.7304264068711928
    endloop
  endfacet
  facet normal -0.3627840437389708 0.3627840437389699 0.8583562635740487
    outer loop
      vertex 0.1075513679174792 0.18876457135307562 0.745955549577344
      vertex 0.11323542864692437 0.1944486320825208 0.745955549577344
      vertex 0.09978679656440356 0.21774234614174767 0.7304264068711928
    endloop
  endfacet
  facet normal 0 0 1
    outer loop
      vertex 0.1075513679174792 0.18876457135307562 0.745955549577344
      vertex 0.13518939674399563 0.176 0.745955549577344
      vertex 0.11323542864692437 0.1944486320825208 0.745955549577344
    endloop
  endfacet
  facet normal 0 0 1
    outer loop
      vertex 0.11323542864692437 0.1944486320825208 0.745955549577344
      vertex 0.13518939674399563 0.176 0.745955549577344
      vertex 0.121 0.19652914270615124 0.745955549577344
    endloop
  endfacet
  facet normal 0 0 1
    outer loop
      vertex 0.121 0.19652914270615124 0.745955549577344
      vertex 0.13518939674399563 0.176 0.745955549577344
      vertex 0.12876457135307562 0.1944486320825208 0.745955549577344
    endloop
  endfacet
  facet normal 0 0 1
    outer loop
      vertex 0.1344486320825208 0.18876457135307562 0.745955549577344
      vertex 0.12876457135307562 0.1944486320825208 0.745955549577344
      vertex 0.13518939674399563 0.176 0.745955549577344
    endloop
  endfacet
  facet normal -0.13278817609610735 0.49557221983507815 0.858356263574049
    outer loop
      vertex 0.11323542864692437 0.1944486320825208 0.745955549577344
      vertex 0.121 0.19652914270615124 0.745955549577344
      vertex 0.121 0.22342640687119286 0.7304264068711928
    endloop
  endfacet
  facet normal 0.13278817609610735 0.49557221983507815 0.8583562635740489
    outer loop
      vertex 0.121 0.19652914270615124 0.745955549577344
      vertex 0.12876457135307562 0.1944486320825208 0.745955549577344
      vertex 0.121 0.22342640687119286 0.7304264068711928
    endloop
  endfacet
  facet normal 0.3627840437389703 0.3627840437389703 0.8583562635740487
    outer loop
      vertex 0.1344486320825208 0.18876457135307562 0.745955549577344
      vertex 0.14221320343559643 0.21774234614174767 0.7304264068711928
      vertex 0.12876457135307562 0.1944486320825208 0.745955549577344
    endloop
  endfacet
  facet normal -0.6175653985824952 0.6175653985824952 0.4870584738481488
    outer loop
      vertex 0.07080902177573153 0.20997777478867205 0.7035291427061512
      vertex 0.09978679656440356 0.21774234614174767 0.7304264068711928
      vertex 0.09202222521132794 0.23119097822426846 0.7035291427061512
    endloop
  endfacet
  facet normal -0.13278817609610827 0.49557221983507826 0.8583562635740487
    outer loop
      vertex 0.11323542864692437 0.1944486320825208 0.745955549577344
      vertex 0.121 0.22342640687119286 0.7304264068711928
      vertex 0.09978679656440356 0.21774234614174767 0.7304264068711928
    endloop
  endfacet
  facet normal -0.22604462437945624 0.8436100229619505 0.4870584738481488
    outer loop
      vertex 0.09202222521132794 0.23119097822426846 0.7035291427061512
      vertex 0.09978679656440356 0.21774234614174767 0.7304264068711928
      vertex 0.121 0.2389555495773441 0.7035291427061512
    endloop
  endfacet
  facet normal 0.13278817609610827 0.49557221983507826 0.8583562635740487
    outer loop
      vertex 0.12876457135307562 0.1944486320825208 0.745955549577344
      vertex 0.14221320343559643 0.21774234614174767 0.7304264068711928
      vertex 0.121 0.22342640687119286 0.7304264068711928
    endloop
  endfacet
  facet normal -0.22604462437945583 0.8436100229619504 0.4870584738481491
    outer loop
      vertex 0.121 0.2389555495773441 0.7035291427061512
      vertex 0.09978679656440356 0.21774234614174767 0.7304264068711928
      vertex 0.121 0.22342640687119286 0.7304264068711928
    endloop
  endfacet
  facet normal 0.22604462437945583 0.8436100229619504 0.4870584738481491
    outer loop
      vertex 0.121 0.2389555495773441 0.7035291427061512
      vertex 0.121 0.22342640687119286 0.7304264068711928
      vertex 0.14221320343559643 0.21774234614174767 0.7304264068711928
    endloop
  endfacet
  facet normal 0.22604462437945624 0.8436100229619505 0.4870584738481488
    outer loop
      vertex 0.121 0.2389555495773441 0.7035291427061512
      vertex 0.14221320343559643 0.21774234614174767 0.7304264068711928
      vertex 0.14997777478867205 0.23119097822426846 0.7035291427061512
    endloop
  endfacet
  facet normal 0.49557221983507815 -0.13278817609610738 -0.8583562635740489
    outer loop
      vertex 0.13652914270615124 0.181 0.6300444504226559
      vertex 0.16342640687119286 0.181 0.6455735931288071
      vertex 0.13518939674399563 0.176 0.6300444504226559
    endloop
  endfacet
  facet normal 0.49557221983507815 -0.13278817609610738 -0.8583562635740489
    outer loop
      vertex 0.16342640687119286 0.181 0.6455735931288071
      vertex 0.16208666090903726 0.176 0.6455735931288071
      vertex 0.13518939674399563 0.176 0.6300444504226559
    endloop
  endfacet
  facet normal 0.8436100229619508 -0.22604462437945452 -0.4870584738481492
    outer loop
      vertex 0.1789555495773441 0.181 0.6724708572938487
      vertex 0.1776158036151885 0.176 0.6724708572938487
      vertex 0.16208666090903726 0.176 0.6455735931288071
    endloop
  endfacet
  facet normal 0.8436100229619508 -0.22604462437945452 -0.4870584738481493
    outer loop
      vertex 0.16342640687119286 0.181 0.6455735931288071
      vertex 0.1789555495773441 0.181 0.6724708572938487
      vertex 0.16208666090903726 0.176 0.6455735931288071
    endloop
  endfacet
  facet normal 0.9659258262890685 -0.25881904510251963 0
    outer loop
      vertex 0.1789555495773441 0.181 0.7035291427061512
      vertex 0.1776158036151885 0.176 0.7035291427061512
      vertex 0.1776158036151885 0.176 0.6724708572938487
    endloop
  endfacet
  facet normal 0.9659258262890685 -0.25881904510251963 0
    outer loop
      vertex 0.1789555495773441 0.181 0.6724708572938487
      vertex 0.1789555495773441 0.181 0.7035291427061512
      vertex 0.1776158036151885 0.176 0.6724708572938487
    endloop
  endfacet
  facet normal 0.49557221983507815 -0.13278817609610744 0.8583562635740489
    outer loop
      vertex 0.13652914270615124 0.181 0.745955549577344
      vertex 0.16208666090903726 0.176 0.7304264068711928
      vertex 0.16342640687119286 0.181 0.7304264068711928
    endloop
  endfacet
  facet normal 0.49557221983507815 -0.13278817609610738 0.8583562635740489
    outer loop
      vertex 0.13652914270615124 0.181 0.745955549577344
      vertex 0.13518939674399563 0.176 0.745955549577344
      vertex 0.16208666090903726 0.176 0.7304264068711928
    endloop
  endfacet
  facet normal 0.8436100229619508 -0.22604462437945452 0.4870584738481493
    outer loop
      vertex 0.16342640687119286 0.181 0.7304264068711928
      vertex 0.16208666090903726 0.176 0.7304264068711928
      vertex 0.1776158036151885 0.176 0.7035291427061512
    endloop
  endfacet
  facet normal 0.8436100229619508 -0.22604462437945452 0.4870584738481493
    outer loop
      vertex 0.1789555495773441 0.181 0.7035291427061512
      vertex 0.16342640687119286 0.181 0.7304264068711928
      vertex 0.1776158036151885 0.176 0.7035291427061512
    endloop
  endfacet
  facet normal 0.49557221983507865 0.1327881760961075 -0.8583562635740486
    outer loop
      vertex 0.13652914270615124 0.181 0.6300444504226559
      vertex 0.1344486320825208 0.18876457135307562 0.6300444504226559
      vertex 0.15774234614174767 0.20221320343559643 0.6455735931288071
    endloop
  endfacet
  facet normal 0.4955722198350781 0.13278817609610813 -0.8583562635740488
    outer loop
      vertex 0.13652914270615124 0.181 0.6300444504226559
      vertex 0.15774234614174767 0.20221320343559643 0.6455735931288071
      vertex 0.16342640687119286 0.181 0.6455735931288071
    endloop
  endfacet
  facet normal 0.3627840437389703 0.3627840437389702 -0.8583562635740487
    outer loop
      vertex 0.1344486320825208 0.18876457135307562 0.6300444504226559
      vertex 0.14221320343559643 0.21774234614174767 0.6455735931288071
      vertex 0.15774234614174767 0.20221320343559643 0.6455735931288071
    endloop
  endfacet
  facet normal 0.6175653985824952 0.6175653985824952 -0.4870584738481489
    outer loop
      vertex 0.15774234614174767 0.20221320343559643 0.6455735931288071
      vertex 0.14221320343559643 0.21774234614174767 0.6455735931288071
      vertex 0.17119097822426846 0.20997777478867205 0.6724708572938487
    endloop
  endfacet
  facet normal 0.8436100229619504 0.22604462437945583 -0.4870584738481491
    outer loop
      vertex 0.16342640687119286 0.181 0.6455735931288071
      vertex 0.15774234614174767 0.20221320343559643 0.6455735931288071
      vertex 0.1789555495773441 0.181 0.6724708572938487
    endloop
  endfacet
  facet normal 0.8436100229619505 0.22604462437945624 -0.4870584738481488
    outer loop
      vertex 0.1789555495773441 0.181 0.6724708572938487
      vertex 0.15774234614174767 0.20221320343559643 0.6455735931288071
      vertex 0.17119097822426846 0.20997777478867205 0.6724708572938487
    endloop
  endfacet
  facet normal 0.9659258262890681 0.2588190451025215 0
    outer loop
      vertex 0.1789555495773441 0.181 0.6724708572938487
      vertex 0.17119097822426846 0.20997777478867205 0.6724708572938487
      vertex 0.1789555495773441 0.181 0.7035291427061512
    endloop
  endfacet
  facet normal 0.9659258262890681 0.2588190451025215 0
    outer loop
      vertex 0.1789555495773441 0.181 0.7035291427061512
      vertex 0.17119097822426846 0.20997777478867205 0.6724708572938487
      vertex 0.17119097822426846 0.20997777478867205 0.7035291427061512
    endloop
  endfacet
  facet normal 0.6175653985824952 0.6175653985824953 -0.4870584738481489
    outer loop
      vertex 0.14221320343559643 0.21774234614174767 0.6455735931288071
      vertex 0.14997777478867205 0.23119097822426846 0.6724708572938487
      vertex 0.17119097822426846 0.20997777478867205 0.6724708572938487
    endloop
  endfacet
  facet normal 0.7071067811865476 0.7071067811865476 0
    outer loop
      vertex 0.17119097822426846 0.20997777478867205 0.6724708572938487
      vertex 0.14997777478867205 0.23119097822426846 0.6724708572938487
      vertex 0.17119097822426846 0.20997777478867205 0.7035291427061512
    endloop
  endfacet
  facet normal 0.7071067811865476 0.7071067811865476 0
    outer loop
      vertex 0.17119097822426846 0.20997777478867205 0.7035291427061512
      vertex 0.14997777478867205 0.23119097822426846 0.6724708572938487
      vertex 0.14997777478867205 0.23119097822426846 0.7035291427061512
    endloop
  endfacet
  facet normal 0.2588190451025215 0.9659258262890681 0
    outer loop
      vertex 0.121 0.2389555495773441 0.7035291427061512
      vertex 0.14997777478867205 0.23119097822426846 0.7035291427061512
      vertex 0.14997777478867205 0.23119097822426846 0.6724708572938487
    endloop
  endfacet
  facet normal 0.4955722198350781 0.13278817609610813 0.8583562635740488
    outer loop
      vertex 0.13652914270615124 0.181 0.745955549577344
      vertex 0.16342640687119286 0.181 0.7304264068711928
      vertex 0.15774234614174767 0.20221320343559643 0.7304264068711928
    endloop
  endfacet
  facet normal 0.49557221983507865 0.1327881760961075 0.8583562635740486
    outer loop
      vertex 0.13652914270615124 0.181 0.745955549577344
      vertex 0.15774234614174767 0.20221320343559643 0.7304264068711928
      vertex 0.1344486320825208 0.18876457135307562 0.745955549577344
    endloop
  endfacet
  facet normal 0.3627840437389703 0.3627840437389702 0.8583562635740487
    outer loop
      vertex 0.1344486320825208 0.18876457135307562 0.745955549577344
      vertex 0.15774234614174767 0.20221320343559643 0.7304264068711928
      vertex 0.14221320343559643 0.21774234614174767 0.7304264068711928
    endloop
  endfacet
  facet normal 0.6175653985824952 0.6175653985824952 0.4870584738481489
    outer loop
      vertex 0.15774234614174767 0.20221320343559643 0.7304264068711928
      vertex 0.17119097822426846 0.20997777478867205 0.7035291427061512
      vertex 0.14221320343559643 0.21774234614174767 0.7304264068711928
    endloop
  endfacet
  facet normal 0.8436100229619504 0.22604462437945583 0.4870584738481491
    outer loop
      vertex 0.1789555495773441 0.181 0.7035291427061512
      vertex 0.15774234614174767 0.20221320343559643 0.7304264068711928
      vertex 0.16342640687119286 0.181 0.7304264068711928
    endloop
  endfacet
  facet normal 0.8436100229619505 0.22604462437945624 0.4870584738481488
    outer loop
      vertex 0.1789555495773441 0.181 0.7035291427061512
      vertex 0.17119097822426846 0.20997777478867205 0.7035291427061512
      vertex 0.15774234614174767 0.20221320343559643 0.7304264068711928
    endloop
  endfacet
  facet normal 0.6175653985824952 0.6175653985824952 0.4870584738481488
    outer loop
      vertex 0.17119097822426846 0.20997777478867205 0.7035291427061512
      vertex 0.14997777478867205 0.23119097822426846 0.7035291427061512
      vertex 0.14221320343559643 0.21774234614174767 0.7304264068711928
    endloop
  endfacet
  facet normal -1 0 0
    outer loop
      vertex -0.298 -0.195 0.223
      vertex -0.298 -0.051 0.2857007360677836
      vertex -0.298 -0.051 0.223
    endloop
  endfacet
  facet normal -1 0 0
    outer loop
      vertex -0.298 -0.195 0.223
      vertex -0.298 -0.047 0.298
      vertex -0.298 -0.051 0.2857007360677836
    endloop
  endfacet
  facet normal 0 0 -1
    outer loop
      vertex -0.298 -0.195 0.223
      vertex -0.298 -0.051 0.223
      vertex -0.11275510805493212 -0.051 0.223
    endloop
  endfacet
  facet normal -1 0 0
    outer loop
      vertex -0.298 -0.195 0.223
      vertex -0.298 -0.195 0.539
      vertex -0.298 -0.047 0.539
    endloop
  endfacet
  facet normal -1 0 0
    outer loop
      vertex -0.298 -0.195 0.223
      vertex -0.298 -0.047 0.539
      vertex -0.298 -0.047 0.298
    endloop
  endfacet
  facet normal 0 0 1
    outer loop
      vertex -0.298 -0.195 0.539
      vertex -0.27 -0.047 0.539
      vertex -0.298 -0.047 0.539
    endloop
  endfacet
  facet normal -1 0 0
    outer loop
      vertex -0.298 -0.047 0.298
      vertex -0.298 0.051 0.2857007360677836
      vertex -0.298 -0.051 0.2857007360677836
    endloop
  endfacet
  facet normal -1 0 0
    outer loop
      vertex -0.298 -0.047 0.298
      vertex -0.298 0.046 0.298
      vertex -0.298 0.051 0.2857007360677836
    endloop
  endfacet
  facet normal 0 -1 0
    outer loop
      vertex -0.298 -0.195 0.223
      vertex 0.297 -0.195 0.539
      vertex -0.298 -0.195 0.539
    endloop
  endfacet
  facet normal 0 0 1
    outer loop
      vertex -0.298 -0.195 0.539
      vertex 0.297 -0.195 0.539
      vertex -0.27 -0.047 0.539
    endloop
  endfacet
  facet normal 0 0 -1
    outer loop
      vertex -0.298 -0.195 0.223
      vertex 0.11275510805493212 0.051 0.223
      vertex 0.11275510805493212 -0.051 0.223
    endloop
  endfacet
  facet normal 0 0 -1
    outer loop
      vertex -0.298 -0.195 0.223
      vertex -0.11275510805493212 -0.051 0.223
      vertex 0.297 0.196 0.223
    endloop
  endfacet
  facet normal 0 0 1
    outer loop
      vertex 0.297 -0.195 0.539
      vertex -0.27 0.046 0.539
      vertex -0.27 -0.047 0.539
    endloop
  endfacet
  facet normal 0 0 1
    outer loop
      vertex -0.298 0.196 0.539
      vertex -0.27 0.046 0.539
      vertex 0.297 -0.195 0.539
    endloop
  endfacet
  facet normal -1 0 0
    outer loop
      vertex -0.298 0.196 0.223
      vertex -0.298 0.051 0.223
      vertex -0.298 0.051 0.2857007360677836
    endloop
  endfacet
  facet normal -1 0 0
    outer loop
      vertex -0.298 0.196 0.223
      vertex -0.298 0.051 0.2857007360677836
      vertex -0.298 0.046 0.298
    endloop
  endfacet
  facet normal 0 0 -1
    outer loop
      vertex -0.298 0.196 0.223
      vertex -0.11275510805493212 0.051 0.223
      vertex -0.298 0.051 0.223
    endloop
  endfacet
  facet normal -1 0 0
    outer loop
      vertex -0.298 0.196 0.539
      vertex -0.298 0.046 0.298
      vertex -0.298 0.046 0.539
    endloop
  endfacet
  facet normal 0 0 1
    outer loop
      vertex -0.298 0.196 0.539
      vertex -0.298 0.046 0.539
      vertex -0.27 0.046 0.539
    endloop
  endfacet
  facet normal -1 0 0
    outer loop
      vertex -0.298 0.196 0.223
      vertex -0.298 0.046 0.298
      vertex -0.298 0.196 0.539
    endloop
  endfacet
  facet normal 0 0 -1
    outer loop
      vertex 0.297 0.196 0.223
      vertex -0.11275510805493212 -0.051 0.223
      vertex -0.11275510805493212 0.051 0.223
    endloop
  endfacet
  facet normal 0 0 -1
    outer loop
      vertex -0.298 0.196 0.223
      vertex 0.297 0.196 0.223
      vertex -0.11275510805493212 0.051 0.223
    endloop
  endfacet
  facet normal 0 1 0
    outer loop
      vertex -0.298 0.196 0.223
      vertex -0.298 0.196 0.539
      vertex 0.297 0.196 0.223
    endloop
  endfacet
  facet normal 0 0 -1
    outer loop
      vertex -0.298 -0.195 0.223
      vertex 0.11275510805493212 -0.051 0.223
      vertex 0.297 -0.195 0.223
    endloop
  endfacet
  facet normal 0 0 -1
    outer loop
      vertex 0.297 -0.195 0.223
      vertex 0.11275510805493212 -0.051 0.223
      vertex 0.297 -0.051 0.223
    endloop
  endfacet
  facet normal 0 -1 0
    outer loop
      vertex -0.298 -0.195 0.223
      vertex 0.297 -0.195 0.223
      vertex 0.297 -0.195 0.539
    endloop
  endfacet
  facet normal 0 0 -1
    outer loop
      vertex -0.298 -0.195 0.223
      vertex 0.297 0.196 0.223
      vertex 0.11275510805493212 0.051 0.223
    endloop
  endfacet
  facet normal 1 0 0
    outer loop
      vertex 0.297 -0.195 0.223
      vertex 0.297 -0.051 0.223
      vertex 0.297 -0.195 0.539
    endloop
  endfacet
  facet normal 1 0 0
    outer loop
      vertex 0.297 -0.195 0.539
      vertex 0.297 -0.051 0.223
      vertex 0.297 -0.051 0.2861149496301567
    endloop
  endfacet
  facet normal 1 0 0
    outer loop
      vertex 0.297 -0.195 0.539
      vertex 0.297 -0.051 0.2861149496301567
      vertex 0.297 0.051 0.2861149496301567
    endloop
  endfacet
  facet normal 1 0 0
    outer loop
      vertex 0.297 -0.195 0.539
      vertex 0.297 0.051 0.2861149496301567
      vertex 0.297 0.196 0.223
    endloop
  endfacet
  facet normal 0 0 -1
    outer loop
      vertex 0.297 0.196 0.223
      vertex 0.297 0.051 0.223
      vertex 0.11275510805493212 0.051 0.223
    endloop
  endfacet
  facet normal 0 0 1
    outer loop
      vertex -0.298 0.196 0.539
      vertex 0.297 -0.195 0.539
      vertex 0.297 0.196 0.539
    endloop
  endfacet
  facet normal 0 1 0
    outer loop
      vertex -0.298 0.196 0.539
      vertex 0.297 0.196 0.539
      vertex 0.297 0.196 0.223
    endloop
  endfacet
  facet normal 1 0 0
    outer loop
      vertex 0.297 0.196 0.223
      vertex 0.297 0.051 0.2861149496301567
      vertex 0.297 0.051 0.223
    endloop
  endfacet
  facet normal 1 0 0
    outer loop
      vertex 0.297 -0.195 0.539
      vertex 0.297 0.196 0.223
      vertex 0.297 0.196 0.539
    endloop
  endfacet
  facet normal -1 0 0
    outer loop
      vertex -0.112 0.2 0.316
      vertex -0.112 0.228 0.483
      vertex -0.112 0.228 0.316
    endloop
  endfacet
  facet normal -1 0 0
    outer loop
      vertex -0.112 0.2 0.316
      vertex -0.112 0.2 0.483
      vertex -0.112 0.228 0.483
    endloop
  endfacet
  facet normal 0 0 -1
    outer loop
      vertex -0.112 0.2 0.316
      vertex -0.112 0.228 0.316
      vertex 0.111 0.228 0.316
    endloop
  endfacet
  facet normal 0 1 0
    outer loop
      vertex -0.112 0.228 0.316
      vertex -0.112 0.228 0.483
      vertex 0.111 0.228 0.316
    endloop
  endfacet
  facet normal 0 -1 0
    outer loop
      vertex -0.112 0.2 0.316
      vertex 0.111 0.2 0.483
      vertex -0.112 0.2 0.483
    endloop
  endfacet
  facet normal 0 0 1
    outer loop
      vertex -0.112 0.2 0.483
      vertex 0.111 0.2 0.483
      vertex -0.112 0.228 0.483
    endloop
  endfacet
  facet normal 0 0 -1
    outer loop
      vertex -0.112 0.2 0.316
      vertex 0.111 0.228 0.316
      vertex 0.111 0.2 0.316
    endloop
  endfacet
  facet normal 0 -1 0
    outer loop
      vertex -0.112 0.2 0.316
      vertex 0.111 0.2 0.316
      vertex 0.111 0.2 0.483
    endloop
  endfacet
  facet normal 1 0 0
    outer loop
      vertex 0.111 0.2 0.316
      vertex 0.111 0.228 0.316
      vertex 0.111 0.2 0.483
    endloop
  endfacet
  facet normal 0 0 1
    outer loop
      vertex -0.112 0.228 0.483
      vertex 0.111 0.2 0.483
      vertex 0.111 0.228 0.483
    endloop
  endfacet
  facet normal 0 1 0
    outer loop
      vertex -0.112 0.228 0.483
      vertex 0.111 0.228 0.483
      vertex 0.111 0.228 0.316
    endloop
  endfacet
  facet normal 1 0 0
    outer loop
      vertex 0.111 0.2 0.483
      vertex 0.111 0.228 0.316
      vertex 0.111 0.228 0.483
    endloop
  endfacet
  facet normal -1 0 0
    outer loop
      vertex -0.242 -0.177 0.54
      vertex -0.242 -0.177 0.8560000000000001
      vertex -0.242 0.176 0.8560000000000001
    endloop
  endfacet
  facet normal 0 -1 0
    outer loop
      vertex -0.242 -0.177 0.54
      vertex 0.242 -0.177 0.8560000000000001
      vertex -0.242 -0.177 0.8560000000000001
    endloop
  endfacet
  facet normal 0 0 1
    outer loop
      vertex -0.242 -0.177 0.8560000000000001
      vertex 0.242 -0.177 0.8560000000000001
      vertex -0.008499999999999999 -0.014722431864335458 0.8560000000000001
    endloop
  endfacet
  facet normal 0 0 1
    outer loop
      vertex -0.242 -0.177 0.8560000000000001
      vertex -0.008499999999999999 -0.014722431864335458 0.8560000000000001
      vertex -0.012020815280171309 -0.012020815280171312 0.8560000000000001
    endloop
  endfacet
  facet normal 0 0 1
    outer loop
      vertex -0.242 -0.177 0.8560000000000001
      vertex -0.014722431864335457 -0.0085 0.8560000000000001
      vertex -0.016420739046914164 -0.004399923766742856 0.8560000000000001
    endloop
  endfacet
  facet normal 0 0 1
    outer loop
      vertex -0.242 -0.177 0.8560000000000001
      vertex -0.012020815280171309 -0.012020815280171312 0.8560000000000001
      vertex -0.014722431864335457 -0.0085 0.8560000000000001
    endloop
  endfacet
  facet normal 0 0 1
    outer loop
      vertex -0.242 -0.177 0.8560000000000001
      vertex -0.016420739046914164 -0.004399923766742856 0.8560000000000001
      vertex -0.017 0 0.8560000000000001
    endloop
  endfacet
  facet normal 0 0 1
    outer loop
      vertex -0.242 -0.177 0.8560000000000001
      vertex -0.017 0 0.8560000000000001
      vertex -0.016420739046914164 0.004399923766742851 0.8560000000000001
    endloop
  endfacet
  facet normal 0 0 1
    outer loop
      vertex -0.242 -0.177 0.8560000000000001
      vertex -0.016420739046914164 0.004399923766742851 0.8560000000000001
      vertex -0.014722431864335458 0.008499999999999999 0.8560000000000001
    endloop
  endfacet
  facet normal 0 0 1
    outer loop
      vertex -0.242 -0.177 0.8560000000000001
      vertex -0.014722431864335458 0.008499999999999999 0.8560000000000001
      vertex -0.242 0.176 0.8560000000000001
    endloop
  endfacet
  facet normal 0 0 -1
    outer loop
      vertex -0.242 -0.177 0.54
      vertex -0.242 0.176 0.54
      vertex 0.242 0.176 0.54
    endloop
  endfacet
  facet normal -1 0 0
    outer loop
      vertex -0.242 -0.177 0.54
      vertex -0.242 0.176 0.8560000000000001
      vertex -0.242 0.176 0.54
    endloop
  endfacet
  facet normal 0 1 0
    outer loop
      vertex -0.242 0.176 0.54
      vertex -0.1776158036151885 0.176 0.6724708572938487
      vertex -0.16208666090903726 0.176 0.6455735931288071
    endloop
  endfacet
  facet normal 0 1 0
    outer loop
      vertex -0.242 0.176 0.54
      vertex -0.16208666090903726 0.176 0.6455735931288071
      vertex -0.13518939674399563 0.176 0.6300444504226559
    endloop
  endfacet
  facet normal 0 1 0
    outer loop
      vertex -0.242 0.176 0.54
      vertex -0.242 0.176 0.8560000000000001
      vertex -0.1776158036151885 0.176 0.7035291427061512
    endloop
  endfacet
  facet normal 0 1 0
    outer loop
      vertex -0.242 0.176 0.54
      vertex -0.1776158036151885 0.176 0.7035291427061512
      vertex -0.1776158036151885 0.176 0.6724708572938487
    endloop
  endfacet
  facet normal 0 1 0
    outer loop
      vertex -0.242 0.176 0.8560000000000001
      vertex -0.16208666090903726 0.176 0.7304264068711928
      vertex -0.1776158036151885 0.176 0.7035291427061512
    endloop
  endfacet
  facet normal 0 1 0
    outer loop
      vertex -0.242 0.176 0.8560000000000001
      vertex -0.13518939674399563 0.176 0.745955549577344
      vertex -0.16208666090903726 0.176 0.7304264068711928
    endloop
  endfacet
  facet normal 0 0 1
    outer loop
      vertex -0.242 0.176 0.8560000000000001
      vertex -0.014722431864335458 0.008499999999999999 0.8560000000000001
      vertex -0.012020815280171312 0.012020815280171309 0.8560000000000001
    endloop
  endfacet
  facet normal 0 0 1
    outer loop
      vertex -0.242 0.176 0.8560000000000001
      vertex -0.012020815280171312 0.012020815280171309 0.8560000000000001
      vertex -0.008500000000000002 0.014722431864335455 0.8560000000000001
    endloop
  endfacet
  facet normal 0 0 1
    outer loop
      vertex -0.242 0.176 0.8560000000000001
      vertex -0.008500000000000002 0.014722431864335455 0.8560000000000001
      vertex 0.242 0.176 0.8560000000000001
    endloop
  endfacet
  facet normal 0 1 0
    outer loop
      vertex -0.242 0.176 0.54
      vertex -0.13518939674399563 0.176 0.6300444504226559
      vertex -0.10681060325600437 0.176 0.6300444504226559
    endloop
  endfacet
  facet normal 0 1 0
    outer loop
      vertex -0.242 0.176 0.8560000000000001
      vertex -0.10681060325600437 0.176 0.745955549577344
      vertex -0.13518939674399563 0.176 0.745955549577344
    endloop
  endfacet
  facet normal 0 1 0
    outer loop
      vertex -0.242 0.176 0.8560000000000001
      vertex 0.06438419638481152 0.176 0.6724708572938487
      vertex -0.10681060325600437 0.176 0.745955549577344
    endloop
  endfacet
  facet normal 0 1 0
    outer loop
      vertex -0.242 0.176 0.54
      vertex -0.10681060325600437 0.176 0.6300444504226559
      vertex 0.242 0.176 0.54
    endloop
  endfacet
  facet normal 0 1 0
    outer loop
      vertex -0.10681060325600437 0.176 0.6300444504226559
      vertex -0.07991333909096275 0.176 0.6455735931288071
      vertex 0.07991333909096275 0.176 0.6455735931288071
    endloop
  endfacet
  facet normal 0 1 0
    outer loop
      vertex -0.07991333909096275 0.176 0.6455735931288071
      vertex -0.06438419638481152 0.176 0.6724708572938487
      vertex 0.06438419638481152 0.176 0.6724708572938487
    endloop
  endfacet
  facet normal 0 1 0
    outer loop
      vertex -0.06438419638481152 0.176 0.7035291427061512
      vertex 0.06438419638481152 0.176 0.6724708572938487
      vertex -0.06438419638481152 0.176 0.6724708572938487
    endloop
  endfacet
  facet normal 0 1 0
    outer loop
      vertex -0.07991333909096275 0.176 0.7304264068711928
      vertex 0.06438419638481152 0.176 0.6724708572938487
      vertex -0.06438419638481152 0.176 0.7035291427061512
    endloop
  endfacet
  facet normal 0 1 0
    outer loop
      vertex -0.07991333909096275 0.176 0.6455735931288071
      vertex 0.06438419638481152 0.176 0.6724708572938487
      vertex 0.07991333909096275 0.176 0.6455735931288071
    endloop
  endfacet
  facet normal 0 1 0
    outer loop
      vertex -0.10681060325600437 0.176 0.745955549577344
      vertex 0.06438419638481152 0.176 0.6724708572938487
      vertex -0.07991333909096275 0.176 0.7304264068711928
    endloop
  endfacet
  facet normal 0 1 0
    outer loop
      vertex -0.242 0.176 0.8560000000000001
      vertex 0.06438419638481152 0.176 0.7035291427061512
      vertex 0.06438419638481152 0.176 0.6724708572938487
    endloop
  endfacet
  facet normal 0 1 0
    outer loop
      vertex -0.242 0.176 0.8560000000000001
      vertex 0.07991333909096275 0.176 0.7304264068711928
      vertex 0.06438419638481152 0.176 0.7035291427061512
    endloop
  endfacet
  facet normal 0 1 0
    outer loop
      vertex -0.242 0.176 0.8560000000000001
      vertex 0.10681060325600437 0.176 0.745955549577344
      vertex 0.07991333909096275 0.176 0.7304264068711928
    endloop
  endfacet
  facet normal 0 0 -1
    outer loop
      vertex -0.242 -0.177 0.54
      vertex 0.242 0.176 0.54
      vertex 0.242 -0.177 0.54
    endloop
  endfacet
  facet normal 0 -1 0
    outer loop
      vertex -0.242 -0.177 0.54
      vertex 0.242 -0.177 0.54
      vertex 0.242 -0.177 0.8560000000000001
    endloop
  endfacet
  facet normal 1 0 0
    outer loop
      vertex 0.242 -0.177 0.54
      vertex 0.242 0.176 0.54
      vertex 0.242 -0.177 0.8560000000000001
    endloop
  endfacet
  facet normal 0 0 1
    outer loop
      vertex 0.242 -0.177 0.8560000000000001
      vertex -0.004399923766742851 -0.016420739046914164 0.8560000000000001
      vertex -0.008499999999999999 -0.014722431864335458 0.8560000000000001
    endloop
  endfacet
  facet normal 0 0 1
    outer loop
      vertex 0.242 -0.177 0.8560000000000001
      vertex 2.7711310853799455e-18 -0.017 0.8560000000000001
      vertex -0.004399923766742851 -0.016420739046914164 0.8560000000000001
    endloop
  endfacet
  facet normal 0 0 1
    outer loop
      vertex 0.242 -0.177 0.8560000000000001
      vertex 0.004399923766742856 -0.016420739046914164 0.8560000000000001
      vertex 2.7711310853799455e-18 -0.017 0.8560000000000001
    endloop
  endfacet
  facet normal 0 0 1
    outer loop
      vertex 0.242 -0.177 0.8560000000000001
      vertex 0.008500000000000002 -0.014722431864335455 0.8560000000000001
      vertex 0.004399923766742856 -0.016420739046914164 0.8560000000000001
    endloop
  endfacet
  facet normal 0 0 1
    outer loop
      vertex 0.242 -0.177 0.8560000000000001
      vertex 0.012020815280171312 -0.012020815280171309 0.8560000000000001
      vertex 0.008500000000000002 -0.014722431864335455 0.8560000000000001
    endloop
  endfacet
  facet normal 0 0 1
    outer loop
      vertex 0.242 -0.177 0.8560000000000001
      vertex 0.014722431864335458 -0.008499999999999999 0.8560000000000001
      vertex 0.012020815280171312 -0.012020815280171309 0.8560000000000001
    endloop
  endfacet
  facet normal 0 0 1
    outer loop
      vertex 0.242 -0.177 0.8560000000000001
      vertex 0.242 0.176 0.8560000000000001
      vertex 0.014722431864335458 -0.008499999999999999 0.8560000000000001
    endloop
  endfacet
  facet normal 1 0 0
    outer loop
      vertex 0.242 -0.177 0.8560000000000001
      vertex 0.242 0.176 0.54
      vertex 0.242 0.176 0.8560000000000001
    endloop
  endfacet
  facet normal 0 0 1
    outer loop
      vertex 0.242 0.176 0.8560000000000001
      vertex -0.008500000000000002 0.014722431864335455 0.8560000000000001
      vertex -0.004399923766742856 0.016420739046914164 0.8560000000000001
    endloop
  endfacet
  facet normal 0 0 1
    outer loop
      vertex 0.242 0.176 0.8560000000000001
      vertex 0.004399923766742851 0.016420739046914164 0.8560000000000001
      vertex 0.008499999999999999 0.014722431864335458 0.8560000000000001
    endloop
  endfacet
  facet normal 0 0 1
    outer loop
      vertex 0.242 0.176 0.8560000000000001
      vertex -0.004399923766742856 0.016420739046914164 0.8560000000000001
      vertex -2.7711310853799455e-18 0.017 0.8560000000000001
    endloop
  endfacet
  facet normal 0 0 1
    outer loop
      vertex 0.242 0.176 0.8560000000000001
      vertex -2.7711310853799455e-18 0.017 0.8560000000000001
      vertex 0.004399923766742851 0.016420739046914164 0.8560000000000001
    endloop
  endfacet
  facet normal 0 0 1
    outer loop
      vertex 0.242 0.176 0.8560000000000001
      vertex 0.016420739046914164 -0.004399923766742851 0.8560000000000001
      vertex 0.014722431864335458 -0.008499999999999999 0.8560000000000001
    endloop
  endfacet
  facet normal 0 0 1
    outer loop
      vertex 0.242 0.176 0.8560000000000001
      vertex 0.017 0 0.8560000000000001
      vertex 0.016420739046914164 -0.004399923766742851 0.8560000000000001
    endloop
  endfacet
  facet normal 0 0 1
    outer loop
      vertex 0.242 0.176 0.8560000000000001
      vertex 0.016420739046914164 0.004399923766742856 0.8560000000000001
      vertex 0.017 0 0.8560000000000001
    endloop
  endfacet
  facet normal 0 0 1
    outer loop
      vertex 0.242 0.176 0.8560000000000001
      vertex 0.014722431864335457 0.0085 0.8560000000000001
      vertex 0.016420739046914164 0.004399923766742856 0.8560000000000001
    endloop
  endfacet
  facet normal 0 0 1
    outer loop
      vertex 0.242 0.176 0.8560000000000001
      vertex 0.012020815280171309 0.012020815280171312 0.8560000000000001
      vertex 0.014722431864335457 0.0085 0.8560000000000001
    endloop
  endfacet
  facet normal 0 0 1
    outer loop
      vertex 0.242 0.176 0.8560000000000001
      vertex 0.008499999999999999 0.014722431864335458 0.8560000000000001
      vertex 0.012020815280171309 0.012020815280171312 0.8560000000000001
    endloop
  endfacet
  facet normal 0 1 0
    outer loop
      vertex 0.242 0.176 0.54
      vertex -0.10681060325600437 0.176 0.6300444504226559
      vertex 0.07991333909096275 0.176 0.6455735931288071
    endloop
  endfacet
  facet normal 0 1 0
    outer loop
      vertex -0.242 0.176 0.8560000000000001
      vertex 0.242 0.176 0.8560000000000001
      vertex 0.10681060325600437 0.176 0.745955549577344
    endloop
  endfacet
  facet normal 0 1 0
    outer loop
      vertex 0.242 0.176 0.54
      vertex 0.07991333909096275 0.176 0.6455735931288071
      vertex 0.10681060325600437 0.176 0.6300444504226559
    endloop
  endfacet
  facet normal 0 1 0
    outer loop
      vertex 0.242 0.176 0.54
      vertex 0.10681060325600437 0.176 0.6300444504226559
      vertex 0.13518939674399563 0.176 0.6300444504226559
    endloop
  endfacet
  facet normal 0 1 0
    outer loop
      vertex 0.242 0.176 0.54
      vertex 0.13518939674399563 0.176 0.6300444504226559
      vertex 0.16208666090903726 0.176 0.6455735931288071
    endloop
  endfacet
  facet normal 0 1 0
    outer loop
      vertex 0.242 0.176 0.54
      vertex 0.16208666090903726 0.176 0.6455735931288071
      vertex 0.1776158036151885 0.176 0.6724708572938487
    endloop
  endfacet
  facet normal 0 1 0
    outer loop
      vertex 0.242 0.176 0.54
      vertex 0.1776158036151885 0.176 0.6724708572938487
      vertex 0.1776158036151885 0.176 0.7035291427061512
    endloop
  endfacet
  facet normal 0 1 0
    outer loop
      vertex 0.242 0.176 0.54
      vertex 0.1776158036151885 0.176 0.7035291427061512
      vertex 0.242 0.176 0.8560000000000001
    endloop
  endfacet
  facet normal 0 1 0
    outer loop
      vertex 0.242 0.176 0.8560000000000001
      vertex 0.13518939674399563 0.176 0.745955549577344
      vertex 0.10681060325600437 0.176 0.745955549577344
    endloop
  endfacet
  facet normal 0 1 0
    outer loop
      vertex 0.242 0.176 0.8560000000000001
      vertex 0.16208666090903726 0.176 0.7304264068711928
      vertex 0.13518939674399563 0.176 0.745955549577344
    endloop
  endfacet
  facet normal 0 1 0
    outer loop
      vertex 0.242 0.176 0.8560000000000001
      vertex 0.1776158036151885 0.176 0.7035291427061512
      vertex 0.16208666090903726 0.176 0.7304264068711928
    endloop
  endfacet
  facet normal -0.60876142900872 -0.7933533402912356 1.8201134666607248e-18
    outer loop
      vertex -0.0085 -0.014722431864335457 1.0319318459220528
      vertex -0.012020815280171309 -0.012020815280171312 0.8560000000000001
      vertex -0.008499999999999999 -0.014722431864335458 0.8560000000000001
    endloop
  endfacet
  facet normal -0.7933533402912356 -0.6087614290087201 0
    outer loop
      vertex -0.014722431864335457 -0.0085 1.0319318459220528
      vertex -0.014722431864335457 -0.0085 0.8560000000000001
      vertex -0.012020815280171309 -0.012020815280171312 0.8560000000000001
    endloop
  endfacet
  facet normal -0.9238795325112865 -0.3826834323650906 0
    outer loop
      vertex -0.014722431864335457 -0.0085 1.0319318459220528
      vertex -0.016420739046914164 -0.004399923766742856 0.8560000000000001
      vertex -0.014722431864335457 -0.0085 0.8560000000000001
    endloop
  endfacet
  facet normal -0.38268343236508995 -0.9238795325112867 -5.648886695469617e-18
    outer loop
      vertex -0.004399923766742853 -0.016420739046914164 1.0322780800304003
      vertex -0.008499999999999999 -0.014722431864335458 0.8560000000000001
      vertex -0.004399923766742851 -0.016420739046914164 0.8560000000000001
    endloop
  endfacet
  facet normal -0.13052619222005124 -0.9914448613738104 -2.0559392577368674e-18
    outer loop
      vertex 0 -0.017 1.0319318459220528
      vertex -0.004399923766742851 -0.016420739046914164 0.8560000000000001
      vertex 2.7711310853799455e-18 -0.017 0.8560000000000001
    endloop
  endfacet
  facet normal 0.1305261922200512 -0.9914448613738104 1.9267300548792177e-18
    outer loop
      vertex 0.004399923766742853 -0.016420739046914164 1.0322780800304003
      vertex 2.7711310853799455e-18 -0.017 0.8560000000000001
      vertex 0.004399923766742856 -0.016420739046914164 0.8560000000000001
    endloop
  endfacet
  facet normal 0.3826834323650907 -0.9238795325112863 -5.336302675108923e-18
    outer loop
      vertex 0.0085 -0.014722431864335457 1.0319318459220528
      vertex 0.004399923766742856 -0.016420739046914164 0.8560000000000001
      vertex 0.008500000000000002 -0.014722431864335455 0.8560000000000001
    endloop
  endfacet
  facet normal 0.60876142900872 -0.7933533402912356 -1.8165385164280472e-18
    outer loop
      vertex 0.01202081528017131 -0.01202081528017131 1.0322780800304003
      vertex 0.008500000000000002 -0.014722431864335455 0.8560000000000001
      vertex 0.012020815280171312 -0.012020815280171309 0.8560000000000001
    endloop
  endfacet
  facet normal 0.7933533402912356 -0.60876142900872 1.8201134666607248e-18
    outer loop
      vertex 0.014722431864335457 -0.0085 1.0319318459220528
      vertex 0.012020815280171312 -0.012020815280171309 0.8560000000000001
      vertex 0.014722431864335458 -0.008499999999999999 0.8560000000000001
    endloop
  endfacet
  facet normal 0.9238795325112867 -0.38268343236508995 -5.648886695469617e-18
    outer loop
      vertex 0.016420739046914164 -0.004399923766742853 1.0322780800304003
      vertex 0.014722431864335458 -0.008499999999999999 0.8560000000000001
      vertex 0.016420739046914164 -0.004399923766742851 0.8560000000000001
    endloop
  endfacet
  facet normal -0.60876142900872 -0.7933533402912356 0
    outer loop
      vertex -0.0085 -0.014722431864335457 1.0319318459220528
      vertex -0.01202081528017131 -0.01202081528017131 1.0322780800304003
      vertex -0.012020815280171309 -0.012020815280171312 0.8560000000000001
    endloop
  endfacet
  facet normal -0.9238795325112865 -0.3826834323650904 5.4137152671131446e-18
    outer loop
      vertex -0.014722431864335457 -0.0085 1.0319318459220528
      vertex -0.016420739046914164 -0.004399923766742853 1.0322780800304003
      vertex -0.016420739046914164 -0.004399923766742856 0.8560000000000001
    endloop
  endfacet
  facet normal -0.7933533402912356 -0.6087614290087201 -1.8165385164280472e-18
    outer loop
      vertex -0.01202081528017131 -0.01202081528017131 1.0322780800304003
      vertex -0.014722431864335457 -0.0085 1.0319318459220528
      vertex -0.012020815280171309 -0.012020815280171312 0.8560000000000001
    endloop
  endfacet
  facet normal -0.1305261922200512 -0.9914448613738104 -1.9267300548792177e-18
    outer loop
      vertex -0.004399923766742853 -0.016420739046914164 1.0322780800304003
      vertex -0.004399923766742851 -0.016420739046914164 0.8560000000000001
      vertex 0 -0.017 1.0319318459220528
    endloop
  endfacet
  facet normal -0.38268343236509034 -0.9238795325112866 4.339495572806235e-18
    outer loop
      vertex -0.004399923766742853 -0.016420739046914164 1.0322780800304003
      vertex -0.0085 -0.014722431864335457 1.0319318459220528
      vertex -0.008499999999999999 -0.014722431864335458 0.8560000000000001
    endloop
  endfacet
  facet normal 0.1305261922200512 -0.9914448613738104 2.0559392577368674e-18
    outer loop
      vertex 0 -0.017 1.0319318459220528
      vertex 2.7711310853799455e-18 -0.017 0.8560000000000001
      vertex 0.004399923766742853 -0.016420739046914164 1.0322780800304003
    endloop
  endfacet
  facet normal 0.38268343236509034 -0.9238795325112865 5.648886695469623e-18
    outer loop
      vertex 0.004399923766742853 -0.016420739046914164 1.0322780800304003
      vertex 0.004399923766742856 -0.016420739046914164 0.8560000000000001
      vertex 0.0085 -0.014722431864335457 1.0319318459220528
    endloop
  endfacet
  facet normal 0.60876142900872 -0.7933533402912356 -1.8201134666607248e-18
    outer loop
      vertex 0.0085 -0.014722431864335457 1.0319318459220528
      vertex 0.008500000000000002 -0.014722431864335455 0.8560000000000001
      vertex 0.01202081528017131 -0.01202081528017131 1.0322780800304003
    endloop
  endfacet
  facet normal 0.7933533402912356 -0.6087614290087201 1.8165385164280472e-18
    outer loop
      vertex 0.01202081528017131 -0.01202081528017131 1.0322780800304003
      vertex 0.012020815280171312 -0.012020815280171309 0.8560000000000001
      vertex 0.014722431864335457 -0.0085 1.0319318459220528
    endloop
  endfacet
  facet normal 0.9238795325112866 -0.3826834323650904 5.336302675108929e-18
    outer loop
      vertex 0.014722431864335457 -0.0085 1.0319318459220528
      vertex 0.014722431864335458 -0.008499999999999999 0.8560000000000001
      vertex 0.016420739046914164 -0.004399923766742853 1.0322780800304003
    endloop
  endfacet
  facet normal -0.9914448613738104 -0.13052619222005116 0
    outer loop
      vertex -0.017 0 1.0319318459220528
      vertex -0.017 0 0.8560000000000001
      vertex -0.016420739046914164 -0.004399923766742856 0.8560000000000001
    endloop
  endfacet
  facet normal -0.9914448613738104 0.1305261922200513 0
    outer loop
      vertex -0.017 0 1.0319318459220528
      vertex -0.016420739046914164 0.004399923766742851 0.8560000000000001
      vertex -0.017 0 0.8560000000000001
    endloop
  endfacet
  facet normal -0.9238795325112867 0.38268343236508995 -5.648886695469617e-18
    outer loop
      vertex -0.016420739046914164 0.004399923766742853 1.0322780800304003
      vertex -0.014722431864335458 0.008499999999999999 0.8560000000000001
      vertex -0.016420739046914164 0.004399923766742851 0.8560000000000001
    endloop
  endfacet
  facet normal -0.7933533402912356 0.60876142900872 1.8201134666607248e-18
    outer loop
      vertex -0.014722431864335457 0.0085 1.0319318459220528
      vertex -0.012020815280171312 0.012020815280171309 0.8560000000000001
      vertex -0.014722431864335458 0.008499999999999999 0.8560000000000001
    endloop
  endfacet
  facet normal -0.60876142900872 0.7933533402912356 -1.8165385164280472e-18
    outer loop
      vertex -0.01202081528017131 0.01202081528017131 1.0322780800304003
      vertex -0.008500000000000002 0.014722431864335455 0.8560000000000001
      vertex -0.012020815280171312 0.012020815280171309 0.8560000000000001
    endloop
  endfacet
  facet normal -0.3826834323650907 0.9238795325112863 -5.336302675108923e-18
    outer loop
      vertex -0.0085 0.014722431864335457 1.0319318459220528
      vertex -0.004399923766742856 0.016420739046914164 0.8560000000000001
      vertex -0.008500000000000002 0.014722431864335455 0.8560000000000001
    endloop
  endfacet
  facet normal -0.1305261922200512 0.9914448613738104 1.9267300548792177e-18
    outer loop
      vertex -0.004399923766742853 0.016420739046914164 1.0322780800304003
      vertex -2.7711310853799455e-18 0.017 0.8560000000000001
      vertex -0.004399923766742856 0.016420739046914164 0.8560000000000001
    endloop
  endfacet
  facet normal 0.13052619222005124 0.9914448613738104 -2.0559392577368674e-18
    outer loop
      vertex 0 0.017 1.0319318459220528
      vertex 0.004399923766742851 0.016420739046914164 0.8560000000000001
      vertex -2.7711310853799455e-18 0.017 0.8560000000000001
    endloop
  endfacet
  facet normal 0.38268343236508995 0.9238795325112867 -5.648886695469617e-18
    outer loop
      vertex 0.004399923766742853 0.016420739046914164 1.0322780800304003
      vertex 0.008499999999999999 0.014722431864335458 0.8560000000000001
      vertex 0.004399923766742851 0.016420739046914164 0.8560000000000001
    endloop
  endfacet
  facet normal 0.9914448613738104 -0.1305261922200513 0
    outer loop
      vertex 0.017 0 1.0319318459220528
      vertex 0.016420739046914164 -0.004399923766742851 0.8560000000000001
      vertex 0.017 0 0.8560000000000001
    endloop
  endfacet
  facet normal 0.9914448613738104 0.13052619222005116 0
    outer loop
      vertex 0.017 0 1.0319318459220528
      vertex 0.017 0 0.8560000000000001
      vertex 0.016420739046914164 0.004399923766742856 0.8560000000000001
    endloop
  endfacet
  facet normal 0.9238795325112865 0.3826834323650906 0
    outer loop
      vertex 0.014722431864335457 0.0085 1.0319318459220528
      vertex 0.016420739046914164 0.004399923766742856 0.8560000000000001
      vertex 0.014722431864335457 0.0085 0.8560000000000001
    endloop
  endfacet
  facet normal 0.60876142900872 0.7933533402912356 1.8201134666607248e-18
    outer loop
      vertex 0.0085 0.014722431864335457 1.0319318459220528
      vertex 0.012020815280171309 0.012020815280171312 0.8560000000000001
      vertex 0.008499999999999999 0.014722431864335458 0.8560000000000001
    endloop
  endfacet
  facet normal 0.7933533402912356 0.6087614290087201 0
    outer loop
      vertex 0.014722431864335457 0.0085 1.0319318459220528
      vertex 0.014722431864335457 0.0085 0.8560000000000001
      vertex 0.012020815280171309 0.012020815280171312 0.8560000000000001
    endloop
  endfacet
  facet normal -0.9914448613738104 -0.1305261922200512 1.9267300548792177e-18
    outer loop
      vertex -0.016420739046914164 -0.004399923766742853 1.0322780800304003
      vertex -0.017 0 1.0319318459220528
      vertex -0.016420739046914164 -0.004399923766742856 0.8560000000000001
    endloop
  endfacet
  facet normal -0.9914448613738104 0.1305261922200512 -2.165486106845258e-18
    outer loop
      vertex -0.017 0 1.0319318459220528
      vertex -0.016420739046914164 0.004399923766742853 1.0322780800304003
      vertex -0.016420739046914164 0.004399923766742851 0.8560000000000001
    endloop
  endfacet
  facet normal -0.9238795325112866 0.38268343236509034 4.339495572806235e-18
    outer loop
      vertex -0.016420739046914164 0.004399923766742853 1.0322780800304003
      vertex -0.014722431864335457 0.0085 1.0319318459220528
      vertex -0.014722431864335458 0.008499999999999999 0.8560000000000001
    endloop
  endfacet
  facet normal -0.7933533402912356 0.60876142900872 0
    outer loop
      vertex -0.014722431864335457 0.0085 1.0319318459220528
      vertex -0.01202081528017131 0.01202081528017131 1.0322780800304003
      vertex -0.012020815280171312 0.012020815280171309 0.8560000000000001
    endloop
  endfacet
  facet normal -0.6087614290087201 0.7933533402912356 0
    outer loop
      vertex -0.01202081528017131 0.01202081528017131 1.0322780800304003
      vertex -0.0085 0.014722431864335457 1.0319318459220528
      vertex -0.008500000000000002 0.014722431864335455 0.8560000000000001
    endloop
  endfacet
  facet normal -0.3826834323650904 0.9238795325112865 5.4137152671131446e-18
    outer loop
      vertex -0.0085 0.014722431864335457 1.0319318459220528
      vertex -0.004399923766742853 0.016420739046914164 1.0322780800304003
      vertex -0.004399923766742856 0.016420739046914164 0.8560000000000001
    endloop
  endfacet
  facet normal -0.1305261922200512 0.9914448613738104 2.169747786403118e-18
    outer loop
      vertex -0.004399923766742853 0.016420739046914164 1.0322780800304003
      vertex 0 0.017 1.0319318459220528
      vertex -2.7711310853799455e-18 0.017 0.8560000000000001
    endloop
  endfacet
  facet normal 0.1305261922200512 0.9914448613738104 -1.9267300548792177e-18
    outer loop
      vertex 0.004399923766742853 0.016420739046914164 1.0322780800304003
      vertex 0.004399923766742851 0.016420739046914164 0.8560000000000001
      vertex 0 0.017 1.0319318459220528
    endloop
  endfacet
  facet normal 0.9914448613738104 -0.1305261922200512 -1.9267300548792177e-18
    outer loop
      vertex 0.016420739046914164 -0.004399923766742853 1.0322780800304003
      vertex 0.016420739046914164 -0.004399923766742851 0.8560000000000001
      vertex 0.017 0 1.0319318459220528
    endloop
  endfacet
  facet normal 0.9914448613738104 0.1305261922200512 1.6241145801339434e-18
    outer loop
      vertex 0.017 0 1.0319318459220528
      vertex 0.016420739046914164 0.004399923766742856 0.8560000000000001
      vertex 0.016420739046914164 0.004399923766742853 1.0322780800304003
    endloop
  endfacet
  facet normal 0.9238795325112865 0.38268343236509034 5.648886695469623e-18
    outer loop
      vertex 0.016420739046914164 0.004399923766742853 1.0322780800304003
      vertex 0.016420739046914164 0.004399923766742856 0.8560000000000001
      vertex 0.014722431864335457 0.0085 1.0319318459220528
    endloop
  endfacet
  facet normal 0.6087614290087201 0.7933533402912356 1.8165385164280472e-18
    outer loop
      vertex 0.01202081528017131 0.01202081528017131 1.0322780800304003
      vertex 0.012020815280171309 0.012020815280171312 0.8560000000000001
      vertex 0.0085 0.014722431864335457 1.0319318459220528
    endloop
  endfacet
  facet normal 0.7933533402912356 0.6087614290087201 -1.8165385164280472e-18
    outer loop
      vertex 0.01202081528017131 0.01202081528017131 1.0322780800304003
      vertex 0.014722431864335457 0.0085 1.0319318459220528
      vertex 0.012020815280171309 0.012020815280171312 0.8560000000000001
    endloop
  endfacet
  facet normal 0.38268343236509034 0.9238795325112866 4.339495572806235e-18
    outer loop
      vertex 0.004399923766742853 0.016420739046914164 1.0322780800304003
      vertex 0.0085 0.014722431864335457 1.0319318459220528
      vertex 0.008499999999999999 0.014722431864335458 0.8560000000000001
    endloop
  endfacet
  facet normal -0.6175653985824949 -0.6175653985824949 -0.48705847384814904
    outer loop
      vertex -0.024631108570371242 -0.0426623314906282 1.0658002286997714
      vertex -0.0426623314906282 -0.024631108570371242 1.0658002286997714
      vertex -0.01803122292025696 -0.031230994220485517 1.042937554159486
    endloop
  endfacet
  facet normal -0.7071067811865475 -0.7071067811865475 0
    outer loop
      vertex -0.024631108570371242 -0.0426623314906282 1.0658002286997714
      vertex -0.024631108570371242 -0.0426623314906282 1.0921997713002285
      vertex -0.0426623314906282 -0.024631108570371242 1.0921997713002285
    endloop
  endfacet
  facet normal -0.6175653985824949 -0.6175653985824949 0.48705847384814904
    outer loop
      vertex -0.024631108570371242 -0.0426623314906282 1.0921997713002285
      vertex -0.01803122292025696 -0.031230994220485517 1.1150624458405138
      vertex -0.0426623314906282 -0.024631108570371242 1.0921997713002285
    endloop
  endfacet
  facet normal -0.22604462437945558 -0.8436100229619504 -0.48705847384814904
    outer loop
      vertex 0 -0.03606244584051392 1.042937554159486
      vertex 0 -0.049262217140742484 1.0658002286997714
      vertex -0.01803122292025696 -0.031230994220485517 1.042937554159486
    endloop
  endfacet
  facet normal 0.22604462437945558 -0.8436100229619504 -0.48705847384814904
    outer loop
      vertex 0 -0.03606244584051392 1.042937554159486
      vertex 0.01803122292025696 -0.031230994220485517 1.042937554159486
      vertex 0 -0.049262217140742484 1.0658002286997714
    endloop
  endfacet
  facet normal -0.2588190451025208 -0.9659258262890682 0
    outer loop
      vertex -0.024631108570371242 -0.0426623314906282 1.0658002286997714
      vertex 0 -0.049262217140742484 1.0658002286997714
      vertex 0 -0.049262217140742484 1.0921997713002285
    endloop
  endfacet
  facet normal -0.2260446243794556 -0.8436100229619506 -0.4870584738481491
    outer loop
      vertex -0.024631108570371242 -0.0426623314906282 1.0658002286997714
      vertex -0.01803122292025696 -0.031230994220485517 1.042937554159486
      vertex 0 -0.049262217140742484 1.0658002286997714
    endloop
  endfacet
  facet normal -0.2588190451025208 -0.9659258262890682 0
    outer loop
      vertex -0.024631108570371242 -0.0426623314906282 1.0658002286997714
      vertex 0 -0.049262217140742484 1.0921997713002285
      vertex -0.024631108570371242 -0.0426623314906282 1.0921997713002285
    endloop
  endfacet
  facet normal -0.2260446243794556 -0.8436100229619506 0.4870584738481491
    outer loop
      vertex -0.024631108570371242 -0.0426623314906282 1.0921997713002285
      vertex 0 -0.049262217140742484 1.0921997713002285
      vertex -0.01803122292025696 -0.031230994220485517 1.1150624458405138
    endloop
  endfacet
  facet normal -0.22604462437945558 -0.8436100229619504 0.48705847384814904
    outer loop
      vertex 0 -0.049262217140742484 1.0921997713002285
      vertex 0 -0.03606244584051392 1.1150624458405138
      vertex -0.01803122292025696 -0.031230994220485517 1.1150624458405138
    endloop
  endfacet
  facet normal 0.22604462437945558 -0.8436100229619504 0.48705847384814904
    outer loop
      vertex 0 -0.049262217140742484 1.0921997713002285
      vertex 0.01803122292025696 -0.031230994220485517 1.1150624458405138
      vertex 0 -0.03606244584051392 1.1150624458405138
    endloop
  endfacet
  facet normal 0.2588190451025208 -0.9659258262890682 0
    outer loop
      vertex 0 -0.049262217140742484 1.0658002286997714
      vertex 0.024631108570371242 -0.0426623314906282 1.0921997713002285
      vertex 0 -0.049262217140742484 1.0921997713002285
    endloop
  endfacet
  facet normal 0.2588190451025208 -0.9659258262890682 0
    outer loop
      vertex 0 -0.049262217140742484 1.0658002286997714
      vertex 0.024631108570371242 -0.0426623314906282 1.0658002286997714
      vertex 0.024631108570371242 -0.0426623314906282 1.0921997713002285
    endloop
  endfacet
  facet normal 0.2260446243794556 -0.8436100229619506 -0.4870584738481491
    outer loop
      vertex 0 -0.049262217140742484 1.0658002286997714
      vertex 0.01803122292025696 -0.031230994220485517 1.042937554159486
      vertex 0.024631108570371242 -0.0426623314906282 1.0658002286997714
    endloop
  endfacet
  facet normal 0.7071067811865475 -0.7071067811865475 0
    outer loop
      vertex 0.024631108570371242 -0.0426623314906282 1.0658002286997714
      vertex 0.0426623314906282 -0.024631108570371242 1.0658002286997714
      vertex 0.024631108570371242 -0.0426623314906282 1.0921997713002285
    endloop
  endfacet
  facet normal 0.6175653985824949 -0.6175653985824949 -0.48705847384814904
    outer loop
      vertex 0.024631108570371242 -0.0426623314906282 1.0658002286997714
      vertex 0.01803122292025696 -0.031230994220485517 1.042937554159486
      vertex 0.0426623314906282 -0.024631108570371242 1.0658002286997714
    endloop
  endfacet
  facet normal 0.2260446243794556 -0.8436100229619506 0.4870584738481491
    outer loop
      vertex 0 -0.049262217140742484 1.0921997713002285
      vertex 0.024631108570371242 -0.0426623314906282 1.0921997713002285
      vertex 0.01803122292025696 -0.031230994220485517 1.1150624458405138
    endloop
  endfacet
  facet normal 0.6175653985824949 -0.6175653985824949 0.48705847384814904
    outer loop
      vertex 0.024631108570371242 -0.0426623314906282 1.0921997713002285
      vertex 0.0426623314906282 -0.024631108570371242 1.0921997713002285
      vertex 0.01803122292025696 -0.031230994220485517 1.1150624458405138
    endloop
  endfacet
  facet normal -0.617565398582495 -0.617565398582495 -0.4870584738481491
    outer loop
      vertex -0.031230994220485517 -0.01803122292025696 1.042937554159486
      vertex -0.01803122292025696 -0.031230994220485517 1.042937554159486
      vertex -0.0426623314906282 -0.024631108570371242 1.0658002286997714
    endloop
  endfacet
  facet normal -0.8436100229619504 -0.22604462437945558 -0.487058473848149
    outer loop
      vertex -0.031230994220485517 -0.01803122292025696 1.042937554159486
      vertex -0.049262217140742484 0 1.0658002286997714
      vertex -0.03606244584051392 0 1.042937554159486
    endloop
  endfacet
  facet normal -0.4955722198350786 -0.13278817609610816 -0.8583562635740486
    outer loop
      vertex -0.031230994220485517 -0.01803122292025696 1.042937554159486
      vertex -0.03606244584051392 0 1.042937554159486
      vertex -0.016420739046914164 -0.004399923766742853 1.0322780800304003
    endloop
  endfacet
  facet normal -0.4955722198350692 -0.13278817609612112 -0.8583562635740519
    outer loop
      vertex -0.031230994220485517 -0.01803122292025696 1.042937554159486
      vertex -0.016420739046914164 -0.004399923766742853 1.0322780800304003
      vertex -0.014722431864335457 -0.0085 1.0319318459220528
    endloop
  endfacet
  facet normal -0.9659258262890682 -0.2588190451025208 0
    outer loop
      vertex -0.0426623314906282 -0.024631108570371242 1.0658002286997714
      vertex -0.049262217140742484 0 1.0921997713002285
      vertex -0.049262217140742484 0 1.0658002286997714
    endloop
  endfacet
  facet normal -0.7071067811865475 -0.7071067811865475 0
    outer loop
      vertex -0.024631108570371242 -0.0426623314906282 1.0658002286997714
      vertex -0.0426623314906282 -0.024631108570371242 1.0921997713002285
      vertex -0.0426623314906282 -0.024631108570371242 1.0658002286997714
    endloop
  endfacet
  facet normal -0.6175653985824949 -0.617565398582495 0.487058473848149
    outer loop
      vertex -0.0426623314906282 -0.024631108570371242 1.0921997713002285
      vertex -0.01803122292025696 -0.031230994220485517 1.1150624458405138
      vertex -0.031230994220485517 -0.01803122292025696 1.1150624458405138
    endloop
  endfacet
  facet normal -0.8436100229619506 -0.22604462437945566 -0.4870584738481491
    outer loop
      vertex -0.031230994220485517 -0.01803122292025696 1.042937554159486
      vertex -0.0426623314906282 -0.024631108570371242 1.0658002286997714
      vertex -0.049262217140742484 0 1.0658002286997714
    endloop
  endfacet
  facet normal -0.9659258262890682 -0.2588190451025208 0
    outer loop
      vertex -0.0426623314906282 -0.024631108570371242 1.0658002286997714
      vertex -0.0426623314906282 -0.024631108570371242 1.0921997713002285
      vertex -0.049262217140742484 0 1.0921997713002285
    endloop
  endfacet
  facet normal -0.8436100229619506 -0.2260446243794556 0.4870584738481491
    outer loop
      vertex -0.0426623314906282 -0.024631108570371242 1.0921997713002285
      vertex -0.031230994220485517 -0.01803122292025696 1.1150624458405138
      vertex -0.049262217140742484 0 1.0921997713002285
    endloop
  endfacet
  facet normal -0.8436100229619504 -0.22604462437945558 0.487058473848149
    outer loop
      vertex -0.031230994220485517 -0.01803122292025696 1.1150624458405138
      vertex -0.03606244584051392 0 1.1150624458405138
      vertex -0.049262217140742484 0 1.0921997713002285
    endloop
  endfacet
  facet normal -0.4955722198350777 -0.13278817609610793 0.858356263574049
    outer loop
      vertex -0.031230994220485517 -0.01803122292025696 1.1150624458405138
      vertex -0.013199771300228556 0 1.1282622171407424
      vertex -0.03606244584051392 0 1.1150624458405138
    endloop
  endfacet
  facet normal -0.8436100229619504 0.22604462437945558 -0.48705847384814904
    outer loop
      vertex -0.03606244584051392 0 1.042937554159486
      vertex -0.049262217140742484 0 1.0658002286997714
      vertex -0.031230994220485517 0.01803122292025696 1.042937554159486
    endloop
  endfacet
  facet normal -0.49557221983507693 -0.13278817609609225 -0.858356263574052
    outer loop
      vertex -0.03606244584051392 0 1.042937554159486
      vertex -0.017 0 1.0319318459220528
      vertex -0.016420739046914164 -0.004399923766742853 1.0322780800304003
    endloop
  endfacet
  facet normal -0.4955722198350759 0.13278817609610744 -0.8583562635740503
    outer loop
      vertex -0.03606244584051392 0 1.042937554159486
      vertex -0.031230994220485517 0.01803122292025696 1.042937554159486
      vertex -0.017 0 1.0319318459220528
    endloop
  endfacet
  facet normal -0.49557221983508964 0.13278817609609325 -0.8583562635740444
    outer loop
      vertex -0.031230994220485517 0.01803122292025696 1.042937554159486
      vertex -0.016420739046914164 0.004399923766742853 1.0322780800304003
      vertex -0.017 0 1.0319318459220528
    endloop
  endfacet
  facet normal -0.4955722198350692 0.13278817609612112 -0.8583562635740519
    outer loop
      vertex -0.031230994220485517 0.01803122292025696 1.042937554159486
      vertex -0.014722431864335457 0.0085 1.0319318459220528
      vertex -0.016420739046914164 0.004399923766742853 1.0322780800304003
    endloop
  endfacet
  facet normal -0.36278404373896844 0.36278404373896844 -0.8583562635740503
    outer loop
      vertex -0.031230994220485517 0.01803122292025696 1.042937554159486
      vertex -0.01803122292025696 0.031230994220485517 1.042937554159486
      vertex -0.014722431864335457 0.0085 1.0319318459220528
    endloop
  endfacet
  facet normal -0.9659258262890682 0.2588190451025208 0
    outer loop
      vertex -0.049262217140742484 0 1.0658002286997714
      vertex -0.049262217140742484 0 1.0921997713002285
      vertex -0.0426623314906282 0.024631108570371242 1.0921997713002285
    endloop
  endfacet
  facet normal -0.8436100229619504 0.22604462437945558 0.48705847384814904
    outer loop
      vertex -0.049262217140742484 0 1.0921997713002285
      vertex -0.03606244584051392 0 1.1150624458405138
      vertex -0.031230994220485517 0.01803122292025696 1.1150624458405138
    endloop
  endfacet
  facet normal -0.4955722198350777 0.13278817609610793 0.858356263574049
    outer loop
      vertex -0.03606244584051392 0 1.1150624458405138
      vertex -0.013199771300228556 0 1.1282622171407424
      vertex -0.031230994220485517 0.01803122292025696 1.1150624458405138
    endloop
  endfacet
  facet normal -0.8436100229619506 0.2260446243794556 -0.4870584738481491
    outer loop
      vertex -0.049262217140742484 0 1.0658002286997714
      vertex -0.0426623314906282 0.024631108570371242 1.0658002286997714
      vertex -0.031230994220485517 0.01803122292025696 1.042937554159486
    endloop
  endfacet
  facet normal -0.9659258262890682 0.2588190451025208 0
    outer loop
      vertex -0.049262217140742484 0 1.0658002286997714
      vertex -0.0426623314906282 0.024631108570371242 1.0921997713002285
      vertex -0.0426623314906282 0.024631108570371242 1.0658002286997714
    endloop
  endfacet
  facet normal -0.8436100229619506 0.2260446243794556 0.4870584738481491
    outer loop
      vertex -0.049262217140742484 0 1.0921997713002285
      vertex -0.031230994220485517 0.01803122292025696 1.1150624458405138
      vertex -0.0426623314906282 0.024631108570371242 1.0921997713002285
    endloop
  endfacet
  facet normal -0.13278817609610816 -0.4955722198350786 -0.8583562635740486
    outer loop
      vertex 0 -0.03606244584051392 1.042937554159486
      vertex -0.01803122292025696 -0.031230994220485517 1.042937554159486
      vertex -0.004399923766742853 -0.016420739046914164 1.0322780800304003
    endloop
  endfacet
  facet normal -0.3627840437389705 -0.3627840437389705 -0.8583562635740484
    outer loop
      vertex -0.031230994220485517 -0.01803122292025696 1.042937554159486
      vertex -0.01202081528017131 -0.01202081528017131 1.0322780800304003
      vertex -0.01803122292025696 -0.031230994220485517 1.042937554159486
    endloop
  endfacet
  facet normal -0.3627840437389558 -0.362784043738977 -0.858356263574052
    outer loop
      vertex -0.01803122292025696 -0.031230994220485517 1.042937554159486
      vertex -0.01202081528017131 -0.01202081528017131 1.0322780800304003
      vertex -0.0085 -0.014722431864335457 1.0319318459220528
    endloop
  endfacet
  facet normal -0.13278817609612112 -0.4955722198350692 -0.8583562635740519
    outer loop
      vertex -0.01803122292025696 -0.031230994220485517 1.042937554159486
      vertex -0.0085 -0.014722431864335457 1.0319318459220528
      vertex -0.004399923766742853 -0.016420739046914164 1.0322780800304003
    endloop
  endfacet
  facet normal -0.13278817609609225 -0.49557221983507693 -0.858356263574052
    outer loop
      vertex 0 -0.03606244584051392 1.042937554159486
      vertex -0.004399923766742853 -0.016420739046914164 1.0322780800304003
      vertex 0 -0.017 1.0319318459220528
    endloop
  endfacet
  facet normal 0.13278817609609225 -0.49557221983507693 -0.858356263574052
    outer loop
      vertex 0 -0.03606244584051392 1.042937554159486
      vertex 0 -0.017 1.0319318459220528
      vertex 0.004399923766742853 -0.016420739046914164 1.0322780800304003
    endloop
  endfacet
  facet normal 0.13278817609612634 -0.4955722198350806 -0.8583562635740446
    outer loop
      vertex 0 -0.03606244584051392 1.042937554159486
      vertex 0.004399923766742853 -0.016420739046914164 1.0322780800304003
      vertex 0.0085 -0.014722431864335457 1.0319318459220528
    endloop
  endfacet
  facet normal -0.362784043738977 -0.3627840437389558 -0.858356263574052
    outer loop
      vertex -0.031230994220485517 -0.01803122292025696 1.042937554159486
      vertex -0.014722431864335457 -0.0085 1.0319318459220528
      vertex -0.01202081528017131 -0.01202081528017131 1.0322780800304003
    endloop
  endfacet
  facet normal 0.13278817609610746 -0.49557221983507593 -0.8583562635740503
    outer loop
      vertex 0 -0.03606244584051392 1.042937554159486
      vertex 0.0085 -0.014722431864335457 1.0319318459220528
      vertex 0.01803122292025696 -0.031230994220485517 1.042937554159486
    endloop
  endfacet
  facet normal 0.3627840437389558 -0.362784043738977 -0.858356263574052
    outer loop
      vertex 0.01803122292025696 -0.031230994220485517 1.042937554159486
      vertex 0.0085 -0.014722431864335457 1.0319318459220528
      vertex 0.01202081528017131 -0.01202081528017131 1.0322780800304003
    endloop
  endfacet
  facet normal 0.36278404373896844 -0.36278404373896844 -0.8583562635740503
    outer loop
      vertex 0.01803122292025696 -0.031230994220485517 1.042937554159486
      vertex 0.014722431864335457 -0.0085 1.0319318459220528
      vertex 0.031230994220485517 -0.01803122292025696 1.042937554159486
    endloop
  endfacet
  facet normal 0.617565398582495 -0.617565398582495 -0.4870584738481491
    outer loop
      vertex 0.01803122292025696 -0.031230994220485517 1.042937554159486
      vertex 0.031230994220485517 -0.01803122292025696 1.042937554159486
      vertex 0.0426623314906282 -0.024631108570371242 1.0658002286997714
    endloop
  endfacet
  facet normal 0.36278404373898765 -0.36278404373896295 -0.8583562635740445
    outer loop
      vertex 0.01803122292025696 -0.031230994220485517 1.042937554159486
      vertex 0.01202081528017131 -0.01202081528017131 1.0322780800304003
      vertex 0.014722431864335457 -0.0085 1.0319318459220528
    endloop
  endfacet
  facet normal 0.4955722198350692 -0.13278817609612112 -0.8583562635740519
    outer loop
      vertex 0.031230994220485517 -0.01803122292025696 1.042937554159486
      vertex 0.014722431864335457 -0.0085 1.0319318459220528
      vertex 0.016420739046914164 -0.004399923766742853 1.0322780800304003
    endloop
  endfacet
  facet normal 0.49557221983508964 -0.13278817609609325 -0.8583562635740444
    outer loop
      vertex 0.031230994220485517 -0.01803122292025696 1.042937554159486
      vertex 0.016420739046914164 -0.004399923766742853 1.0322780800304003
      vertex 0.017 0 1.0319318459220528
    endloop
  endfacet
  facet normal 0.4955722198350759 -0.13278817609610744 -0.8583562635740503
    outer loop
      vertex 0.031230994220485517 -0.01803122292025696 1.042937554159486
      vertex 0.017 0 1.0319318459220528
      vertex 0.03606244584051392 0 1.042937554159486
    endloop
  endfacet
  facet normal -0.13278817609610793 -0.4955722198350777 0.858356263574049
    outer loop
      vertex 0 -0.03606244584051392 1.1150624458405138
      vertex -0.006599885650114278 -0.011431337270142679 1.1282622171407424
      vertex -0.01803122292025696 -0.031230994220485517 1.1150624458405138
    endloop
  endfacet
  facet normal 0.13278817609610793 -0.4955722198350777 0.858356263574049
    outer loop
      vertex 0 -0.03606244584051392 1.1150624458405138
      vertex 0.01803122292025696 -0.031230994220485517 1.1150624458405138
      vertex 0 -0.013199771300228556 1.1282622171407424
    endloop
  endfacet
  facet normal -0.13278817609610813 -0.49557221983507765 0.858356263574049
    outer loop
      vertex 0 -0.03606244584051392 1.1150624458405138
      vertex 0 -0.013199771300228556 1.1282622171407424
      vertex -0.006599885650114278 -0.011431337270142679 1.1282622171407424
    endloop
  endfacet
  facet normal -0.36278404373896983 -0.36278404373896983 0.858356263574049
    outer loop
      vertex -0.031230994220485517 -0.01803122292025696 1.1150624458405138
      vertex -0.01803122292025696 -0.031230994220485517 1.1150624458405138
      vertex -0.011431337270142679 -0.006599885650114278 1.1282622171407424
    endloop
  endfacet
  facet normal -0.3627840437389699 -0.3627840437389698 0.8583562635740491
    outer loop
      vertex -0.01803122292025696 -0.031230994220485517 1.1150624458405138
      vertex -0.006599885650114278 -0.011431337270142679 1.1282622171407424
      vertex -0.011431337270142679 -0.006599885650114278 1.1282622171407424
    endloop
  endfacet
  facet normal -0.4955722198350777 -0.132788176096108 0.858356263574049
    outer loop
      vertex -0.031230994220485517 -0.01803122292025696 1.1150624458405138
      vertex -0.011431337270142679 -0.006599885650114278 1.1282622171407424
      vertex -0.013199771300228556 0 1.1282622171407424
    endloop
  endfacet
  facet normal 0.617565398582495 -0.617565398582495 0.4870584738481491
    outer loop
      vertex 0.01803122292025696 -0.031230994220485517 1.1150624458405138
      vertex 0.0426623314906282 -0.024631108570371242 1.0921997713002285
      vertex 0.031230994220485517 -0.01803122292025696 1.1150624458405138
    endloop
  endfacet
  facet normal 0.132788176096108 -0.4955722198350777 0.858356263574049
    outer loop
      vertex 0.01803122292025696 -0.031230994220485517 1.1150624458405138
      vertex 0.006599885650114278 -0.011431337270142679 1.1282622171407424
      vertex 0 -0.013199771300228556 1.1282622171407424
    endloop
  endfacet
  facet normal 0.3627840437389699 -0.3627840437389698 0.8583562635740491
    outer loop
      vertex 0.01803122292025696 -0.031230994220485517 1.1150624458405138
      vertex 0.011431337270142679 -0.006599885650114278 1.1282622171407424
      vertex 0.006599885650114278 -0.011431337270142679 1.1282622171407424
    endloop
  endfacet
  facet normal 0.4955722198350777 -0.132788176096108 0.858356263574049
    outer loop
      vertex 0.031230994220485517 -0.01803122292025696 1.1150624458405138
      vertex 0.013199771300228556 0 1.1282622171407424
      vertex 0.011431337270142679 -0.006599885650114278 1.1282622171407424
    endloop
  endfacet
  facet normal 0.36278404373896983 -0.36278404373896983 0.858356263574049
    outer loop
      vertex 0.01803122292025696 -0.031230994220485517 1.1150624458405138
      vertex 0.031230994220485517 -0.01803122292025696 1.1150624458405138
      vertex 0.011431337270142679 -0.006599885650114278 1.1282622171407424
    endloop
  endfacet
  facet normal 0.4955722198350777 -0.13278817609610793 0.858356263574049
    outer loop
      vertex 0.031230994220485517 -0.01803122292025696 1.1150624458405138
      vertex 0.03606244584051392 0 1.1150624458405138
      vertex 0.013199771300228556 0 1.1282622171407424
    endloop
  endfacet
  facet normal -0.3627840437389877 0.3627840437389629 -0.8583562635740445
    outer loop
      vertex -0.014722431864335457 0.0085 1.0319318459220528
      vertex -0.01803122292025696 0.031230994220485517 1.042937554159486
      vertex -0.01202081528017131 0.01202081528017131 1.0322780800304003
    endloop
  endfacet
  facet normal -0.36278404373895556 0.36278404373897716 -0.8583562635740521
    outer loop
      vertex -0.01202081528017131 0.01202081528017131 1.0322780800304003
      vertex -0.01803122292025696 0.031230994220485517 1.042937554159486
      vertex -0.0085 0.014722431864335457 1.0319318459220528
    endloop
  endfacet
  facet normal 0.49557221983507693 0.13278817609609206 -0.858356263574052
    outer loop
      vertex 0.017 0 1.0319318459220528
      vertex 0.016420739046914164 0.004399923766742853 1.0322780800304003
      vertex 0.03606244584051392 0 1.042937554159486
    endloop
  endfacet
  facet normal 0.4955722198350786 0.1327881760961082 -0.8583562635740485
    outer loop
      vertex 0.016420739046914164 0.004399923766742853 1.0322780800304003
      vertex 0.031230994220485517 0.01803122292025696 1.042937554159486
      vertex 0.03606244584051392 0 1.042937554159486
    endloop
  endfacet
  facet normal 0.13278817609609314 0.49557221983508953 -0.8583562635740445
    outer loop
      vertex 0.004399923766742853 0.016420739046914164 1.0322780800304003
      vertex 0 0.017 1.0319318459220528
      vertex 0.01803122292025696 0.031230994220485517 1.042937554159486
    endloop
  endfacet
  facet normal 0.1327881760961213 0.49557221983506905 -0.858356263574052
    outer loop
      vertex 0.004399923766742853 0.016420739046914164 1.0322780800304003
      vertex 0.01803122292025696 0.031230994220485517 1.042937554159486
      vertex 0.0085 0.014722431864335457 1.0319318459220528
    endloop
  endfacet
  facet normal 0.36278404373895556 0.36278404373897716 -0.8583562635740521
    outer loop
      vertex 0.01202081528017131 0.01202081528017131 1.0322780800304003
      vertex 0.0085 0.014722431864335457 1.0319318459220528
      vertex 0.01803122292025696 0.031230994220485517 1.042937554159486
    endloop
  endfacet
  facet normal 0.49557221983506905 0.1327881760961213 -0.858356263574052
    outer loop
      vertex 0.016420739046914164 0.004399923766742853 1.0322780800304003
      vertex 0.014722431864335457 0.0085 1.0319318459220528
      vertex 0.031230994220485517 0.01803122292025696 1.042937554159486
    endloop
  endfacet
  facet normal 0.36278404373897716 0.36278404373895556 -0.8583562635740521
    outer loop
      vertex 0.01202081528017131 0.01202081528017131 1.0322780800304003
      vertex 0.031230994220485517 0.01803122292025696 1.042937554159486
      vertex 0.014722431864335457 0.0085 1.0319318459220528
    endloop
  endfacet
  facet normal 0.3627840437389705 0.3627840437389705 -0.8583562635740484
    outer loop
      vertex 0.01202081528017131 0.01202081528017131 1.0322780800304003
      vertex 0.01803122292025696 0.031230994220485517 1.042937554159486
      vertex 0.031230994220485517 0.01803122292025696 1.042937554159486
    endloop
  endfacet
  facet normal 0 0 1
    outer loop
      vertex -0.011431337270142679 -0.006599885650114278 1.1282622171407424
      vertex -0.006599885650114278 -0.011431337270142679 1.1282622171407424
      vertex -0.011431337270142679 0.006599885650114278 1.1282622171407424
    endloop
  endfacet
  facet normal 0 0 1
    outer loop
      vertex -0.011431337270142679 -0.006599885650114278 1.1282622171407424
      vertex -0.011431337270142679 0.006599885650114278 1.1282622171407424
      vertex -0.013199771300228556 0 1.1282622171407424
    endloop
  endfacet
  facet normal -0.4955722198350777 0.132788176096108 0.858356263574049
    outer loop
      vertex -0.031230994220485517 0.01803122292025696 1.1150624458405138
      vertex -0.013199771300228556 0 1.1282622171407424
      vertex -0.011431337270142679 0.006599885650114278 1.1282622171407424
    endloop
  endfacet
  facet normal 0 0 1
    outer loop
      vertex -0.006599885650114278 -0.011431337270142679 1.1282622171407424
      vertex -0.006599885650114278 0.011431337270142679 1.1282622171407424
      vertex -0.011431337270142679 0.006599885650114278 1.1282622171407424
    endloop
  endfacet
  facet normal 0 0 1
    outer loop
      vertex -0.006599885650114278 -0.011431337270142679 1.1282622171407424
      vertex 0 -0.013199771300228556 1.1282622171407424
      vertex -0.006599885650114278 0.011431337270142679 1.1282622171407424
    endloop
  endfacet
  facet normal 0 0 1
    outer loop
      vertex 0 -0.013199771300228556 1.1282622171407424
      vertex 0.006599885650114278 -0.011431337270142679 1.1282622171407424
      vertex 0 0.013199771300228556 1.1282622171407424
    endloop
  endfacet
  facet normal 0 0 1
    outer loop
      vertex 0 -0.013199771300228556 1.1282622171407424
      vertex 0 0.013199771300228556 1.1282622171407424
      vertex -0.006599885650114278 0.011431337270142679 1.1282622171407424
    endloop
  endfacet
  facet normal 0 0 1
    outer loop
      vertex 0.006599885650114278 -0.011431337270142679 1.1282622171407424
      vertex 0.006599885650114278 0.011431337270142679 1.1282622171407424
      vertex 0 0.013199771300228556 1.1282622171407424
    endloop
  endfacet
  facet normal -0.36278404373896983 0.36278404373896983 0.858356263574049
    outer loop
      vertex -0.031230994220485517 0.01803122292025696 1.1150624458405138
      vertex -0.011431337270142679 0.006599885650114278 1.1282622171407424
      vertex -0.01803122292025696 0.031230994220485517 1.1150624458405138
    endloop
  endfacet
  facet normal -0.36278404373896983 0.36278404373896983 0.8583562635740491
    outer loop
      vertex -0.011431337270142679 0.006599885650114278 1.1282622171407424
      vertex -0.006599885650114278 0.011431337270142679 1.1282622171407424
      vertex -0.01803122292025696 0.031230994220485517 1.1150624458405138
    endloop
  endfacet
  facet normal -0.132788176096108 0.49557221983507765 0.858356263574049
    outer loop
      vertex -0.006599885650114278 0.011431337270142679 1.1282622171407424
      vertex 0 0.013199771300228556 1.1282622171407424
      vertex 0 0.03606244584051392 1.1150624458405138
    endloop
  endfacet
  facet normal 0.132788176096108 0.49557221983507765 0.858356263574049
    outer loop
      vertex 0 0.013199771300228556 1.1282622171407424
      vertex 0.006599885650114278 0.011431337270142679 1.1282622171407424
      vertex 0 0.03606244584051392 1.1150624458405138
    endloop
  endfacet
  facet normal 0 0 1
    outer loop
      vertex 0.006599885650114278 -0.011431337270142679 1.1282622171407424
      vertex 0.011431337270142679 -0.006599885650114278 1.1282622171407424
      vertex 0.006599885650114278 0.011431337270142679 1.1282622171407424
    endloop
  endfacet
  facet normal 0 0 1
    outer loop
      vertex 0.011431337270142679 -0.006599885650114278 1.1282622171407424
      vertex 0.013199771300228556 0 1.1282622171407424
      vertex 0.011431337270142679 0.006599885650114278 1.1282622171407424
    endloop
  endfacet
  facet normal 0 0 1
    outer loop
      vertex 0.011431337270142679 -0.006599885650114278 1.1282622171407424
      vertex 0.011431337270142679 0.006599885650114278 1.1282622171407424
      vertex 0.006599885650114278 0.011431337270142679 1.1282622171407424
    endloop
  endfacet
  facet normal 0.49557221983507765 0.132788176096108 0.8583562635740491
    outer loop
      vertex 0.013199771300228556 0 1.1282622171407424
      vertex 0.031230994220485517 0.01803122292025696 1.1150624458405138
      vertex 0.011431337270142679 0.006599885650114278 1.1282622171407424
    endloop
  endfacet
  facet normal 0.4955722198350777 0.1327881760961079 0.858356263574049
    outer loop
      vertex 0.013199771300228556 0 1.1282622171407424
      vertex 0.03606244584051392 0 1.1150624458405138
      vertex 0.031230994220485517 0.01803122292025696 1.1150624458405138
    endloop
  endfacet
  facet normal 0.36278404373896983 0.36278404373896983 0.8583562635740491
    outer loop
      vertex 0.011431337270142679 0.006599885650114278 1.1282622171407424
      vertex 0.01803122292025696 0.031230994220485517 1.1150624458405138
      vertex 0.006599885650114278 0.011431337270142679 1.1282622171407424
    endloop
  endfacet
  facet normal 0.3627840437389699 0.3627840437389699 0.858356263574049
    outer loop
      vertex 0.011431337270142679 0.006599885650114278 1.1282622171407424
      vertex 0.031230994220485517 0.01803122292025696 1.1150624458405138
      vertex 0.01803122292025696 0.031230994220485517 1.1150624458405138
    endloop
  endfacet
  facet normal -0.617565398582495 0.617565398582495 -0.4870584738481491
    outer loop
      vertex -0.031230994220485517 0.01803122292025696 1.042937554159486
      vertex -0.0426623314906282 0.024631108570371242 1.0658002286997714
      vertex -0.01803122292025696 0.031230994220485517 1.042937554159486
    endloop
  endfacet
  facet normal -0.7071067811865475 0.7071067811865475 0
    outer loop
      vertex -0.0426623314906282 0.024631108570371242 1.0658002286997714
      vertex -0.0426623314906282 0.024631108570371242 1.0921997713002285
      vertex -0.024631108570371242 0.0426623314906282 1.0921997713002285
    endloop
  endfacet
  facet normal -0.6175653985824949 0.6175653985824949 -0.4870584738481491
    outer loop
      vertex -0.0426623314906282 0.024631108570371242 1.0658002286997714
      vertex -0.024631108570371242 0.0426623314906282 1.0658002286997714
      vertex -0.01803122292025696 0.031230994220485517 1.042937554159486
    endloop
  endfacet
  facet normal -0.617565398582495 0.617565398582495 0.4870584738481491
    outer loop
      vertex -0.031230994220485517 0.01803122292025696 1.1150624458405138
      vertex -0.01803122292025696 0.031230994220485517 1.1150624458405138
      vertex -0.0426623314906282 0.024631108570371242 1.0921997713002285
    endloop
  endfacet
  facet normal -0.6175653985824949 0.6175653985824949 0.4870584738481491
    outer loop
      vertex -0.0426623314906282 0.024631108570371242 1.0921997713002285
      vertex -0.01803122292025696 0.031230994220485517 1.1150624458405138
      vertex -0.024631108570371242 0.0426623314906282 1.0921997713002285
    endloop
  endfacet
  facet normal -0.7071067811865475 0.7071067811865475 0
    outer loop
      vertex -0.0426623314906282 0.024631108570371242 1.0658002286997714
      vertex -0.024631108570371242 0.0426623314906282 1.0921997713002285
      vertex -0.024631108570371242 0.0426623314906282 1.0658002286997714
    endloop
  endfacet
  facet normal -0.13278817609610746 0.49557221983507593 -0.8583562635740503
    outer loop
      vertex -0.0085 0.014722431864335457 1.0319318459220528
      vertex -0.01803122292025696 0.031230994220485517 1.042937554159486
      vertex 0 0.03606244584051392 1.042937554159486
    endloop
  endfacet
  facet normal -0.13278817609612675 0.4955722198350806 -0.8583562635740446
    outer loop
      vertex -0.0085 0.014722431864335457 1.0319318459220528
      vertex 0 0.03606244584051392 1.042937554159486
      vertex -0.004399923766742853 0.016420739046914164 1.0322780800304003
    endloop
  endfacet
  facet normal -0.13278817609609206 0.4955722198350768 -0.858356263574052
    outer loop
      vertex -0.004399923766742853 0.016420739046914164 1.0322780800304003
      vertex 0 0.03606244584051392 1.042937554159486
      vertex 0 0.017 1.0319318459220528
    endloop
  endfacet
  facet normal 0.13278817609610744 0.4955722198350759 -0.8583562635740503
    outer loop
      vertex 0 0.017 1.0319318459220528
      vertex 0 0.03606244584051392 1.042937554159486
      vertex 0.01803122292025696 0.031230994220485517 1.042937554159486
    endloop
  endfacet
  facet normal -0.22604462437945558 0.8436100229619504 -0.487058473848149
    outer loop
      vertex -0.01803122292025696 0.031230994220485517 1.042937554159486
      vertex 0 0.049262217140742484 1.0658002286997714
      vertex 0 0.03606244584051392 1.042937554159486
    endloop
  endfacet
  facet normal 0.22604462437945558 0.8436100229619504 -0.48705847384814904
    outer loop
      vertex 0 0.03606244584051392 1.042937554159486
      vertex 0 0.049262217140742484 1.0658002286997714
      vertex 0.01803122292025696 0.031230994220485517 1.042937554159486
    endloop
  endfacet
  facet normal 0.617565398582495 0.617565398582495 -0.4870584738481491
    outer loop
      vertex 0.031230994220485517 0.01803122292025696 1.042937554159486
      vertex 0.01803122292025696 0.031230994220485517 1.042937554159486
      vertex 0.0426623314906282 0.024631108570371242 1.0658002286997714
    endloop
  endfacet
  facet normal -0.13278817609610796 0.4955722198350777 0.858356263574049
    outer loop
      vertex -0.006599885650114278 0.011431337270142679 1.1282622171407424
      vertex 0 0.03606244584051392 1.1150624458405138
      vertex -0.01803122292025696 0.031230994220485517 1.1150624458405138
    endloop
  endfacet
  facet normal -0.2260446243794556 0.8436100229619506 -0.4870584738481491
    outer loop
      vertex -0.024631108570371242 0.0426623314906282 1.0658002286997714
      vertex 0 0.049262217140742484 1.0658002286997714
      vertex -0.01803122292025696 0.031230994220485517 1.042937554159486
    endloop
  endfacet
  facet normal -0.2588190451025208 0.9659258262890682 0
    outer loop
      vertex -0.024631108570371242 0.0426623314906282 1.0658002286997714
      vertex -0.024631108570371242 0.0426623314906282 1.0921997713002285
      vertex 0 0.049262217140742484 1.0658002286997714
    endloop
  endfacet
  facet normal -0.2588190451025208 0.9659258262890682 0
    outer loop
      vertex -0.024631108570371242 0.0426623314906282 1.0921997713002285
      vertex 0 0.049262217140742484 1.0921997713002285
      vertex 0 0.049262217140742484 1.0658002286997714
    endloop
  endfacet
  facet normal -0.2260446243794556 0.8436100229619506 0.4870584738481491
    outer loop
      vertex -0.024631108570371242 0.0426623314906282 1.0921997713002285
      vertex -0.01803122292025696 0.031230994220485517 1.1150624458405138
      vertex 0 0.049262217140742484 1.0921997713002285
    endloop
  endfacet
  facet normal -0.22604462437945558 0.8436100229619504 0.487058473848149
    outer loop
      vertex -0.01803122292025696 0.031230994220485517 1.1150624458405138
      vertex 0 0.03606244584051392 1.1150624458405138
      vertex 0 0.049262217140742484 1.0921997713002285
    endloop
  endfacet
  facet normal 0.22604462437945558 0.8436100229619504 0.48705847384814904
    outer loop
      vertex 0 0.03606244584051392 1.1150624458405138
      vertex 0.01803122292025696 0.031230994220485517 1.1150624458405138
      vertex 0 0.049262217140742484 1.0921997713002285
    endloop
  endfacet
  facet normal 0.6175653985824949 0.6175653985824949 -0.48705847384814904
    outer loop
      vertex 0.01803122292025696 0.031230994220485517 1.042937554159486
      vertex 0.024631108570371242 0.0426623314906282 1.0658002286997714
      vertex 0.0426623314906282 0.024631108570371242 1.0658002286997714
    endloop
  endfacet
  facet normal 0.13278817609610796 0.4955722198350777 0.858356263574049
    outer loop
      vertex 0.006599885650114278 0.011431337270142679 1.1282622171407424
      vertex 0.01803122292025696 0.031230994220485517 1.1150624458405138
      vertex 0 0.03606244584051392 1.1150624458405138
    endloop
  endfacet
  facet normal 0.617565398582495 0.617565398582495 0.4870584738481491
    outer loop
      vertex 0.031230994220485517 0.01803122292025696 1.1150624458405138
      vertex 0.0426623314906282 0.024631108570371242 1.0921997713002285
      vertex 0.01803122292025696 0.031230994220485517 1.1150624458405138
    endloop
  endfacet
  facet normal 0.6175653985824949 0.6175653985824949 0.48705847384814904
    outer loop
      vertex 0.01803122292025696 0.031230994220485517 1.1150624458405138
      vertex 0.0426623314906282 0.024631108570371242 1.0921997713002285
      vertex 0.024631108570371242 0.0426623314906282 1.0921997713002285
    endloop
  endfacet
  facet normal 0.22604462437945566 0.8436100229619506 -0.4870584738481491
    outer loop
      vertex 0.01803122292025696 0.031230994220485517 1.042937554159486
      vertex 0 0.049262217140742484 1.0658002286997714
      vertex 0.024631108570371242 0.0426623314906282 1.0658002286997714
    endloop
  endfacet
  facet normal 0.2588190451025208 0.9659258262890682 0
    outer loop
      vertex 0 0.049262217140742484 1.0658002286997714
      vertex 0 0.049262217140742484 1.0921997713002285
      vertex 0.024631108570371242 0.0426623314906282 1.0658002286997714
    endloop
  endfacet
  facet normal 0.2588190451025208 0.9659258262890682 0
    outer loop
      vertex 0 0.049262217140742484 1.0921997713002285
      vertex 0.024631108570371242 0.0426623314906282 1.0921997713002285
      vertex 0.024631108570371242 0.0426623314906282 1.0658002286997714
    endloop
  endfacet
  facet normal 0.7071067811865475 0.7071067811865475 0
    outer loop
      vertex 0.024631108570371242 0.0426623314906282 1.0658002286997714
      vertex 0.024631108570371242 0.0426623314906282 1.0921997713002285
      vertex 0.0426623314906282 0.024631108570371242 1.0921997713002285
    endloop
  endfacet
  facet normal 0.22604462437945566 0.8436100229619506 0.4870584738481491
    outer loop
      vertex 0.01803122292025696 0.031230994220485517 1.1150624458405138
      vertex 0.024631108570371242 0.0426623314906282 1.0921997713002285
      vertex 0 0.049262217140742484 1.0921997713002285
    endloop
  endfacet
  facet normal 0.8436100229619504 -0.22604462437945558 -0.487058473848149
    outer loop
      vertex 0.031230994220485517 -0.01803122292025696 1.042937554159486
      vertex 0.03606244584051392 0 1.042937554159486
      vertex 0.049262217140742484 0 1.0658002286997714
    endloop
  endfacet
  facet normal 0.7071067811865475 -0.7071067811865475 0
    outer loop
      vertex 0.024631108570371242 -0.0426623314906282 1.0921997713002285
      vertex 0.0426623314906282 -0.024631108570371242 1.0658002286997714
      vertex 0.0426623314906282 -0.024631108570371242 1.0921997713002285
    endloop
  endfacet
  facet normal 0.9659258262890682 -0.2588190451025208 0
    outer loop
      vertex 0.0426623314906282 -0.024631108570371242 1.0658002286997714
      vertex 0.049262217140742484 0 1.0658002286997714
      vertex 0.0426623314906282 -0.024631108570371242 1.0921997713002285
    endloop
  endfacet
  facet normal 0.8436100229619506 -0.22604462437945566 -0.4870584738481491
    outer loop
      vertex 0.031230994220485517 -0.01803122292025696 1.042937554159486
      vertex 0.049262217140742484 0 1.0658002286997714
      vertex 0.0426623314906282 -0.024631108570371242 1.0658002286997714
    endloop
  endfacet
  facet normal 0.9659258262890682 -0.2588190451025208 0
    outer loop
      vertex 0.0426623314906282 -0.024631108570371242 1.0921997713002285
      vertex 0.049262217140742484 0 1.0658002286997714
      vertex 0.049262217140742484 0 1.0921997713002285
    endloop
  endfacet
  facet normal 0.8436100229619506 -0.22604462437945566 0.4870584738481491
    outer loop
      vertex 0.031230994220485517 -0.01803122292025696 1.1150624458405138
      vertex 0.0426623314906282 -0.024631108570371242 1.0921997713002285
      vertex 0.049262217140742484 0 1.0921997713002285
    endloop
  endfacet
  facet normal 0.8436100229619504 -0.22604462437945558 0.487058473848149
    outer loop
      vertex 0.031230994220485517 -0.01803122292025696 1.1150624458405138
      vertex 0.049262217140742484 0 1.0921997713002285
      vertex 0.03606244584051392 0 1.1150624458405138
    endloop
  endfacet
  facet normal 0.8436100229619504 0.22604462437945558 -0.487058473848149
    outer loop
      vertex 0.031230994220485517 0.01803122292025696 1.042937554159486
      vertex 0.049262217140742484 0 1.0658002286997714
      vertex 0.03606244584051392 0 1.042937554159486
    endloop
  endfacet
  facet normal 0.9659258262890682 0.2588190451025208 0
    outer loop
      vertex 0.049262217140742484 0 1.0658002286997714
      vertex 0.0426623314906282 0.024631108570371242 1.0658002286997714
      vertex 0.049262217140742484 0 1.0921997713002285
    endloop
  endfacet
  facet normal 0.8436100229619504 0.22604462437945558 0.487058473848149
    outer loop
      vertex 0.031230994220485517 0.01803122292025696 1.1150624458405138
      vertex 0.03606244584051392 0 1.1150624458405138
      vertex 0.049262217140742484 0 1.0921997713002285
    endloop
  endfacet
  facet normal 0.8436100229619506 0.22604462437945566 -0.4870584738481491
    outer loop
      vertex 0.031230994220485517 0.01803122292025696 1.042937554159486
      vertex 0.0426623314906282 0.024631108570371242 1.0658002286997714
      vertex 0.049262217140742484 0 1.0658002286997714
    endloop
  endfacet
  facet normal 0.9659258262890682 0.2588190451025208 0
    outer loop
      vertex 0.049262217140742484 0 1.0921997713002285
      vertex 0.0426623314906282 0.024631108570371242 1.0658002286997714
      vertex 0.0426623314906282 0.024631108570371242 1.0921997713002285
    endloop
  endfacet
  facet normal 0.8436100229619506 0.22604462437945566 0.4870584738481491
    outer loop
      vertex 0.031230994220485517 0.01803122292025696 1.1150624458405138
      vertex 0.049262217140742484 0 1.0921997713002285
      vertex 0.0426623314906282 0.024631108570371242 1.0921997713002285
    endloop
  endfacet
  facet normal 0.7071067811865475 0.7071067811865475 0
    outer loop
      vertex 0.024631108570371242 0.0426623314906282 1.0658002286997714
      vertex 0.0426623314906282 0.024631108570371242 1.0921997713002285
      vertex 0.0426623314906282 0.024631108570371242 1.0658002286997714
    endloop
  endfacet
endsolid OpenSCAD_Model
