solid OpenSCAD_Model
  facet normal 0 0 -1
    outer loop
      vertex -30.482962913144533 29.87059047744874 0
      vertex -30.43301270189222 30.25 0
      vertex -30.43301270189222 29.75 0
    endloop
  endfacet
  facet normal 0 0 -1
    outer loop
      vertex -30.482962913144533 29.87059047744874 0
      vertex -30.5 30 0
      vertex -30.482962913144533 30.12940952255126 0
    endloop
  endfacet
  facet normal 0 0 -1
    outer loop
      vertex -30.353553390593273 29.646446609406727 0
      vertex -30.43301270189222 29.75 0
      vertex -30.353553390593273 30.353553390593273 0
    endloop
  endfacet
  facet normal 0 0 -1
    outer loop
      vertex -30.353553390593273 29.646446609406727 0
      vertex -30.25 30.43301270189222 0
      vertex -30.25 29.56698729810778 0
    endloop
  endfacet
  facet normal 0 0 -1
    outer loop
      vertex -30.25 29.56698729810778 0
      vertex -30.12940952255126 30.482962913144533 0
      vertex -30.12940952255126 29.517037086855467 0
    endloop
  endfacet
  facet normal 0 0 -1
    outer loop
      vertex -30.12940952255126 29.517037086855467 0
      vertex -30 30.5 0
      vertex -30 29.5 0
    endloop
  endfacet
  facet normal 0 0 -1
    outer loop
      vertex -30 29.5 0
      vertex -29.87059047744874 30.482962913144533 0
      vertex -29.87059047744874 29.517037086855467 0
    endloop
  endfacet
  facet normal 0 0 -1
    outer loop
      vertex -29.87059047744874 29.517037086855467 0
      vertex -29.75 30.43301270189222 0
      vertex -29.75 29.56698729810778 0
    endloop
  endfacet
  facet normal 0 0 -1
    outer loop
      vertex -29.75 29.56698729810778 0
      vertex -29.646446609406727 30.353553390593273 0
      vertex -29.646446609406727 29.646446609406727 0
    endloop
  endfacet
  facet normal 0 0 -1
    outer loop
      vertex -29.646446609406727 29.646446609406727 0
      vertex -29.56698729810778 30.25 0
      vertex -29.56698729810778 29.75 0
    endloop
  endfacet
  facet normal 0 0 -1
    outer loop
      vertex -29.56698729810778 29.75 0
      vertex -29.56698729810778 30.25 0
      vertex -29.517037086855467 30.12940952255126 0
    endloop
  endfacet
  facet normal 0 0 -1
    outer loop
      vertex -29.56698729810778 29.75 0
      vertex -29.517037086855467 30.12940952255126 0
      vertex -29.517037086855467 29.87059047744874 0
    endloop
  endfacet
  facet normal 0 0 -1
    outer loop
      vertex -29.517037086855467 29.87059047744874 0
      vertex -29.517037086855467 30.12940952255126 0
      vertex -29.5 30 0
    endloop
  endfacet
  facet normal 0 0 -1
    outer loop
      vertex -30.482962913144533 29.87059047744874 0
      vertex -30.482962913144533 30.12940952255126 0
      vertex -30.43301270189222 30.25 0
    endloop
  endfacet
  facet normal 0 0 -1
    outer loop
      vertex -30.43301270189222 29.75 0
      vertex -30.43301270189222 30.25 0
      vertex -30.353553390593273 30.353553390593273 0
    endloop
  endfacet
  facet normal 0 0 -1
    outer loop
      vertex -30.353553390593273 29.646446609406727 0
      vertex -30.353553390593273 30.353553390593273 0
      vertex -30.25 30.43301270189222 0
    endloop
  endfacet
  facet normal 0 0 -1
    outer loop
      vertex -30.25 29.56698729810778 0
      vertex -30.25 30.43301270189222 0
      vertex -30.12940952255126 30.482962913144533 0
    endloop
  endfacet
  facet normal 0 0 -1
    outer loop
      vertex -30.12940952255126 29.517037086855467 0
      vertex -30.12940952255126 30.482962913144533 0
      vertex -30 30.5 0
    endloop
  endfacet
  facet normal 0 0 -1
    outer loop
      vertex -30 29.5 0
      vertex -30 30.5 0
      vertex -29.87059047744874 30.482962913144533 0
    endloop
  endfacet
  facet normal 0 0 -1
    outer loop
      vertex -29.87059047744874 29.517037086855467 0
      vertex -29.87059047744874 30.482962913144533 0
      vertex -29.75 30.43301270189222 0
    endloop
  endfacet
  facet normal 0 0 -1
    outer loop
      vertex -29.75 29.56698729810778 0
      vertex -29.75 30.43301270189222 0
      vertex -29.646446609406727 30.353553390593273 0
    endloop
  endfacet
  facet normal 0 0 -1
    outer loop
      vertex -29.646446609406727 29.646446609406727 0
      vertex -29.646446609406727 30.353553390593273 0
      vertex -29.56698729810778 30.25 0
    endloop
  endfacet
  facet normal -0.9235090863272567 -0.38252998853151576 0.028315637818597625
    outer loop
      vertex -30.482962913144533 29.87059047744874 0
      vertex -30.43301270189222 29.75 0
      vertex -30.346410161513777 29.8 3.5
    endloop
  endfacet
  facet normal -0.7930352309412929 -0.6085173351194001 0.028315637818597736
    outer loop
      vertex -30.353553390593273 29.646446609406727 0
      vertex -30.28284271247462 29.71715728752538 3.5
      vertex -30.43301270189222 29.75 0
    endloop
  endfacet
  facet normal -0.6085173351194001 -0.7930352309412929 0.028315637818597736
    outer loop
      vertex -30.353553390593273 29.646446609406727 0
      vertex -30.25 29.56698729810778 0
      vertex -30.28284271247462 29.71715728752538 3.5
    endloop
  endfacet
  facet normal -0.9910473236509195 -0.1304738553859571 0.02831563781859715
    outer loop
      vertex -30.482962913144533 29.87059047744874 0
      vertex -30.38637033051563 29.896472381958993 3.5
      vertex -30.5 30 0
    endloop
  endfacet
  facet normal -0.38252998853151576 -0.9235090863272567 0.02831563781859762
    outer loop
      vertex -30.25 29.56698729810778 0
      vertex -30.12940952255126 29.517037086855467 0
      vertex -30.2 29.653589838486223 3.5
    endloop
  endfacet
  facet normal -0.1304738553859571 -0.9910473236509195 0.028315637818598107
    outer loop
      vertex -30.12940952255126 29.517037086855467 0
      vertex -30 29.5 0
      vertex -30 29.6 3.5
    endloop
  endfacet
  facet normal 0.1304738553859571 -0.9910473236509195 0.028315637818597153
    outer loop
      vertex -30 29.5 0
      vertex -29.87059047744874 29.517037086855467 0
      vertex -29.896472381958993 29.61362966948437 3.5
    endloop
  endfacet
  facet normal 0.38252998853151576 -0.9235090863272567 0.028315637818597625
    outer loop
      vertex -29.87059047744874 29.517037086855467 0
      vertex -29.75 29.56698729810778 0
      vertex -29.8 29.653589838486223 3.5
    endloop
  endfacet
  facet normal 0.6085173351194001 -0.7930352309412929 0.028315637818597732
    outer loop
      vertex -29.75 29.56698729810778 0
      vertex -29.646446609406727 29.646446609406727 0
      vertex -29.71715728752538 29.71715728752538 3.5
    endloop
  endfacet
  facet normal 0.7930352309412929 -0.6085173351194001 0.028315637818597736
    outer loop
      vertex -29.646446609406727 29.646446609406727 0
      vertex -29.56698729810778 29.75 0
      vertex -29.71715728752538 29.71715728752538 3.5
    endloop
  endfacet
  facet normal 0.9235090863272567 -0.38252998853151576 0.02831563781859762
    outer loop
      vertex -29.56698729810778 29.75 0
      vertex -29.517037086855467 29.87059047744874 0
      vertex -29.653589838486223 29.8 3.5
    endloop
  endfacet
  facet normal 0.9910473236509195 -0.1304738553859571 0.02831563781859715
    outer loop
      vertex -29.517037086855467 29.87059047744874 0
      vertex -29.5 30 0
      vertex -29.61362966948437 29.896472381958993 3.5
    endloop
  endfacet
  facet normal 0.9910473236509195 0.1304738553859571 0.028315637818598104
    outer loop
      vertex -29.5 30 0
      vertex -29.517037086855467 30.12940952255126 0
      vertex -29.6 30 3.5
    endloop
  endfacet
  facet normal -0.9910473236509195 0.1304738553859571 0.028315637818597153
    outer loop
      vertex -30.5 30 0
      vertex -30.38637033051563 30.103527618041007 3.5
      vertex -30.482962913144533 30.12940952255126 0
    endloop
  endfacet
  facet normal -0.9235090863272567 0.38252998853151576 0.028315637818597625
    outer loop
      vertex -30.482962913144533 30.12940952255126 0
      vertex -30.346410161513777 30.2 3.5
      vertex -30.43301270189222 30.25 0
    endloop
  endfacet
  facet normal -0.7930352309412929 0.6085173351194001 0.028315637818597732
    outer loop
      vertex -30.43301270189222 30.25 0
      vertex -30.28284271247462 30.28284271247462 3.5
      vertex -30.353553390593273 30.353553390593273 0
    endloop
  endfacet
  facet normal -0.6085173351194001 0.7930352309412929 0.028315637818597736
    outer loop
      vertex -30.353553390593273 30.353553390593273 0
      vertex -30.28284271247462 30.28284271247462 3.5
      vertex -30.25 30.43301270189222 0
    endloop
  endfacet
  facet normal -0.38252998853151576 0.9235090863272567 0.02831563781859762
    outer loop
      vertex -30.25 30.43301270189222 0
      vertex -30.2 30.346410161513777 3.5
      vertex -30.12940952255126 30.482962913144533 0
    endloop
  endfacet
  facet normal -0.1304738553859571 0.9910473236509195 0.02831563781859715
    outer loop
      vertex -30.12940952255126 30.482962913144533 0
      vertex -30.103527618041007 30.38637033051563 3.5
      vertex -30 30.5 0
    endloop
  endfacet
  facet normal 0.1304738553859571 0.9910473236509195 0.028315637818598104
    outer loop
      vertex -30 30.5 0
      vertex -30 30.4 3.5
      vertex -29.87059047744874 30.482962913144533 0
    endloop
  endfacet
  facet normal 0.38252998853151576 0.9235090863272567 0.028315637818597625
    outer loop
      vertex -29.87059047744874 30.482962913144533 0
      vertex -29.8 30.346410161513777 3.5
      vertex -29.75 30.43301270189222 0
    endloop
  endfacet
  facet normal 0.6085173351194001 0.7930352309412929 0.028315637818597736
    outer loop
      vertex -29.646446609406727 30.353553390593273 0
      vertex -29.75 30.43301270189222 0
      vertex -29.71715728752538 30.28284271247462 3.5
    endloop
  endfacet
  facet normal 0.9235090863272567 0.38252998853151576 0.028315637818597625
    outer loop
      vertex -29.517037086855467 30.12940952255126 0
      vertex -29.56698729810778 30.25 0
      vertex -29.653589838486223 30.2 3.5
    endloop
  endfacet
  facet normal 0.7930352309412929 0.6085173351194001 0.028315637818597736
    outer loop
      vertex -29.646446609406727 30.353553390593273 0
      vertex -29.71715728752538 30.28284271247462 3.5
      vertex -29.56698729810778 30.25 0
    endloop
  endfacet
  facet normal -0.7930352309412921 -0.6085173351194011 0.02831563781859769
    outer loop
      vertex -30.43301270189222 29.75 0
      vertex -30.28284271247462 29.71715728752538 3.5
      vertex -30.346410161513777 29.8 3.5
    endloop
  endfacet
  facet normal -0.9235090863272529 -0.3825299885315249 0.02831563781859728
    outer loop
      vertex -30.482962913144533 29.87059047744874 0
      vertex -30.346410161513777 29.8 3.5
      vertex -30.38637033051563 29.896472381958993 3.5
    endloop
  endfacet
  facet normal -0.9910473236509237 -0.13047385538592543 0.02831563781859822
    outer loop
      vertex -30.38637033051563 29.896472381958993 3.5
      vertex -30.4 30 3.5
      vertex -30.5 30 0
    endloop
  endfacet
  facet normal -0.9910473236509237 0.13047385538592543 0.02831563781859822
    outer loop
      vertex -30.5 30 0
      vertex -30.4 30 3.5
      vertex -30.38637033051563 30.103527618041007 3.5
    endloop
  endfacet
  facet normal -0.3825299885315249 -0.9235090863272529 0.02831563781859728
    outer loop
      vertex -30.12940952255126 29.517037086855467 0
      vertex -30.103527618041007 29.61362966948437 3.5
      vertex -30.2 29.653589838486223 3.5
    endloop
  endfacet
  facet normal -0.13047385538592543 -0.9910473236509237 0.028315637818597028
    outer loop
      vertex -30.12940952255126 29.517037086855467 0
      vertex -30 29.6 3.5
      vertex -30.103527618041007 29.61362966948437 3.5
    endloop
  endfacet
  facet normal 0.13047385538592543 -0.9910473236509237 0.02831563781859822
    outer loop
      vertex -30 29.5 0
      vertex -29.896472381958993 29.61362966948437 3.5
      vertex -30 29.6 3.5
    endloop
  endfacet
  facet normal -0.6085173351194011 -0.7930352309412921 0.02831563781859769
    outer loop
      vertex -30.25 29.56698729810778 0
      vertex -30.2 29.653589838486223 3.5
      vertex -30.28284271247462 29.71715728752538 3.5
    endloop
  endfacet
  facet normal 0.3825299885315249 -0.9235090863272529 0.02831563781859728
    outer loop
      vertex -29.87059047744874 29.517037086855467 0
      vertex -29.8 29.653589838486223 3.5
      vertex -29.896472381958993 29.61362966948437 3.5
    endloop
  endfacet
  facet normal 0.6085173351194011 -0.7930352309412921 0.02831563781859769
    outer loop
      vertex -29.75 29.56698729810778 0
      vertex -29.71715728752538 29.71715728752538 3.5
      vertex -29.8 29.653589838486223 3.5
    endloop
  endfacet
  facet normal 0.7930352309412921 -0.6085173351194011 0.02831563781859769
    outer loop
      vertex -29.56698729810778 29.75 0
      vertex -29.653589838486223 29.8 3.5
      vertex -29.71715728752538 29.71715728752538 3.5
    endloop
  endfacet
  facet normal 0.9235090863272529 -0.3825299885315249 0.02831563781859728
    outer loop
      vertex -29.517037086855467 29.87059047744874 0
      vertex -29.61362966948437 29.896472381958993 3.5
      vertex -29.653589838486223 29.8 3.5
    endloop
  endfacet
  facet normal 0.9910473236509237 -0.13047385538592543 0.02831563781859822
    outer loop
      vertex -29.61362966948437 29.896472381958993 3.5
      vertex -29.5 30 0
      vertex -29.6 30 3.5
    endloop
  endfacet
  facet normal -0.9235090863272529 0.3825299885315249 0.02831563781859728
    outer loop
      vertex -30.482962913144533 30.12940952255126 0
      vertex -30.38637033051563 30.103527618041007 3.5
      vertex -30.346410161513777 30.2 3.5
    endloop
  endfacet
  facet normal -0.7930352309412921 0.6085173351194011 0.02831563781859769
    outer loop
      vertex -30.43301270189222 30.25 0
      vertex -30.346410161513777 30.2 3.5
      vertex -30.28284271247462 30.28284271247462 3.5
    endloop
  endfacet
  facet normal -0.6085173351194011 0.7930352309412921 0.02831563781859769
    outer loop
      vertex -30.25 30.43301270189222 0
      vertex -30.28284271247462 30.28284271247462 3.5
      vertex -30.2 30.346410161513777 3.5
    endloop
  endfacet
  facet normal -0.3825299885315249 0.9235090863272529 0.02831563781859728
    outer loop
      vertex -30.12940952255126 30.482962913144533 0
      vertex -30.2 30.346410161513777 3.5
      vertex -30.103527618041007 30.38637033051563 3.5
    endloop
  endfacet
  facet normal -0.13047385538592543 0.9910473236509237 0.02831563781859822
    outer loop
      vertex -30.103527618041007 30.38637033051563 3.5
      vertex -30 30.4 3.5
      vertex -30 30.5 0
    endloop
  endfacet
  facet normal 0.13047385538592543 0.9910473236509237 0.028315637818597028
    outer loop
      vertex -29.87059047744874 30.482962913144533 0
      vertex -30 30.4 3.5
      vertex -29.896472381958993 30.38637033051563 3.5
    endloop
  endfacet
  facet normal 0.6085173351194011 0.7930352309412921 0.02831563781859769
    outer loop
      vertex -29.75 30.43301270189222 0
      vertex -29.8 30.346410161513777 3.5
      vertex -29.71715728752538 30.28284271247462 3.5
    endloop
  endfacet
  facet normal 0.3825299885315249 0.9235090863272529 0.02831563781859728
    outer loop
      vertex -29.87059047744874 30.482962913144533 0
      vertex -29.896472381958993 30.38637033051563 3.5
      vertex -29.8 30.346410161513777 3.5
    endloop
  endfacet
  facet normal 0.9235090863272529 0.3825299885315249 0.02831563781859728
    outer loop
      vertex -29.517037086855467 30.12940952255126 0
      vertex -29.653589838486223 30.2 3.5
      vertex -29.61362966948437 30.103527618041007 3.5
    endloop
  endfacet
  facet normal 0.9910473236509237 0.13047385538592543 0.028315637818597028
    outer loop
      vertex -29.517037086855467 30.12940952255126 0
      vertex -29.61362966948437 30.103527618041007 3.5
      vertex -29.6 30 3.5
    endloop
  endfacet
  facet normal 0.7930352309412921 0.6085173351194011 0.02831563781859769
    outer loop
      vertex -29.56698729810778 30.25 0
      vertex -29.71715728752538 30.28284271247462 3.5
      vertex -29.653589838486223 30.2 3.5
    endloop
  endfacet
  facet normal 0 0 1
    outer loop
      vertex -30.28284271247462 29.71715728752538 3.5
      vertex -30.346410161513777 30.2 3.5
      vertex -30.346410161513777 29.8 3.5
    endloop
  endfacet
  facet normal 0 0 1
    outer loop
      vertex -30.38637033051563 29.896472381958993 3.5
      vertex -30.346410161513777 29.8 3.5
      vertex -30.38637033051563 30.103527618041007 3.5
    endloop
  endfacet
  facet normal 0 0 1
    outer loop
      vertex -30.38637033051563 29.896472381958993 3.5
      vertex -30.38637033051563 30.103527618041007 3.5
      vertex -30.4 30 3.5
    endloop
  endfacet
  facet normal 0 0 1
    outer loop
      vertex -30.346410161513777 29.8 3.5
      vertex -30.346410161513777 30.2 3.5
      vertex -30.38637033051563 30.103527618041007 3.5
    endloop
  endfacet
  facet normal 0 0 1
    outer loop
      vertex -30.28284271247462 29.71715728752538 3.5
      vertex -30.28284271247462 30.28284271247462 3.5
      vertex -30.346410161513777 30.2 3.5
    endloop
  endfacet
  facet normal 0 0 1
    outer loop
      vertex -30.28284271247462 29.71715728752538 3.5
      vertex -30.23599192253126 29.86375 3.5
      vertex -30.26321478766377 29.929471810209563 3.5
    endloop
  endfacet
  facet normal 0 0 1
    outer loop
      vertex -30.28284271247462 29.71715728752538 3.5
      vertex -30.2 29.653589838486223 3.5
      vertex -30.23599192253126 29.86375 3.5
    endloop
  endfacet
  facet normal 0 0 1
    outer loop
      vertex -30.2 29.653589838486223 3.5
      vertex -30.192686597873333 29.807313402126667 3.5
      vertex -30.23599192253126 29.86375 3.5
    endloop
  endfacet
  facet normal 0 0 1
    outer loop
      vertex -30.2 29.653589838486223 3.5
      vertex -30.103527618041007 29.61362966948437 3.5
      vertex -30.13625 29.76400807746874 3.5
    endloop
  endfacet
  facet normal 0 0 1
    outer loop
      vertex -30.103527618041007 29.61362966948437 3.5
      vertex -30.070528189790437 29.73678521233623 3.5
      vertex -30.13625 29.76400807746874 3.5
    endloop
  endfacet
  facet normal 0 0 1
    outer loop
      vertex -30.2 29.653589838486223 3.5
      vertex -30.13625 29.76400807746874 3.5
      vertex -30.192686597873333 29.807313402126667 3.5
    endloop
  endfacet
  facet normal 0 0 1
    outer loop
      vertex -30.28284271247462 29.71715728752538 3.5
      vertex -30.26321478766377 29.929471810209563 3.5
      vertex -30.2725 30 3.5
    endloop
  endfacet
  facet normal 0 0 1
    outer loop
      vertex -30.28284271247462 29.71715728752538 3.5
      vertex -30.2725 30 3.5
      vertex -30.28284271247462 30.28284271247462 3.5
    endloop
  endfacet
  facet normal 0 0 1
    outer loop
      vertex -30.103527618041007 29.61362966948437 3.5
      vertex -30 29.6 3.5
      vertex -30.070528189790437 29.73678521233623 3.5
    endloop
  endfacet
  facet normal 0 0 1
    outer loop
      vertex -30 29.6 3.5
      vertex -30 29.7275 3.5
      vertex -30.070528189790437 29.73678521233623 3.5
    endloop
  endfacet
  facet normal 0 0 1
    outer loop
      vertex -30 29.6 3.5
      vertex -29.896472381958993 29.61362966948437 3.5
      vertex -30 29.7275 3.5
    endloop
  endfacet
  facet normal 0 0 1
    outer loop
      vertex -29.896472381958993 29.61362966948437 3.5
      vertex -29.8 29.653589838486223 3.5
      vertex -29.929471810209563 29.73678521233623 3.5
    endloop
  endfacet
  facet normal 0 0 1
    outer loop
      vertex -29.896472381958993 29.61362966948437 3.5
      vertex -29.929471810209563 29.73678521233623 3.5
      vertex -30 29.7275 3.5
    endloop
  endfacet
  facet normal 0 0 1
    outer loop
      vertex -29.8 29.653589838486223 3.5
      vertex -29.86375 29.76400807746874 3.5
      vertex -29.929471810209563 29.73678521233623 3.5
    endloop
  endfacet
  facet normal 0 0 1
    outer loop
      vertex -29.8 29.653589838486223 3.5
      vertex -29.71715728752538 29.71715728752538 3.5
      vertex -29.807313402126667 29.807313402126667 3.5
    endloop
  endfacet
  facet normal 0 0 1
    outer loop
      vertex -29.8 29.653589838486223 3.5
      vertex -29.807313402126667 29.807313402126667 3.5
      vertex -29.86375 29.76400807746874 3.5
    endloop
  endfacet
  facet normal 0 0 1
    outer loop
      vertex -29.71715728752538 29.71715728752538 3.5
      vertex -29.76400807746874 29.86375 3.5
      vertex -29.807313402126667 29.807313402126667 3.5
    endloop
  endfacet
  facet normal 0 0 1
    outer loop
      vertex -29.71715728752538 29.71715728752538 3.5
      vertex -29.73678521233623 29.929471810209563 3.5
      vertex -29.76400807746874 29.86375 3.5
    endloop
  endfacet
  facet normal 0 0 1
    outer loop
      vertex -29.71715728752538 29.71715728752538 3.5
      vertex -29.7275 30 3.5
      vertex -29.73678521233623 29.929471810209563 3.5
    endloop
  endfacet
  facet normal 0 0 1
    outer loop
      vertex -29.71715728752538 29.71715728752538 3.5
      vertex -29.653589838486223 29.8 3.5
      vertex -29.71715728752538 30.28284271247462 3.5
    endloop
  endfacet
  facet normal 0 0 1
    outer loop
      vertex -29.71715728752538 29.71715728752538 3.5
      vertex -29.71715728752538 30.28284271247462 3.5
      vertex -29.7275 30 3.5
    endloop
  endfacet
  facet normal 0 0 1
    outer loop
      vertex -29.653589838486223 29.8 3.5
      vertex -29.61362966948437 29.896472381958993 3.5
      vertex -29.653589838486223 30.2 3.5
    endloop
  endfacet
  facet normal 0 0 1
    outer loop
      vertex -29.61362966948437 29.896472381958993 3.5
      vertex -29.6 30 3.5
      vertex -29.61362966948437 30.103527618041007 3.5
    endloop
  endfacet
  facet normal 0 0 1
    outer loop
      vertex -29.61362966948437 29.896472381958993 3.5
      vertex -29.61362966948437 30.103527618041007 3.5
      vertex -29.653589838486223 30.2 3.5
    endloop
  endfacet
  facet normal 0 0 1
    outer loop
      vertex -30.28284271247462 30.28284271247462 3.5
      vertex -30.2725 30 3.5
      vertex -30.26321478766377 30.070528189790437 3.5
    endloop
  endfacet
  facet normal 0 0 1
    outer loop
      vertex -30.28284271247462 30.28284271247462 3.5
      vertex -30.26321478766377 30.070528189790437 3.5
      vertex -30.23599192253126 30.13625 3.5
    endloop
  endfacet
  facet normal 0 0 1
    outer loop
      vertex -30.28284271247462 30.28284271247462 3.5
      vertex -30.23599192253126 30.13625 3.5
      vertex -30.192686597873333 30.192686597873333 3.5
    endloop
  endfacet
  facet normal 0 0 1
    outer loop
      vertex -30.28284271247462 30.28284271247462 3.5
      vertex -30.192686597873333 30.192686597873333 3.5
      vertex -30.2 30.346410161513777 3.5
    endloop
  endfacet
  facet normal 0 0 1
    outer loop
      vertex -30.2 30.346410161513777 3.5
      vertex -30.192686597873333 30.192686597873333 3.5
      vertex -30.13625 30.23599192253126 3.5
    endloop
  endfacet
  facet normal 0 0 1
    outer loop
      vertex -30.2 30.346410161513777 3.5
      vertex -30.13625 30.23599192253126 3.5
      vertex -30.070528189790437 30.26321478766377 3.5
    endloop
  endfacet
  facet normal 0 0 1
    outer loop
      vertex -30.2 30.346410161513777 3.5
      vertex -30.070528189790437 30.26321478766377 3.5
      vertex -30.103527618041007 30.38637033051563 3.5
    endloop
  endfacet
  facet normal 0 0 1
    outer loop
      vertex -30.103527618041007 30.38637033051563 3.5
      vertex -30.070528189790437 30.26321478766377 3.5
      vertex -30 30.2725 3.5
    endloop
  endfacet
  facet normal 0 0 1
    outer loop
      vertex -30.103527618041007 30.38637033051563 3.5
      vertex -30 30.2725 3.5
      vertex -30 30.4 3.5
    endloop
  endfacet
  facet normal 0 0 1
    outer loop
      vertex -30 30.4 3.5
      vertex -30 30.2725 3.5
      vertex -29.929471810209563 30.26321478766377 3.5
    endloop
  endfacet
  facet normal 0 0 1
    outer loop
      vertex -29.896472381958993 30.38637033051563 3.5
      vertex -29.929471810209563 30.26321478766377 3.5
      vertex -29.86375 30.23599192253126 3.5
    endloop
  endfacet
  facet normal 0 0 1
    outer loop
      vertex -30 30.4 3.5
      vertex -29.929471810209563 30.26321478766377 3.5
      vertex -29.896472381958993 30.38637033051563 3.5
    endloop
  endfacet
  facet normal 0 0 1
    outer loop
      vertex -29.8 30.346410161513777 3.5
      vertex -29.807313402126667 30.192686597873333 3.5
      vertex -29.76400807746874 30.13625 3.5
    endloop
  endfacet
  facet normal 0 0 1
    outer loop
      vertex -29.8 30.346410161513777 3.5
      vertex -29.86375 30.23599192253126 3.5
      vertex -29.807313402126667 30.192686597873333 3.5
    endloop
  endfacet
  facet normal 0 0 1
    outer loop
      vertex -29.8 30.346410161513777 3.5
      vertex -29.76400807746874 30.13625 3.5
      vertex -29.71715728752538 30.28284271247462 3.5
    endloop
  endfacet
  facet normal 0 0 1
    outer loop
      vertex -29.71715728752538 30.28284271247462 3.5
      vertex -29.73678521233623 30.070528189790437 3.5
      vertex -29.7275 30 3.5
    endloop
  endfacet
  facet normal 0 0 1
    outer loop
      vertex -29.71715728752538 30.28284271247462 3.5
      vertex -29.76400807746874 30.13625 3.5
      vertex -29.73678521233623 30.070528189790437 3.5
    endloop
  endfacet
  facet normal 0 0 1
    outer loop
      vertex -29.653589838486223 29.8 3.5
      vertex -29.653589838486223 30.2 3.5
      vertex -29.71715728752538 30.28284271247462 3.5
    endloop
  endfacet
  facet normal 0 0 1
    outer loop
      vertex -29.896472381958993 30.38637033051563 3.5
      vertex -29.86375 30.23599192253126 3.5
      vertex -29.8 30.346410161513777 3.5
    endloop
  endfacet
  facet normal -0.12098755222429672 -0.9189916973962241 -0.3752549431034585
    outer loop
      vertex -30.672929517266553 27.488592851648423 9.2
      vertex -30.070528189790437 29.73678521233623 3.5
      vertex -30 27.4 9.2
    endloop
  endfacet
  facet normal 0.12098755222429673 -0.9189916973962242 -0.37525494310345836
    outer loop
      vertex -30 27.4 9.2
      vertex -30 29.7275 3.5
      vertex -29.327070482733447 27.488592851648423 9.2
    endloop
  endfacet
  facet normal -0.8563639319242585 -0.3547175549301778 -0.3752549431034589
    outer loop
      vertex -32.25166604983954 28.7 9.2
      vertex -30.26321478766377 29.929471810209563 3.5
      vertex -30.23599192253126 29.86375 3.5
    endloop
  endfacet
  facet normal -0.7353763796999584 -0.5642741424660557 -0.3752549431034591
    outer loop
      vertex -32.25166604983954 28.7 9.2
      vertex -30.23599192253126 29.86375 3.5
      vertex -30.192686597873333 29.807313402126667 3.5
    endloop
  endfacet
  facet normal -0.918991697396221 -0.1209875522243162 -0.3752549431034599
    outer loop
      vertex -32.51140714835158 29.327070482733447 9.2
      vertex -30.2725 30 3.5
      vertex -30.26321478766377 29.929471810209563 3.5
    endloop
  endfacet
  facet normal -0.9189916973962224 0.12098755222431237 -0.37525494310345764
    outer loop
      vertex -32.6 30 9.2
      vertex -30.26321478766377 30.070528189790437 3.5
      vertex -30.2725 30 3.5
    endloop
  endfacet
  facet normal -0.8563639319242599 0.35471755493017426 -0.37525494310345897
    outer loop
      vertex -32.51140714835158 30.672929517266553 9.2
      vertex -30.23599192253126 30.13625 3.5
      vertex -30.26321478766377 30.070528189790437 3.5
    endloop
  endfacet
  facet normal -0.7353763796999584 0.5642741424660557 -0.3752549431034591
    outer loop
      vertex -32.25166604983954 31.3 9.2
      vertex -30.192686597873333 30.192686597873333 3.5
      vertex -30.23599192253126 30.13625 3.5
    endloop
  endfacet
  facet normal -0.5642741424660586 -0.7353763796999568 -0.3752549431034573
    outer loop
      vertex -31.3 27.74833395016046 9.2
      vertex -30.192686597873333 29.807313402126667 3.5
      vertex -30.13625 29.76400807746874 3.5
    endloop
  endfacet
  facet normal -0.35471755493017426 -0.8563639319242599 -0.37525494310345897
    outer loop
      vertex -30.672929517266553 27.488592851648423 9.2
      vertex -30.13625 29.76400807746874 3.5
      vertex -30.070528189790437 29.73678521233623 3.5
    endloop
  endfacet
  facet normal -0.12098755222431237 -0.9189916973962224 -0.37525494310345764
    outer loop
      vertex -30 27.4 9.2
      vertex -30.070528189790437 29.73678521233623 3.5
      vertex -30 29.7275 3.5
    endloop
  endfacet
  facet normal 0.12098755222431223 -0.9189916973962218 -0.3752549431034592
    outer loop
      vertex -29.327070482733447 27.488592851648423 9.2
      vertex -30 29.7275 3.5
      vertex -29.929471810209563 29.73678521233623 3.5
    endloop
  endfacet
  facet normal 0.3547175549301744 -0.8563639319242601 -0.3752549431034585
    outer loop
      vertex -28.7 27.74833395016046 9.2
      vertex -29.929471810209563 29.73678521233623 3.5
      vertex -29.86375 29.76400807746874 3.5
    endloop
  endfacet
  facet normal 0.5642741424660586 -0.7353763796999568 -0.3752549431034573
    outer loop
      vertex -28.7 27.74833395016046 9.2
      vertex -29.86375 29.76400807746874 3.5
      vertex -29.807313402126667 29.807313402126667 3.5
    endloop
  endfacet
  facet normal 0.7353763796999568 -0.5642741424660586 -0.3752549431034573
    outer loop
      vertex -27.74833395016046 28.7 9.2
      vertex -29.807313402126667 29.807313402126667 3.5
      vertex -29.76400807746874 29.86375 3.5
    endloop
  endfacet
  facet normal -0.5642741424660557 0.7353763796999584 -0.3752549431034591
    outer loop
      vertex -31.3 32.25166604983954 9.2
      vertex -30.13625 30.23599192253126 3.5
      vertex -30.192686597873333 30.192686597873333 3.5
    endloop
  endfacet
  facet normal -0.3547175549301778 0.8563639319242585 -0.3752549431034589
    outer loop
      vertex -31.3 32.25166604983954 9.2
      vertex -30.070528189790437 30.26321478766377 3.5
      vertex -30.13625 30.23599192253126 3.5
    endloop
  endfacet
  facet normal -0.1209875522243162 0.918991697396221 -0.3752549431034599
    outer loop
      vertex -30.672929517266553 32.51140714835158 9.2
      vertex -30 30.2725 3.5
      vertex -30.070528189790437 30.26321478766377 3.5
    endloop
  endfacet
  facet normal 0.12098755222431237 0.9189916973962224 -0.37525494310345764
    outer loop
      vertex -30 32.6 9.2
      vertex -29.929471810209563 30.26321478766377 3.5
      vertex -30 30.2725 3.5
    endloop
  endfacet
  facet normal 0.5642741424660557 0.7353763796999584 -0.3752549431034591
    outer loop
      vertex -28.7 32.25166604983954 9.2
      vertex -29.807313402126667 30.192686597873333 3.5
      vertex -29.86375 30.23599192253126 3.5
    endloop
  endfacet
  facet normal 0.8563639319242601 0.3547175549301744 -0.3752549431034585
    outer loop
      vertex -27.74833395016046 31.3 9.2
      vertex -29.73678521233623 30.070528189790437 3.5
      vertex -29.76400807746874 30.13625 3.5
    endloop
  endfacet
  facet normal 0.7353763796999568 0.5642741424660586 -0.3752549431034573
    outer loop
      vertex -27.74833395016046 31.3 9.2
      vertex -29.76400807746874 30.13625 3.5
      vertex -29.807313402126667 30.192686597873333 3.5
    endloop
  endfacet
  facet normal 0.35471755493017426 0.8563639319242599 -0.37525494310345897
    outer loop
      vertex -29.327070482733447 32.51140714835158 9.2
      vertex -29.86375 30.23599192253126 3.5
      vertex -29.929471810209563 30.26321478766377 3.5
    endloop
  endfacet
  facet normal 0.8563639319242599 -0.35471755493017426 -0.37525494310345897
    outer loop
      vertex -27.488592851648423 29.327070482733447 9.2
      vertex -29.76400807746874 29.86375 3.5
      vertex -29.73678521233623 29.929471810209563 3.5
    endloop
  endfacet
  facet normal 0.9189916973962224 -0.12098755222431237 -0.37525494310345764
    outer loop
      vertex -27.4 30 9.2
      vertex -29.73678521233623 29.929471810209563 3.5
      vertex -29.7275 30 3.5
    endloop
  endfacet
  facet normal 0.9189916973962218 0.12098755222431223 -0.3752549431034592
    outer loop
      vertex -27.488592851648423 30.672929517266553 9.2
      vertex -29.7275 30 3.5
      vertex -29.73678521233623 30.070528189790437 3.5
    endloop
  endfacet
  facet normal -0.8563639319242586 -0.3547175549301777 -0.3752549431034588
    outer loop
      vertex -32.51140714835158 29.327070482733447 9.2
      vertex -30.26321478766377 29.929471810209563 3.5
      vertex -32.25166604983954 28.7 9.2
    endloop
  endfacet
  facet normal -0.9189916973962247 -0.12098755222429192 -0.3752549431034585
    outer loop
      vertex -32.51140714835158 29.327070482733447 9.2
      vertex -32.6 30 9.2
      vertex -30.2725 30 3.5
    endloop
  endfacet
  facet normal -0.7353763796999637 -0.564274142466049 -0.37525494310345875
    outer loop
      vertex -31.838477631085023 28.161522368914977 9.2
      vertex -32.25166604983954 28.7 9.2
      vertex -30.192686597873333 29.807313402126667 3.5
    endloop
  endfacet
  facet normal -0.5642741424660459 -0.735376379699966 -0.3752549431034585
    outer loop
      vertex -31.838477631085023 28.161522368914977 9.2
      vertex -30.192686597873333 29.807313402126667 3.5
      vertex -31.3 27.74833395016046 9.2
    endloop
  endfacet
  facet normal -0.9189916973962247 0.12098755222429192 -0.37525494310345875
    outer loop
      vertex -32.6 30 9.2
      vertex -32.51140714835158 30.672929517266553 9.2
      vertex -30.26321478766377 30.070528189790437 3.5
    endloop
  endfacet
  facet normal -0.8563639319242586 0.3547175549301777 -0.37525494310345875
    outer loop
      vertex -32.51140714835158 30.672929517266553 9.2
      vertex -32.25166604983954 31.3 9.2
      vertex -30.23599192253126 30.13625 3.5
    endloop
  endfacet
  facet normal -0.7353763796999637 0.564274142466049 -0.37525494310345875
    outer loop
      vertex -32.25166604983954 31.3 9.2
      vertex -31.838477631085023 31.838477631085023 9.2
      vertex -30.192686597873333 30.192686597873333 3.5
    endloop
  endfacet
  facet normal -0.564274142466049 0.7353763796999637 -0.37525494310345875
    outer loop
      vertex -31.838477631085023 31.838477631085023 9.2
      vertex -31.3 32.25166604983954 9.2
      vertex -30.192686597873333 30.192686597873333 3.5
    endloop
  endfacet
  facet normal -0.35471755493017776 -0.8563639319242589 -0.37525494310345836
    outer loop
      vertex -31.3 27.74833395016046 9.2
      vertex -30.13625 29.76400807746874 3.5
      vertex -30.672929517266553 27.488592851648423 9.2
    endloop
  endfacet
  facet normal 0.35471755493017776 -0.8563639319242589 -0.37525494310345836
    outer loop
      vertex -29.327070482733447 27.488592851648423 9.2
      vertex -29.929471810209563 29.73678521233623 3.5
      vertex -28.7 27.74833395016046 9.2
    endloop
  endfacet
  facet normal -0.3547175549301777 0.8563639319242586 -0.3752549431034588
    outer loop
      vertex -31.3 32.25166604983954 9.2
      vertex -30.672929517266553 32.51140714835158 9.2
      vertex -30.070528189790437 30.26321478766377 3.5
    endloop
  endfacet
  facet normal -0.12098755222429192 0.9189916973962247 -0.3752549431034585
    outer loop
      vertex -30.672929517266553 32.51140714835158 9.2
      vertex -30 32.6 9.2
      vertex -30 30.2725 3.5
    endloop
  endfacet
  facet normal 0.12098755222429192 0.9189916973962247 -0.37525494310345875
    outer loop
      vertex -30 32.6 9.2
      vertex -29.327070482733447 32.51140714835158 9.2
      vertex -29.929471810209563 30.26321478766377 3.5
    endloop
  endfacet
  facet normal 0.3547175549301777 0.8563639319242586 -0.37525494310345875
    outer loop
      vertex -29.327070482733447 32.51140714835158 9.2
      vertex -28.7 32.25166604983954 9.2
      vertex -29.86375 30.23599192253126 3.5
    endloop
  endfacet
  facet normal 0.5642741424660459 -0.735376379699966 -0.3752549431034585
    outer loop
      vertex -28.7 27.74833395016046 9.2
      vertex -29.807313402126667 29.807313402126667 3.5
      vertex -28.161522368914977 28.161522368914977 9.2
    endloop
  endfacet
  facet normal 0.735376379699966 -0.5642741424660459 -0.3752549431034585
    outer loop
      vertex -28.161522368914977 28.161522368914977 9.2
      vertex -29.807313402126667 29.807313402126667 3.5
      vertex -27.74833395016046 28.7 9.2
    endloop
  endfacet
  facet normal 0.8563639319242589 -0.35471755493017776 -0.37525494310345836
    outer loop
      vertex -27.74833395016046 28.7 9.2
      vertex -29.76400807746874 29.86375 3.5
      vertex -27.488592851648423 29.327070482733447 9.2
    endloop
  endfacet
  facet normal 0.9189916973962241 -0.12098755222429672 -0.3752549431034585
    outer loop
      vertex -27.488592851648423 29.327070482733447 9.2
      vertex -29.73678521233623 29.929471810209563 3.5
      vertex -27.4 30 9.2
    endloop
  endfacet
  facet normal 0.9189916973962242 0.12098755222429673 -0.37525494310345836
    outer loop
      vertex -27.4 30 9.2
      vertex -29.7275 30 3.5
      vertex -27.488592851648423 30.672929517266553 9.2
    endloop
  endfacet
  facet normal 0.8563639319242589 0.35471755493017776 -0.37525494310345836
    outer loop
      vertex -27.488592851648423 30.672929517266553 9.2
      vertex -29.73678521233623 30.070528189790437 3.5
      vertex -27.74833395016046 31.3 9.2
    endloop
  endfacet
  facet normal 0.564274142466049 0.7353763796999637 -0.37525494310345875
    outer loop
      vertex -28.161522368914977 31.838477631085023 9.2
      vertex -29.807313402126667 30.192686597873333 3.5
      vertex -28.7 32.25166604983954 9.2
    endloop
  endfacet
  facet normal 0.735376379699966 0.5642741424660459 -0.3752549431034585
    outer loop
      vertex -28.161522368914977 31.838477631085023 9.2
      vertex -27.74833395016046 31.3 9.2
      vertex -29.807313402126667 30.192686597873333 3.5
    endloop
  endfacet
  facet normal 0 0 1
    outer loop
      vertex -32.51140714835158 29.327070482733447 9.2
      vertex -32.25166604983954 28.7 9.2
      vertex -32.51140714835158 30.672929517266553 9.2
    endloop
  endfacet
  facet normal 0 0 1
    outer loop
      vertex -32.51140714835158 29.327070482733447 9.2
      vertex -32.51140714835158 30.672929517266553 9.2
      vertex -32.6 30 9.2
    endloop
  endfacet
  facet normal 0 0 1
    outer loop
      vertex -31.838477631085023 28.161522368914977 9.2
      vertex -32.25166604983954 31.3 9.2
      vertex -32.25166604983954 28.7 9.2
    endloop
  endfacet
  facet normal 0 0 1
    outer loop
      vertex -31.838477631085023 28.161522368914977 9.2
      vertex -31.3 27.74833395016046 9.2
      vertex -31.838477631085023 31.838477631085023 9.2
    endloop
  endfacet
  facet normal 0 0 1
    outer loop
      vertex -31.3 27.74833395016046 9.2
      vertex -30.672929517266553 27.488592851648423 9.2
      vertex -31.3 32.25166604983954 9.2
    endloop
  endfacet
  facet normal 0 0 1
    outer loop
      vertex -32.25166604983954 28.7 9.2
      vertex -32.25166604983954 31.3 9.2
      vertex -32.51140714835158 30.672929517266553 9.2
    endloop
  endfacet
  facet normal 0 0 1
    outer loop
      vertex -31.838477631085023 28.161522368914977 9.2
      vertex -31.838477631085023 31.838477631085023 9.2
      vertex -32.25166604983954 31.3 9.2
    endloop
  endfacet
  facet normal 0 0 1
    outer loop
      vertex -31.3 27.74833395016046 9.2
      vertex -31.3 32.25166604983954 9.2
      vertex -31.838477631085023 31.838477631085023 9.2
    endloop
  endfacet
  facet normal 0 0 1
    outer loop
      vertex -30.672929517266553 27.488592851648423 9.2
      vertex -30.672929517266553 32.51140714835158 9.2
      vertex -31.3 32.25166604983954 9.2
    endloop
  endfacet
  facet normal 0 0 1
    outer loop
      vertex -30.672929517266553 27.488592851648423 9.2
      vertex -30 27.4 9.2
      vertex -30.672929517266553 32.51140714835158 9.2
    endloop
  endfacet
  facet normal 0 0 1
    outer loop
      vertex -30 27.4 9.2
      vertex -29.327070482733447 27.488592851648423 9.2
      vertex -30 32.6 9.2
    endloop
  endfacet
  facet normal 0 0 1
    outer loop
      vertex -29.327070482733447 27.488592851648423 9.2
      vertex -28.7 27.74833395016046 9.2
      vertex -29.327070482733447 32.51140714835158 9.2
    endloop
  endfacet
  facet normal 0 0 1
    outer loop
      vertex -30.672929517266553 32.51140714835158 9.2
      vertex -30 27.4 9.2
      vertex -30 32.6 9.2
    endloop
  endfacet
  facet normal 0 0 1
    outer loop
      vertex -29.327070482733447 27.488592851648423 9.2
      vertex -29.327070482733447 32.51140714835158 9.2
      vertex -30 32.6 9.2
    endloop
  endfacet
  facet normal 0 0 1
    outer loop
      vertex -28.7 27.74833395016046 9.2
      vertex -28.161522368914977 28.161522368914977 9.2
      vertex -28.7 32.25166604983954 9.2
    endloop
  endfacet
  facet normal 0 0 1
    outer loop
      vertex -28.161522368914977 28.161522368914977 9.2
      vertex -27.74833395016046 28.7 9.2
      vertex -28.161522368914977 31.838477631085023 9.2
    endloop
  endfacet
  facet normal 0 0 1
    outer loop
      vertex -27.74833395016046 28.7 9.2
      vertex -27.488592851648423 29.327070482733447 9.2
      vertex -27.74833395016046 31.3 9.2
    endloop
  endfacet
  facet normal 0 0 1
    outer loop
      vertex -27.488592851648423 29.327070482733447 9.2
      vertex -27.4 30 9.2
      vertex -27.488592851648423 30.672929517266553 9.2
    endloop
  endfacet
  facet normal 0 0 1
    outer loop
      vertex -28.7 27.74833395016046 9.2
      vertex -28.7 32.25166604983954 9.2
      vertex -29.327070482733447 32.51140714835158 9.2
    endloop
  endfacet
  facet normal 0 0 1
    outer loop
      vertex -28.161522368914977 28.161522368914977 9.2
      vertex -28.161522368914977 31.838477631085023 9.2
      vertex -28.7 32.25166604983954 9.2
    endloop
  endfacet
  facet normal 0 0 1
    outer loop
      vertex -27.74833395016046 28.7 9.2
      vertex -27.74833395016046 31.3 9.2
      vertex -28.161522368914977 31.838477631085023 9.2
    endloop
  endfacet
  facet normal 0 0 1
    outer loop
      vertex -27.488592851648423 29.327070482733447 9.2
      vertex -27.488592851648423 30.672929517266553 9.2
      vertex -27.74833395016046 31.3 9.2
    endloop
  endfacet
  facet normal 0 0 -1
    outer loop
      vertex 27.517037086855467 25.87059047744874 0
      vertex 27.5 26 0
      vertex 27.517037086855467 26.12940952255126 0
    endloop
  endfacet
  facet normal 0 0 -1
    outer loop
      vertex 27.517037086855467 25.87059047744874 0
      vertex 27.56698729810778 26.25 0
      vertex 27.56698729810778 25.75 0
    endloop
  endfacet
  facet normal 0 0 -1
    outer loop
      vertex 27.517037086855467 25.87059047744874 0
      vertex 27.517037086855467 26.12940952255126 0
      vertex 27.56698729810778 26.25 0
    endloop
  endfacet
  facet normal 0 0 -1
    outer loop
      vertex 27.646446609406727 25.646446609406727 0
      vertex 27.56698729810778 25.75 0
      vertex 27.646446609406727 26.353553390593273 0
    endloop
  endfacet
  facet normal 0 0 -1
    outer loop
      vertex 27.646446609406727 25.646446609406727 0
      vertex 27.75 26.43301270189222 0
      vertex 27.75 25.56698729810778 0
    endloop
  endfacet
  facet normal 0 0 -1
    outer loop
      vertex 27.56698729810778 25.75 0
      vertex 27.56698729810778 26.25 0
      vertex 27.646446609406727 26.353553390593273 0
    endloop
  endfacet
  facet normal 0 0 -1
    outer loop
      vertex 27.646446609406727 25.646446609406727 0
      vertex 27.646446609406727 26.353553390593273 0
      vertex 27.75 26.43301270189222 0
    endloop
  endfacet
  facet normal 0 0 -1
    outer loop
      vertex 27.75 25.56698729810778 0
      vertex 27.87059047744874 26.482962913144533 0
      vertex 27.87059047744874 25.517037086855467 0
    endloop
  endfacet
  facet normal 0 0 -1
    outer loop
      vertex 27.87059047744874 25.517037086855467 0
      vertex 28 26.5 0
      vertex 28 25.5 0
    endloop
  endfacet
  facet normal 0 0 -1
    outer loop
      vertex 28 25.5 0
      vertex 28.12940952255126 26.482962913144533 0
      vertex 28.12940952255126 25.517037086855467 0
    endloop
  endfacet
  facet normal 0 0 -1
    outer loop
      vertex 27.75 25.56698729810778 0
      vertex 27.75 26.43301270189222 0
      vertex 27.87059047744874 26.482962913144533 0
    endloop
  endfacet
  facet normal 0 0 -1
    outer loop
      vertex 27.87059047744874 25.517037086855467 0
      vertex 27.87059047744874 26.482962913144533 0
      vertex 28 26.5 0
    endloop
  endfacet
  facet normal 0 0 -1
    outer loop
      vertex 28 25.5 0
      vertex 28 26.5 0
      vertex 28.12940952255126 26.482962913144533 0
    endloop
  endfacet
  facet normal 0 0 -1
    outer loop
      vertex 28.12940952255126 25.517037086855467 0
      vertex 28.25 26.43301270189222 0
      vertex 28.25 25.56698729810778 0
    endloop
  endfacet
  facet normal 0 0 -1
    outer loop
      vertex 28.25 25.56698729810778 0
      vertex 28.353553390593273 26.353553390593273 0
      vertex 28.353553390593273 25.646446609406727 0
    endloop
  endfacet
  facet normal 0 0 -1
    outer loop
      vertex 28.353553390593273 25.646446609406727 0
      vertex 28.43301270189222 26.25 0
      vertex 28.43301270189222 25.75 0
    endloop
  endfacet
  facet normal 0 0 -1
    outer loop
      vertex 28.43301270189222 25.75 0
      vertex 28.482962913144533 26.12940952255126 0
      vertex 28.482962913144533 25.87059047744874 0
    endloop
  endfacet
  facet normal 0 0 -1
    outer loop
      vertex 28.353553390593273 25.646446609406727 0
      vertex 28.353553390593273 26.353553390593273 0
      vertex 28.43301270189222 26.25 0
    endloop
  endfacet
  facet normal 0 0 -1
    outer loop
      vertex 28.43301270189222 25.75 0
      vertex 28.43301270189222 26.25 0
      vertex 28.482962913144533 26.12940952255126 0
    endloop
  endfacet
  facet normal 0 0 -1
    outer loop
      vertex 28.482962913144533 25.87059047744874 0
      vertex 28.482962913144533 26.12940952255126 0
      vertex 28.5 26 0
    endloop
  endfacet
  facet normal 0 0 -1
    outer loop
      vertex 28.12940952255126 25.517037086855467 0
      vertex 28.12940952255126 26.482962913144533 0
      vertex 28.25 26.43301270189222 0
    endloop
  endfacet
  facet normal 0 0 -1
    outer loop
      vertex 28.25 25.56698729810778 0
      vertex 28.25 26.43301270189222 0
      vertex 28.353553390593273 26.353553390593273 0
    endloop
  endfacet
  facet normal -0.6085173351194001 -0.7930352309412929 0.028315637818597736
    outer loop
      vertex 27.646446609406727 25.646446609406727 0
      vertex 27.75 25.56698729810778 0
      vertex 27.71715728752538 25.71715728752538 3.5
    endloop
  endfacet
  facet normal -0.38252998853151576 -0.9235090863272567 0.02831563781859762
    outer loop
      vertex 27.75 25.56698729810778 0
      vertex 27.87059047744874 25.517037086855467 0
      vertex 27.8 25.653589838486223 3.5
    endloop
  endfacet
  facet normal -0.1304738553859571 -0.9910473236509195 0.028315637818598107
    outer loop
      vertex 27.87059047744874 25.517037086855467 0
      vertex 28 25.5 0
      vertex 28 25.6 3.5
    endloop
  endfacet
  facet normal 0.1304738553859571 -0.9910473236509195 0.028315637818597153
    outer loop
      vertex 28 25.5 0
      vertex 28.12940952255126 25.517037086855467 0
      vertex 28.103527618041007 25.61362966948437 3.5
    endloop
  endfacet
  facet normal -0.9235090863272567 -0.38252998853151576 0.028315637818597625
    outer loop
      vertex 27.517037086855467 25.87059047744874 0
      vertex 27.56698729810778 25.75 0
      vertex 27.653589838486223 25.8 3.5
    endloop
  endfacet
  facet normal -0.7930352309412929 -0.6085173351194001 0.028315637818597736
    outer loop
      vertex 27.646446609406727 25.646446609406727 0
      vertex 27.71715728752538 25.71715728752538 3.5
      vertex 27.56698729810778 25.75 0
    endloop
  endfacet
  facet normal -0.9910473236509195 -0.1304738553859571 0.02831563781859715
    outer loop
      vertex 27.517037086855467 25.87059047744874 0
      vertex 27.61362966948437 25.896472381958993 3.5
      vertex 27.5 26 0
    endloop
  endfacet
  facet normal -0.9910473236509195 0.1304738553859571 0.028315637818597153
    outer loop
      vertex 27.5 26 0
      vertex 27.61362966948437 26.103527618041007 3.5
      vertex 27.517037086855467 26.12940952255126 0
    endloop
  endfacet
  facet normal -0.9235090863272567 0.38252998853151576 0.028315637818597625
    outer loop
      vertex 27.517037086855467 26.12940952255126 0
      vertex 27.653589838486223 26.2 3.5
      vertex 27.56698729810778 26.25 0
    endloop
  endfacet
  facet normal -0.7930352309412929 0.6085173351194001 0.028315637818597732
    outer loop
      vertex 27.56698729810778 26.25 0
      vertex 27.71715728752538 26.28284271247462 3.5
      vertex 27.646446609406727 26.353553390593273 0
    endloop
  endfacet
  facet normal -0.6085173351194001 0.7930352309412929 0.028315637818597736
    outer loop
      vertex 27.646446609406727 26.353553390593273 0
      vertex 27.71715728752538 26.28284271247462 3.5
      vertex 27.75 26.43301270189222 0
    endloop
  endfacet
  facet normal -0.38252998853151576 0.9235090863272567 0.02831563781859762
    outer loop
      vertex 27.75 26.43301270189222 0
      vertex 27.8 26.346410161513777 3.5
      vertex 27.87059047744874 26.482962913144533 0
    endloop
  endfacet
  facet normal -0.1304738553859571 0.9910473236509195 0.02831563781859715
    outer loop
      vertex 27.87059047744874 26.482962913144533 0
      vertex 27.896472381958993 26.38637033051563 3.5
      vertex 28 26.5 0
    endloop
  endfacet
  facet normal 0.1304738553859571 0.9910473236509195 0.028315637818598104
    outer loop
      vertex 28 26.5 0
      vertex 28 26.4 3.5
      vertex 28.12940952255126 26.482962913144533 0
    endloop
  endfacet
  facet normal 0.38252998853151576 -0.9235090863272567 0.028315637818597625
    outer loop
      vertex 28.12940952255126 25.517037086855467 0
      vertex 28.25 25.56698729810778 0
      vertex 28.2 25.653589838486223 3.5
    endloop
  endfacet
  facet normal 0.6085173351194001 -0.7930352309412929 0.028315637818597732
    outer loop
      vertex 28.25 25.56698729810778 0
      vertex 28.353553390593273 25.646446609406727 0
      vertex 28.28284271247462 25.71715728752538 3.5
    endloop
  endfacet
  facet normal 0.7930352309412929 -0.6085173351194001 0.028315637818597736
    outer loop
      vertex 28.353553390593273 25.646446609406727 0
      vertex 28.43301270189222 25.75 0
      vertex 28.28284271247462 25.71715728752538 3.5
    endloop
  endfacet
  facet normal 0.9235090863272567 -0.38252998853151576 0.02831563781859762
    outer loop
      vertex 28.43301270189222 25.75 0
      vertex 28.482962913144533 25.87059047744874 0
      vertex 28.346410161513777 25.8 3.5
    endloop
  endfacet
  facet normal 0.9910473236509195 -0.1304738553859571 0.02831563781859715
    outer loop
      vertex 28.482962913144533 25.87059047744874 0
      vertex 28.5 26 0
      vertex 28.38637033051563 25.896472381958993 3.5
    endloop
  endfacet
  facet normal 0.9910473236509195 0.1304738553859571 0.028315637818598104
    outer loop
      vertex 28.5 26 0
      vertex 28.482962913144533 26.12940952255126 0
      vertex 28.4 26 3.5
    endloop
  endfacet
  facet normal 0.7930352309412929 0.6085173351194001 0.028315637818597736
    outer loop
      vertex 28.353553390593273 26.353553390593273 0
      vertex 28.28284271247462 26.28284271247462 3.5
      vertex 28.43301270189222 26.25 0
    endloop
  endfacet
  facet normal 0.38252998853151576 0.9235090863272567 0.028315637818597625
    outer loop
      vertex 28.12940952255126 26.482962913144533 0
      vertex 28.2 26.346410161513777 3.5
      vertex 28.25 26.43301270189222 0
    endloop
  endfacet
  facet normal 0.6085173351194001 0.7930352309412929 0.028315637818597736
    outer loop
      vertex 28.353553390593273 26.353553390593273 0
      vertex 28.25 26.43301270189222 0
      vertex 28.28284271247462 26.28284271247462 3.5
    endloop
  endfacet
  facet normal 0.9235090863272567 0.38252998853151576 0.028315637818597625
    outer loop
      vertex 28.482962913144533 26.12940952255126 0
      vertex 28.43301270189222 26.25 0
      vertex 28.346410161513777 26.2 3.5
    endloop
  endfacet
  facet normal -0.6085173351194011 -0.7930352309412921 0.02831563781859769
    outer loop
      vertex 27.75 25.56698729810778 0
      vertex 27.8 25.653589838486223 3.5
      vertex 27.71715728752538 25.71715728752538 3.5
    endloop
  endfacet
  facet normal -0.3825299885315249 -0.9235090863272529 0.02831563781859728
    outer loop
      vertex 27.87059047744874 25.517037086855467 0
      vertex 27.896472381958993 25.61362966948437 3.5
      vertex 27.8 25.653589838486223 3.5
    endloop
  endfacet
  facet normal -0.13047385538592543 -0.9910473236509237 0.028315637818597028
    outer loop
      vertex 27.87059047744874 25.517037086855467 0
      vertex 28 25.6 3.5
      vertex 27.896472381958993 25.61362966948437 3.5
    endloop
  endfacet
  facet normal 0.13047385538592543 -0.9910473236509237 0.02831563781859822
    outer loop
      vertex 28 25.5 0
      vertex 28.103527618041007 25.61362966948437 3.5
      vertex 28 25.6 3.5
    endloop
  endfacet
  facet normal 0.3825299885315249 -0.9235090863272529 0.02831563781859728
    outer loop
      vertex 28.12940952255126 25.517037086855467 0
      vertex 28.2 25.653589838486223 3.5
      vertex 28.103527618041007 25.61362966948437 3.5
    endloop
  endfacet
  facet normal -0.9235090863272529 -0.3825299885315249 0.02831563781859728
    outer loop
      vertex 27.517037086855467 25.87059047744874 0
      vertex 27.653589838486223 25.8 3.5
      vertex 27.61362966948437 25.896472381958993 3.5
    endloop
  endfacet
  facet normal -0.7930352309412921 -0.6085173351194011 0.02831563781859769
    outer loop
      vertex 27.56698729810778 25.75 0
      vertex 27.71715728752538 25.71715728752538 3.5
      vertex 27.653589838486223 25.8 3.5
    endloop
  endfacet
  facet normal -0.9910473236509237 -0.13047385538592543 0.02831563781859822
    outer loop
      vertex 27.61362966948437 25.896472381958993 3.5
      vertex 27.6 26 3.5
      vertex 27.5 26 0
    endloop
  endfacet
  facet normal -0.9910473236509237 0.13047385538592543 0.02831563781859822
    outer loop
      vertex 27.5 26 0
      vertex 27.6 26 3.5
      vertex 27.61362966948437 26.103527618041007 3.5
    endloop
  endfacet
  facet normal -0.9235090863272529 0.3825299885315249 0.02831563781859728
    outer loop
      vertex 27.517037086855467 26.12940952255126 0
      vertex 27.61362966948437 26.103527618041007 3.5
      vertex 27.653589838486223 26.2 3.5
    endloop
  endfacet
  facet normal -0.7930352309412921 0.6085173351194011 0.02831563781859769
    outer loop
      vertex 27.56698729810778 26.25 0
      vertex 27.653589838486223 26.2 3.5
      vertex 27.71715728752538 26.28284271247462 3.5
    endloop
  endfacet
  facet normal -0.6085173351194011 0.7930352309412921 0.02831563781859769
    outer loop
      vertex 27.75 26.43301270189222 0
      vertex 27.71715728752538 26.28284271247462 3.5
      vertex 27.8 26.346410161513777 3.5
    endloop
  endfacet
  facet normal -0.3825299885315249 0.9235090863272529 0.02831563781859728
    outer loop
      vertex 27.87059047744874 26.482962913144533 0
      vertex 27.8 26.346410161513777 3.5
      vertex 27.896472381958993 26.38637033051563 3.5
    endloop
  endfacet
  facet normal -0.13047385538592543 0.9910473236509237 0.02831563781859822
    outer loop
      vertex 27.896472381958993 26.38637033051563 3.5
      vertex 28 26.4 3.5
      vertex 28 26.5 0
    endloop
  endfacet
  facet normal 0.3825299885315249 0.9235090863272529 0.02831563781859728
    outer loop
      vertex 28.12940952255126 26.482962913144533 0
      vertex 28.103527618041007 26.38637033051563 3.5
      vertex 28.2 26.346410161513777 3.5
    endloop
  endfacet
  facet normal 0.13047385538592543 0.9910473236509237 0.028315637818597028
    outer loop
      vertex 28.12940952255126 26.482962913144533 0
      vertex 28 26.4 3.5
      vertex 28.103527618041007 26.38637033051563 3.5
    endloop
  endfacet
  facet normal 0.6085173351194011 -0.7930352309412921 0.02831563781859769
    outer loop
      vertex 28.25 25.56698729810778 0
      vertex 28.28284271247462 25.71715728752538 3.5
      vertex 28.2 25.653589838486223 3.5
    endloop
  endfacet
  facet normal 0.7930352309412921 -0.6085173351194011 0.02831563781859769
    outer loop
      vertex 28.43301270189222 25.75 0
      vertex 28.346410161513777 25.8 3.5
      vertex 28.28284271247462 25.71715728752538 3.5
    endloop
  endfacet
  facet normal 0.9235090863272529 -0.3825299885315249 0.02831563781859728
    outer loop
      vertex 28.482962913144533 25.87059047744874 0
      vertex 28.38637033051563 25.896472381958993 3.5
      vertex 28.346410161513777 25.8 3.5
    endloop
  endfacet
  facet normal 0.9910473236509237 -0.13047385538592543 0.02831563781859822
    outer loop
      vertex 28.38637033051563 25.896472381958993 3.5
      vertex 28.5 26 0
      vertex 28.4 26 3.5
    endloop
  endfacet
  facet normal 0.9910473236509237 0.13047385538592543 0.028315637818597028
    outer loop
      vertex 28.482962913144533 26.12940952255126 0
      vertex 28.38637033051563 26.103527618041007 3.5
      vertex 28.4 26 3.5
    endloop
  endfacet
  facet normal 0.7930352309412921 0.6085173351194011 0.02831563781859769
    outer loop
      vertex 28.43301270189222 26.25 0
      vertex 28.28284271247462 26.28284271247462 3.5
      vertex 28.346410161513777 26.2 3.5
    endloop
  endfacet
  facet normal 0.6085173351194011 0.7930352309412921 0.02831563781859769
    outer loop
      vertex 28.25 26.43301270189222 0
      vertex 28.2 26.346410161513777 3.5
      vertex 28.28284271247462 26.28284271247462 3.5
    endloop
  endfacet
  facet normal 0.9235090863272529 0.3825299885315249 0.02831563781859728
    outer loop
      vertex 28.482962913144533 26.12940952255126 0
      vertex 28.346410161513777 26.2 3.5
      vertex 28.38637033051563 26.103527618041007 3.5
    endloop
  endfacet
  facet normal 0 0 1
    outer loop
      vertex 27.61362966948437 25.896472381958993 3.5
      vertex 27.61362966948437 26.103527618041007 3.5
      vertex 27.6 26 3.5
    endloop
  endfacet
  facet normal 0 0 1
    outer loop
      vertex 27.71715728752538 25.71715728752538 3.5
      vertex 27.653589838486223 26.2 3.5
      vertex 27.653589838486223 25.8 3.5
    endloop
  endfacet
  facet normal 0 0 1
    outer loop
      vertex 27.61362966948437 25.896472381958993 3.5
      vertex 27.653589838486223 25.8 3.5
      vertex 27.61362966948437 26.103527618041007 3.5
    endloop
  endfacet
  facet normal 0 0 1
    outer loop
      vertex 27.653589838486223 25.8 3.5
      vertex 27.653589838486223 26.2 3.5
      vertex 27.61362966948437 26.103527618041007 3.5
    endloop
  endfacet
  facet normal 0 0 1
    outer loop
      vertex 27.71715728752538 25.71715728752538 3.5
      vertex 27.71715728752538 26.28284271247462 3.5
      vertex 27.653589838486223 26.2 3.5
    endloop
  endfacet
  facet normal 0 0 1
    outer loop
      vertex 27.71715728752538 25.71715728752538 3.5
      vertex 27.7275 26 3.5
      vertex 27.71715728752538 26.28284271247462 3.5
    endloop
  endfacet
  facet normal 0 0 1
    outer loop
      vertex 27.71715728752538 25.71715728752538 3.5
      vertex 27.8 25.653589838486223 3.5
      vertex 27.76400807746874 25.86375 3.5
    endloop
  endfacet
  facet normal 0 0 1
    outer loop
      vertex 27.8 25.653589838486223 3.5
      vertex 27.86375 25.76400807746874 3.5
      vertex 27.807313402126667 25.807313402126667 3.5
    endloop
  endfacet
  facet normal 0 0 1
    outer loop
      vertex 27.71715728752538 25.71715728752538 3.5
      vertex 27.76400807746874 25.86375 3.5
      vertex 27.73678521233623 25.929471810209563 3.5
    endloop
  endfacet
  facet normal 0 0 1
    outer loop
      vertex 27.8 25.653589838486223 3.5
      vertex 27.807313402126667 25.807313402126667 3.5
      vertex 27.76400807746874 25.86375 3.5
    endloop
  endfacet
  facet normal 0 0 1
    outer loop
      vertex 27.8 25.653589838486223 3.5
      vertex 27.896472381958993 25.61362966948437 3.5
      vertex 27.86375 25.76400807746874 3.5
    endloop
  endfacet
  facet normal 0 0 1
    outer loop
      vertex 27.896472381958993 25.61362966948437 3.5
      vertex 27.929471810209563 25.73678521233623 3.5
      vertex 27.86375 25.76400807746874 3.5
    endloop
  endfacet
  facet normal 0 0 1
    outer loop
      vertex 27.71715728752538 25.71715728752538 3.5
      vertex 27.73678521233623 25.929471810209563 3.5
      vertex 27.7275 26 3.5
    endloop
  endfacet
  facet normal 0 0 1
    outer loop
      vertex 27.896472381958993 25.61362966948437 3.5
      vertex 28 25.6 3.5
      vertex 27.929471810209563 25.73678521233623 3.5
    endloop
  endfacet
  facet normal 0 0 1
    outer loop
      vertex 28 25.6 3.5
      vertex 28 25.7275 3.5
      vertex 27.929471810209563 25.73678521233623 3.5
    endloop
  endfacet
  facet normal 0 0 1
    outer loop
      vertex 28 25.6 3.5
      vertex 28.103527618041007 25.61362966948437 3.5
      vertex 28 25.7275 3.5
    endloop
  endfacet
  facet normal 0 0 1
    outer loop
      vertex 28.103527618041007 25.61362966948437 3.5
      vertex 28.2 25.653589838486223 3.5
      vertex 28.070528189790437 25.73678521233623 3.5
    endloop
  endfacet
  facet normal 0 0 1
    outer loop
      vertex 28.103527618041007 25.61362966948437 3.5
      vertex 28.070528189790437 25.73678521233623 3.5
      vertex 28 25.7275 3.5
    endloop
  endfacet
  facet normal 0 0 1
    outer loop
      vertex 28.2 25.653589838486223 3.5
      vertex 28.13625 25.76400807746874 3.5
      vertex 28.070528189790437 25.73678521233623 3.5
    endloop
  endfacet
  facet normal 0 0 1
    outer loop
      vertex 27.71715728752538 26.28284271247462 3.5
      vertex 27.7275 26 3.5
      vertex 27.73678521233623 26.070528189790437 3.5
    endloop
  endfacet
  facet normal 0 0 1
    outer loop
      vertex 27.71715728752538 26.28284271247462 3.5
      vertex 27.73678521233623 26.070528189790437 3.5
      vertex 27.76400807746874 26.13625 3.5
    endloop
  endfacet
  facet normal 0 0 1
    outer loop
      vertex 27.71715728752538 26.28284271247462 3.5
      vertex 27.76400807746874 26.13625 3.5
      vertex 27.807313402126667 26.192686597873333 3.5
    endloop
  endfacet
  facet normal 0 0 1
    outer loop
      vertex 27.71715728752538 26.28284271247462 3.5
      vertex 27.807313402126667 26.192686597873333 3.5
      vertex 27.8 26.346410161513777 3.5
    endloop
  endfacet
  facet normal 0 0 1
    outer loop
      vertex 27.8 26.346410161513777 3.5
      vertex 27.807313402126667 26.192686597873333 3.5
      vertex 27.86375 26.23599192253126 3.5
    endloop
  endfacet
  facet normal 0 0 1
    outer loop
      vertex 27.8 26.346410161513777 3.5
      vertex 27.86375 26.23599192253126 3.5
      vertex 27.929471810209563 26.26321478766377 3.5
    endloop
  endfacet
  facet normal 0 0 1
    outer loop
      vertex 27.8 26.346410161513777 3.5
      vertex 27.929471810209563 26.26321478766377 3.5
      vertex 27.896472381958993 26.38637033051563 3.5
    endloop
  endfacet
  facet normal 0 0 1
    outer loop
      vertex 27.896472381958993 26.38637033051563 3.5
      vertex 27.929471810209563 26.26321478766377 3.5
      vertex 28 26.2725 3.5
    endloop
  endfacet
  facet normal 0 0 1
    outer loop
      vertex 28.103527618041007 26.38637033051563 3.5
      vertex 28.070528189790437 26.26321478766377 3.5
      vertex 28.13625 26.23599192253126 3.5
    endloop
  endfacet
  facet normal 0 0 1
    outer loop
      vertex 27.896472381958993 26.38637033051563 3.5
      vertex 28 26.2725 3.5
      vertex 28 26.4 3.5
    endloop
  endfacet
  facet normal 0 0 1
    outer loop
      vertex 28 26.4 3.5
      vertex 28 26.2725 3.5
      vertex 28.070528189790437 26.26321478766377 3.5
    endloop
  endfacet
  facet normal 0 0 1
    outer loop
      vertex 28.103527618041007 26.38637033051563 3.5
      vertex 28.13625 26.23599192253126 3.5
      vertex 28.2 26.346410161513777 3.5
    endloop
  endfacet
  facet normal 0 0 1
    outer loop
      vertex 28 26.4 3.5
      vertex 28.070528189790437 26.26321478766377 3.5
      vertex 28.103527618041007 26.38637033051563 3.5
    endloop
  endfacet
  facet normal 0 0 1
    outer loop
      vertex 28.2 25.653589838486223 3.5
      vertex 28.192686597873333 25.807313402126667 3.5
      vertex 28.13625 25.76400807746874 3.5
    endloop
  endfacet
  facet normal 0 0 1
    outer loop
      vertex 28.2 25.653589838486223 3.5
      vertex 28.28284271247462 25.71715728752538 3.5
      vertex 28.192686597873333 25.807313402126667 3.5
    endloop
  endfacet
  facet normal 0 0 1
    outer loop
      vertex 28.28284271247462 25.71715728752538 3.5
      vertex 28.23599192253126 25.86375 3.5
      vertex 28.192686597873333 25.807313402126667 3.5
    endloop
  endfacet
  facet normal 0 0 1
    outer loop
      vertex 28.28284271247462 25.71715728752538 3.5
      vertex 28.26321478766377 25.929471810209563 3.5
      vertex 28.23599192253126 25.86375 3.5
    endloop
  endfacet
  facet normal 0 0 1
    outer loop
      vertex 28.28284271247462 25.71715728752538 3.5
      vertex 28.2725 26 3.5
      vertex 28.26321478766377 25.929471810209563 3.5
    endloop
  endfacet
  facet normal 0 0 1
    outer loop
      vertex 28.28284271247462 25.71715728752538 3.5
      vertex 28.346410161513777 25.8 3.5
      vertex 28.28284271247462 26.28284271247462 3.5
    endloop
  endfacet
  facet normal 0 0 1
    outer loop
      vertex 28.346410161513777 25.8 3.5
      vertex 28.38637033051563 25.896472381958993 3.5
      vertex 28.346410161513777 26.2 3.5
    endloop
  endfacet
  facet normal 0 0 1
    outer loop
      vertex 28.28284271247462 25.71715728752538 3.5
      vertex 28.28284271247462 26.28284271247462 3.5
      vertex 28.2725 26 3.5
    endloop
  endfacet
  facet normal 0 0 1
    outer loop
      vertex 28.38637033051563 25.896472381958993 3.5
      vertex 28.4 26 3.5
      vertex 28.38637033051563 26.103527618041007 3.5
    endloop
  endfacet
  facet normal 0 0 1
    outer loop
      vertex 28.38637033051563 25.896472381958993 3.5
      vertex 28.38637033051563 26.103527618041007 3.5
      vertex 28.346410161513777 26.2 3.5
    endloop
  endfacet
  facet normal 0 0 1
    outer loop
      vertex 28.2 26.346410161513777 3.5
      vertex 28.192686597873333 26.192686597873333 3.5
      vertex 28.23599192253126 26.13625 3.5
    endloop
  endfacet
  facet normal 0 0 1
    outer loop
      vertex 28.2 26.346410161513777 3.5
      vertex 28.13625 26.23599192253126 3.5
      vertex 28.192686597873333 26.192686597873333 3.5
    endloop
  endfacet
  facet normal 0 0 1
    outer loop
      vertex 28.2 26.346410161513777 3.5
      vertex 28.23599192253126 26.13625 3.5
      vertex 28.28284271247462 26.28284271247462 3.5
    endloop
  endfacet
  facet normal 0 0 1
    outer loop
      vertex 28.28284271247462 26.28284271247462 3.5
      vertex 28.26321478766377 26.070528189790437 3.5
      vertex 28.2725 26 3.5
    endloop
  endfacet
  facet normal 0 0 1
    outer loop
      vertex 28.28284271247462 26.28284271247462 3.5
      vertex 28.23599192253126 26.13625 3.5
      vertex 28.26321478766377 26.070528189790437 3.5
    endloop
  endfacet
  facet normal 0 0 1
    outer loop
      vertex 28.346410161513777 25.8 3.5
      vertex 28.346410161513777 26.2 3.5
      vertex 28.28284271247462 26.28284271247462 3.5
    endloop
  endfacet
  facet normal -0.8563639319242601 -0.3547175549301744 -0.3752549431034585
    outer loop
      vertex 25.74833395016046 24.7 9.2
      vertex 27.73678521233623 25.929471810209563 3.5
      vertex 27.76400807746874 25.86375 3.5
    endloop
  endfacet
  facet normal -0.7353763796999568 -0.5642741424660586 -0.3752549431034573
    outer loop
      vertex 25.74833395016046 24.7 9.2
      vertex 27.76400807746874 25.86375 3.5
      vertex 27.807313402126667 25.807313402126667 3.5
    endloop
  endfacet
  facet normal -0.9189916973962218 -0.12098755222431223 -0.3752549431034592
    outer loop
      vertex 25.488592851648423 25.327070482733447 9.2
      vertex 27.7275 26 3.5
      vertex 27.73678521233623 25.929471810209563 3.5
    endloop
  endfacet
  facet normal -0.9189916973962224 0.12098755222431237 -0.37525494310345764
    outer loop
      vertex 25.4 26 9.2
      vertex 27.73678521233623 26.070528189790437 3.5
      vertex 27.7275 26 3.5
    endloop
  endfacet
  facet normal -0.8563639319242599 0.35471755493017426 -0.37525494310345897
    outer loop
      vertex 25.488592851648423 26.672929517266553 9.2
      vertex 27.76400807746874 26.13625 3.5
      vertex 27.73678521233623 26.070528189790437 3.5
    endloop
  endfacet
  facet normal -0.7353763796999568 0.5642741424660586 -0.3752549431034573
    outer loop
      vertex 25.74833395016046 27.3 9.2
      vertex 27.807313402126667 26.192686597873333 3.5
      vertex 27.76400807746874 26.13625 3.5
    endloop
  endfacet
  facet normal -0.5642741424660459 -0.735376379699966 -0.3752549431034585
    outer loop
      vertex 26.161522368914977 24.161522368914977 9.2
      vertex 27.807313402126667 25.807313402126667 3.5
      vertex 26.7 23.74833395016046 9.2
    endloop
  endfacet
  facet normal -0.35471755493017776 -0.8563639319242589 -0.37525494310345836
    outer loop
      vertex 26.7 23.74833395016046 9.2
      vertex 27.86375 25.76400807746874 3.5
      vertex 27.327070482733447 23.488592851648423 9.2
    endloop
  endfacet
  facet normal -0.8563639319242589 -0.35471755493017776 -0.37525494310345836
    outer loop
      vertex 25.488592851648423 25.327070482733447 9.2
      vertex 27.73678521233623 25.929471810209563 3.5
      vertex 25.74833395016046 24.7 9.2
    endloop
  endfacet
  facet normal -0.9189916973962242 -0.12098755222429673 -0.3752549431034583
    outer loop
      vertex 25.488592851648423 25.327070482733447 9.2
      vertex 25.4 26 9.2
      vertex 27.7275 26 3.5
    endloop
  endfacet
  facet normal -0.9189916973962241 0.12098755222429672 -0.37525494310345847
    outer loop
      vertex 25.4 26 9.2
      vertex 25.488592851648423 26.672929517266553 9.2
      vertex 27.73678521233623 26.070528189790437 3.5
    endloop
  endfacet
  facet normal -0.735376379699966 -0.5642741424660459 -0.3752549431034585
    outer loop
      vertex 26.161522368914977 24.161522368914977 9.2
      vertex 25.74833395016046 24.7 9.2
      vertex 27.807313402126667 25.807313402126667 3.5
    endloop
  endfacet
  facet normal -0.8563639319242589 0.35471755493017776 -0.3752549431034583
    outer loop
      vertex 25.488592851648423 26.672929517266553 9.2
      vertex 25.74833395016046 27.3 9.2
      vertex 27.76400807746874 26.13625 3.5
    endloop
  endfacet
  facet normal -0.735376379699966 0.5642741424660459 -0.3752549431034585
    outer loop
      vertex 25.74833395016046 27.3 9.2
      vertex 26.161522368914977 27.838477631085023 9.2
      vertex 27.807313402126667 26.192686597873333 3.5
    endloop
  endfacet
  facet normal -0.5642741424660459 0.735376379699966 -0.3752549431034585
    outer loop
      vertex 26.161522368914977 27.838477631085023 9.2
      vertex 26.7 28.25166604983954 9.2
      vertex 27.807313402126667 26.192686597873333 3.5
    endloop
  endfacet
  facet normal 0 0 1
    outer loop
      vertex 25.488592851648423 25.327070482733447 9.2
      vertex 25.74833395016046 24.7 9.2
      vertex 25.488592851648423 26.672929517266553 9.2
    endloop
  endfacet
  facet normal 0 0 1
    outer loop
      vertex 25.488592851648423 25.327070482733447 9.2
      vertex 25.488592851648423 26.672929517266553 9.2
      vertex 25.4 26 9.2
    endloop
  endfacet
  facet normal 0 0 1
    outer loop
      vertex 26.161522368914977 24.161522368914977 9.2
      vertex 25.74833395016046 27.3 9.2
      vertex 25.74833395016046 24.7 9.2
    endloop
  endfacet
  facet normal 0 0 1
    outer loop
      vertex 26.161522368914977 24.161522368914977 9.2
      vertex 26.7 23.74833395016046 9.2
      vertex 26.161522368914977 27.838477631085023 9.2
    endloop
  endfacet
  facet normal 0 0 1
    outer loop
      vertex 25.74833395016046 24.7 9.2
      vertex 25.74833395016046 27.3 9.2
      vertex 25.488592851648423 26.672929517266553 9.2
    endloop
  endfacet
  facet normal 0 0 1
    outer loop
      vertex 26.161522368914977 24.161522368914977 9.2
      vertex 26.161522368914977 27.838477631085023 9.2
      vertex 25.74833395016046 27.3 9.2
    endloop
  endfacet
  facet normal 0 0 1
    outer loop
      vertex 26.7 23.74833395016046 9.2
      vertex 27.327070482733447 23.488592851648423 9.2
      vertex 26.7 28.25166604983954 9.2
    endloop
  endfacet
  facet normal 0 0 1
    outer loop
      vertex 26.7 23.74833395016046 9.2
      vertex 26.7 28.25166604983954 9.2
      vertex 26.161522368914977 27.838477631085023 9.2
    endloop
  endfacet
  facet normal 0 0 1
    outer loop
      vertex 27.327070482733447 23.488592851648423 9.2
      vertex 27.327070482733447 28.511407148351577 9.2
      vertex 26.7 28.25166604983954 9.2
    endloop
  endfacet
  facet normal -0.5642741424660586 -0.7353763796999568 -0.3752549431034573
    outer loop
      vertex 26.7 23.74833395016046 9.2
      vertex 27.807313402126667 25.807313402126667 3.5
      vertex 27.86375 25.76400807746874 3.5
    endloop
  endfacet
  facet normal -0.35471755493017426 -0.8563639319242599 -0.37525494310345897
    outer loop
      vertex 27.327070482733447 23.488592851648423 9.2
      vertex 27.86375 25.76400807746874 3.5
      vertex 27.929471810209563 25.73678521233623 3.5
    endloop
  endfacet
  facet normal -0.12098755222431237 -0.9189916973962224 -0.37525494310345764
    outer loop
      vertex 28 23.4 9.2
      vertex 27.929471810209563 25.73678521233623 3.5
      vertex 28 25.7275 3.5
    endloop
  endfacet
  facet normal 0.12098755222431223 -0.9189916973962218 -0.3752549431034592
    outer loop
      vertex 28.672929517266553 23.488592851648423 9.2
      vertex 28 25.7275 3.5
      vertex 28.070528189790437 25.73678521233623 3.5
    endloop
  endfacet
  facet normal 0.3547175549301744 -0.8563639319242601 -0.3752549431034585
    outer loop
      vertex 29.3 23.74833395016046 9.2
      vertex 28.070528189790437 25.73678521233623 3.5
      vertex 28.13625 25.76400807746874 3.5
    endloop
  endfacet
  facet normal 0.5642741424660586 -0.7353763796999568 -0.3752549431034573
    outer loop
      vertex 29.3 23.74833395016046 9.2
      vertex 28.13625 25.76400807746874 3.5
      vertex 28.192686597873333 25.807313402126667 3.5
    endloop
  endfacet
  facet normal 0.7353763796999568 -0.5642741424660586 -0.3752549431034573
    outer loop
      vertex 30.25166604983954 24.7 9.2
      vertex 28.192686597873333 25.807313402126667 3.5
      vertex 28.23599192253126 25.86375 3.5
    endloop
  endfacet
  facet normal 0.8563639319242599 -0.35471755493017426 -0.37525494310345897
    outer loop
      vertex 30.511407148351577 25.327070482733447 9.2
      vertex 28.23599192253126 25.86375 3.5
      vertex 28.26321478766377 25.929471810209563 3.5
    endloop
  endfacet
  facet normal 0.8563639319242601 0.3547175549301744 -0.3752549431034585
    outer loop
      vertex 30.25166604983954 27.3 9.2
      vertex 28.26321478766377 26.070528189790437 3.5
      vertex 28.23599192253126 26.13625 3.5
    endloop
  endfacet
  facet normal -0.5642741424660586 0.7353763796999568 -0.3752549431034573
    outer loop
      vertex 26.7 28.25166604983954 9.2
      vertex 27.86375 26.23599192253126 3.5
      vertex 27.807313402126667 26.192686597873333 3.5
    endloop
  endfacet
  facet normal -0.3547175549301744 0.8563639319242601 -0.3752549431034585
    outer loop
      vertex 26.7 28.25166604983954 9.2
      vertex 27.929471810209563 26.26321478766377 3.5
      vertex 27.86375 26.23599192253126 3.5
    endloop
  endfacet
  facet normal -0.12098755222431223 0.9189916973962218 -0.3752549431034592
    outer loop
      vertex 27.327070482733447 28.511407148351577 9.2
      vertex 28 26.2725 3.5
      vertex 27.929471810209563 26.26321478766377 3.5
    endloop
  endfacet
  facet normal 0.12098755222431237 0.9189916973962224 -0.37525494310345764
    outer loop
      vertex 28 28.6 9.2
      vertex 28.070528189790437 26.26321478766377 3.5
      vertex 28 26.2725 3.5
    endloop
  endfacet
  facet normal 0.5642741424660586 0.7353763796999568 -0.3752549431034573
    outer loop
      vertex 29.3 28.25166604983954 9.2
      vertex 28.192686597873333 26.192686597873333 3.5
      vertex 28.13625 26.23599192253126 3.5
    endloop
  endfacet
  facet normal 0.35471755493017426 0.8563639319242599 -0.37525494310345897
    outer loop
      vertex 28.672929517266553 28.511407148351577 9.2
      vertex 28.13625 26.23599192253126 3.5
      vertex 28.070528189790437 26.26321478766377 3.5
    endloop
  endfacet
  facet normal 0.7353763796999568 0.5642741424660586 -0.3752549431034573
    outer loop
      vertex 30.25166604983954 27.3 9.2
      vertex 28.23599192253126 26.13625 3.5
      vertex 28.192686597873333 26.192686597873333 3.5
    endloop
  endfacet
  facet normal 0.9189916973962224 -0.12098755222431237 -0.37525494310345764
    outer loop
      vertex 30.6 26 9.2
      vertex 28.26321478766377 25.929471810209563 3.5
      vertex 28.2725 26 3.5
    endloop
  endfacet
  facet normal 0.9189916973962218 0.12098755222431223 -0.3752549431034592
    outer loop
      vertex 30.511407148351577 26.672929517266553 9.2
      vertex 28.2725 26 3.5
      vertex 28.26321478766377 26.070528189790437 3.5
    endloop
  endfacet
  facet normal -0.12098755222429672 -0.9189916973962241 -0.3752549431034585
    outer loop
      vertex 27.327070482733447 23.488592851648423 9.2
      vertex 27.929471810209563 25.73678521233623 3.5
      vertex 28 23.4 9.2
    endloop
  endfacet
  facet normal 0.12098755222429673 -0.9189916973962242 -0.37525494310345836
    outer loop
      vertex 28 23.4 9.2
      vertex 28 25.7275 3.5
      vertex 28.672929517266553 23.488592851648423 9.2
    endloop
  endfacet
  facet normal 0.35471755493017776 -0.8563639319242589 -0.37525494310345836
    outer loop
      vertex 28.672929517266553 23.488592851648423 9.2
      vertex 28.070528189790437 25.73678521233623 3.5
      vertex 29.3 23.74833395016046 9.2
    endloop
  endfacet
  facet normal 0.5642741424660459 -0.735376379699966 -0.3752549431034585
    outer loop
      vertex 29.3 23.74833395016046 9.2
      vertex 28.192686597873333 25.807313402126667 3.5
      vertex 29.838477631085023 24.161522368914977 9.2
    endloop
  endfacet
  facet normal -0.35471755493017776 0.8563639319242589 -0.37525494310345836
    outer loop
      vertex 26.7 28.25166604983954 9.2
      vertex 27.327070482733447 28.511407148351577 9.2
      vertex 27.929471810209563 26.26321478766377 3.5
    endloop
  endfacet
  facet normal -0.12098755222429673 0.9189916973962242 -0.3752549431034583
    outer loop
      vertex 27.327070482733447 28.511407148351577 9.2
      vertex 28 28.6 9.2
      vertex 28 26.2725 3.5
    endloop
  endfacet
  facet normal 0.12098755222429672 0.9189916973962241 -0.37525494310345847
    outer loop
      vertex 28 28.6 9.2
      vertex 28.672929517266553 28.511407148351577 9.2
      vertex 28.070528189790437 26.26321478766377 3.5
    endloop
  endfacet
  facet normal 0.35471755493017776 0.8563639319242589 -0.3752549431034583
    outer loop
      vertex 28.672929517266553 28.511407148351577 9.2
      vertex 29.3 28.25166604983954 9.2
      vertex 28.13625 26.23599192253126 3.5
    endloop
  endfacet
  facet normal 0.735376379699966 -0.5642741424660459 -0.3752549431034585
    outer loop
      vertex 29.838477631085023 24.161522368914977 9.2
      vertex 28.192686597873333 25.807313402126667 3.5
      vertex 30.25166604983954 24.7 9.2
    endloop
  endfacet
  facet normal 0.8563639319242589 -0.35471755493017776 -0.37525494310345836
    outer loop
      vertex 30.25166604983954 24.7 9.2
      vertex 28.23599192253126 25.86375 3.5
      vertex 30.511407148351577 25.327070482733447 9.2
    endloop
  endfacet
  facet normal 0.9189916973962241 -0.12098755222429672 -0.3752549431034585
    outer loop
      vertex 30.511407148351577 25.327070482733447 9.2
      vertex 28.26321478766377 25.929471810209563 3.5
      vertex 30.6 26 9.2
    endloop
  endfacet
  facet normal 0.9189916973962242 0.12098755222429673 -0.37525494310345836
    outer loop
      vertex 30.6 26 9.2
      vertex 28.2725 26 3.5
      vertex 30.511407148351577 26.672929517266553 9.2
    endloop
  endfacet
  facet normal 0.735376379699966 0.5642741424660459 -0.3752549431034585
    outer loop
      vertex 29.838477631085023 27.838477631085023 9.2
      vertex 30.25166604983954 27.3 9.2
      vertex 28.192686597873333 26.192686597873333 3.5
    endloop
  endfacet
  facet normal 0.8563639319242589 0.35471755493017776 -0.37525494310345836
    outer loop
      vertex 30.511407148351577 26.672929517266553 9.2
      vertex 28.26321478766377 26.070528189790437 3.5
      vertex 30.25166604983954 27.3 9.2
    endloop
  endfacet
  facet normal 0.5642741424660459 0.735376379699966 -0.3752549431034585
    outer loop
      vertex 29.838477631085023 27.838477631085023 9.2
      vertex 28.192686597873333 26.192686597873333 3.5
      vertex 29.3 28.25166604983954 9.2
    endloop
  endfacet
  facet normal 0 0 1
    outer loop
      vertex 27.327070482733447 23.488592851648423 9.2
      vertex 28 23.4 9.2
      vertex 27.327070482733447 28.511407148351577 9.2
    endloop
  endfacet
  facet normal 0 0 1
    outer loop
      vertex 28 23.4 9.2
      vertex 28.672929517266553 23.488592851648423 9.2
      vertex 28 28.6 9.2
    endloop
  endfacet
  facet normal 0 0 1
    outer loop
      vertex 28.672929517266553 23.488592851648423 9.2
      vertex 29.3 23.74833395016046 9.2
      vertex 28.672929517266553 28.511407148351577 9.2
    endloop
  endfacet
  facet normal 0 0 1
    outer loop
      vertex 27.327070482733447 28.511407148351577 9.2
      vertex 28 23.4 9.2
      vertex 28 28.6 9.2
    endloop
  endfacet
  facet normal 0 0 1
    outer loop
      vertex 28.672929517266553 23.488592851648423 9.2
      vertex 28.672929517266553 28.511407148351577 9.2
      vertex 28 28.6 9.2
    endloop
  endfacet
  facet normal 0 0 1
    outer loop
      vertex 29.3 23.74833395016046 9.2
      vertex 29.838477631085023 24.161522368914977 9.2
      vertex 29.3 28.25166604983954 9.2
    endloop
  endfacet
  facet normal 0 0 1
    outer loop
      vertex 29.838477631085023 24.161522368914977 9.2
      vertex 30.25166604983954 24.7 9.2
      vertex 29.838477631085023 27.838477631085023 9.2
    endloop
  endfacet
  facet normal 0 0 1
    outer loop
      vertex 30.25166604983954 24.7 9.2
      vertex 30.511407148351577 25.327070482733447 9.2
      vertex 30.25166604983954 27.3 9.2
    endloop
  endfacet
  facet normal 0 0 1
    outer loop
      vertex 30.511407148351577 25.327070482733447 9.2
      vertex 30.6 26 9.2
      vertex 30.511407148351577 26.672929517266553 9.2
    endloop
  endfacet
  facet normal 0 0 1
    outer loop
      vertex 30.511407148351577 25.327070482733447 9.2
      vertex 30.511407148351577 26.672929517266553 9.2
      vertex 30.25166604983954 27.3 9.2
    endloop
  endfacet
  facet normal 0 0 1
    outer loop
      vertex 29.3 23.74833395016046 9.2
      vertex 29.3 28.25166604983954 9.2
      vertex 28.672929517266553 28.511407148351577 9.2
    endloop
  endfacet
  facet normal 0 0 1
    outer loop
      vertex 29.838477631085023 24.161522368914977 9.2
      vertex 29.838477631085023 27.838477631085023 9.2
      vertex 29.3 28.25166604983954 9.2
    endloop
  endfacet
  facet normal 0 0 1
    outer loop
      vertex 30.25166604983954 24.7 9.2
      vertex 30.25166604983954 27.3 9.2
      vertex 29.838477631085023 27.838477631085023 9.2
    endloop
  endfacet
  facet normal 0 0 -1
    outer loop
      vertex -28.353553390593273 -30.353553390593273 0
      vertex -28.43301270189222 -30.25 0
      vertex -28.353553390593273 -29.646446609406727 0
    endloop
  endfacet
  facet normal 0 0 -1
    outer loop
      vertex -28.353553390593273 -30.353553390593273 0
      vertex -28.25 -29.56698729810778 0
      vertex -28.25 -30.43301270189222 0
    endloop
  endfacet
  facet normal 0 0 -1
    outer loop
      vertex -28.25 -30.43301270189222 0
      vertex -28.12940952255126 -29.517037086855467 0
      vertex -28.12940952255126 -30.482962913144533 0
    endloop
  endfacet
  facet normal 0 0 -1
    outer loop
      vertex -28.12940952255126 -30.482962913144533 0
      vertex -28 -29.5 0
      vertex -28 -30.5 0
    endloop
  endfacet
  facet normal 0 0 -1
    outer loop
      vertex -28 -30.5 0
      vertex -27.87059047744874 -29.517037086855467 0
      vertex -27.87059047744874 -30.482962913144533 0
    endloop
  endfacet
  facet normal 0 0 -1
    outer loop
      vertex -27.87059047744874 -30.482962913144533 0
      vertex -27.75 -29.56698729810778 0
      vertex -27.75 -30.43301270189222 0
    endloop
  endfacet
  facet normal 0 0 -1
    outer loop
      vertex -27.75 -30.43301270189222 0
      vertex -27.646446609406727 -29.646446609406727 0
      vertex -27.646446609406727 -30.353553390593273 0
    endloop
  endfacet
  facet normal 0 0 -1
    outer loop
      vertex -27.646446609406727 -30.353553390593273 0
      vertex -27.56698729810778 -29.75 0
      vertex -27.56698729810778 -30.25 0
    endloop
  endfacet
  facet normal 0 0 -1
    outer loop
      vertex -27.56698729810778 -30.25 0
      vertex -27.517037086855467 -29.87059047744874 0
      vertex -27.517037086855467 -30.12940952255126 0
    endloop
  endfacet
  facet normal 0 0 -1
    outer loop
      vertex -28.482962913144533 -30.12940952255126 0
      vertex -28.5 -30 0
      vertex -28.482962913144533 -29.87059047744874 0
    endloop
  endfacet
  facet normal 0 0 -1
    outer loop
      vertex -28.482962913144533 -30.12940952255126 0
      vertex -28.43301270189222 -29.75 0
      vertex -28.43301270189222 -30.25 0
    endloop
  endfacet
  facet normal 0 0 -1
    outer loop
      vertex -28.482962913144533 -30.12940952255126 0
      vertex -28.482962913144533 -29.87059047744874 0
      vertex -28.43301270189222 -29.75 0
    endloop
  endfacet
  facet normal 0 0 -1
    outer loop
      vertex -28.43301270189222 -30.25 0
      vertex -28.43301270189222 -29.75 0
      vertex -28.353553390593273 -29.646446609406727 0
    endloop
  endfacet
  facet normal 0 0 -1
    outer loop
      vertex -28.353553390593273 -30.353553390593273 0
      vertex -28.353553390593273 -29.646446609406727 0
      vertex -28.25 -29.56698729810778 0
    endloop
  endfacet
  facet normal 0 0 -1
    outer loop
      vertex -28.25 -30.43301270189222 0
      vertex -28.25 -29.56698729810778 0
      vertex -28.12940952255126 -29.517037086855467 0
    endloop
  endfacet
  facet normal 0 0 -1
    outer loop
      vertex -28.12940952255126 -30.482962913144533 0
      vertex -28.12940952255126 -29.517037086855467 0
      vertex -28 -29.5 0
    endloop
  endfacet
  facet normal 0 0 -1
    outer loop
      vertex -28 -30.5 0
      vertex -28 -29.5 0
      vertex -27.87059047744874 -29.517037086855467 0
    endloop
  endfacet
  facet normal 0 0 -1
    outer loop
      vertex -27.87059047744874 -30.482962913144533 0
      vertex -27.87059047744874 -29.517037086855467 0
      vertex -27.75 -29.56698729810778 0
    endloop
  endfacet
  facet normal 0 0 -1
    outer loop
      vertex -27.75 -30.43301270189222 0
      vertex -27.75 -29.56698729810778 0
      vertex -27.646446609406727 -29.646446609406727 0
    endloop
  endfacet
  facet normal 0 0 -1
    outer loop
      vertex -27.646446609406727 -30.353553390593273 0
      vertex -27.646446609406727 -29.646446609406727 0
      vertex -27.56698729810778 -29.75 0
    endloop
  endfacet
  facet normal 0 0 -1
    outer loop
      vertex -27.56698729810778 -30.25 0
      vertex -27.56698729810778 -29.75 0
      vertex -27.517037086855467 -29.87059047744874 0
    endloop
  endfacet
  facet normal 0 0 -1
    outer loop
      vertex -27.517037086855467 -30.12940952255126 0
      vertex -27.517037086855467 -29.87059047744874 0
      vertex -27.5 -30 0
    endloop
  endfacet
  facet normal -0.9235090863272567 -0.38252998853151576 0.028315637818597625
    outer loop
      vertex -28.482962913144533 -30.12940952255126 0
      vertex -28.43301270189222 -30.25 0
      vertex -28.346410161513777 -30.2 3.5
    endloop
  endfacet
  facet normal -0.9910473236509195 -0.1304738553859571 0.02831563781859715
    outer loop
      vertex -28.482962913144533 -30.12940952255126 0
      vertex -28.38637033051563 -30.103527618041007 3.5
      vertex -28.5 -30 0
    endloop
  endfacet
  facet normal -0.7930352309412929 -0.6085173351194001 0.028315637818597736
    outer loop
      vertex -28.353553390593273 -30.353553390593273 0
      vertex -28.28284271247462 -30.28284271247462 3.5
      vertex -28.43301270189222 -30.25 0
    endloop
  endfacet
  facet normal -0.6085173351194001 -0.7930352309412929 0.028315637818597736
    outer loop
      vertex -28.353553390593273 -30.353553390593273 0
      vertex -28.25 -30.43301270189222 0
      vertex -28.28284271247462 -30.28284271247462 3.5
    endloop
  endfacet
  facet normal -0.38252998853151576 -0.9235090863272567 0.02831563781859762
    outer loop
      vertex -28.25 -30.43301270189222 0
      vertex -28.12940952255126 -30.482962913144533 0
      vertex -28.2 -30.346410161513777 3.5
    endloop
  endfacet
  facet normal -0.1304738553859571 -0.9910473236509195 0.028315637818598107
    outer loop
      vertex -28.12940952255126 -30.482962913144533 0
      vertex -28 -30.5 0
      vertex -28 -30.4 3.5
    endloop
  endfacet
  facet normal 0.1304738553859571 -0.9910473236509195 0.028315637818597153
    outer loop
      vertex -28 -30.5 0
      vertex -27.87059047744874 -30.482962913144533 0
      vertex -27.896472381958993 -30.38637033051563 3.5
    endloop
  endfacet
  facet normal 0.38252998853151576 -0.9235090863272567 0.028315637818597625
    outer loop
      vertex -27.87059047744874 -30.482962913144533 0
      vertex -27.75 -30.43301270189222 0
      vertex -27.8 -30.346410161513777 3.5
    endloop
  endfacet
  facet normal 0.6085173351194001 -0.7930352309412929 0.028315637818597732
    outer loop
      vertex -27.75 -30.43301270189222 0
      vertex -27.646446609406727 -30.353553390593273 0
      vertex -27.71715728752538 -30.28284271247462 3.5
    endloop
  endfacet
  facet normal 0.7930352309412929 -0.6085173351194001 0.028315637818597736
    outer loop
      vertex -27.646446609406727 -30.353553390593273 0
      vertex -27.56698729810778 -30.25 0
      vertex -27.71715728752538 -30.28284271247462 3.5
    endloop
  endfacet
  facet normal 0.9235090863272567 -0.38252998853151576 0.02831563781859762
    outer loop
      vertex -27.56698729810778 -30.25 0
      vertex -27.517037086855467 -30.12940952255126 0
      vertex -27.653589838486223 -30.2 3.5
    endloop
  endfacet
  facet normal 0.9910473236509195 -0.1304738553859571 0.02831563781859715
    outer loop
      vertex -27.517037086855467 -30.12940952255126 0
      vertex -27.5 -30 0
      vertex -27.61362966948437 -30.103527618041007 3.5
    endloop
  endfacet
  facet normal -0.9910473236509195 0.1304738553859571 0.028315637818597153
    outer loop
      vertex -28.5 -30 0
      vertex -28.38637033051563 -29.896472381958993 3.5
      vertex -28.482962913144533 -29.87059047744874 0
    endloop
  endfacet
  facet normal -0.9235090863272567 0.38252998853151576 0.028315637818597625
    outer loop
      vertex -28.482962913144533 -29.87059047744874 0
      vertex -28.346410161513777 -29.8 3.5
      vertex -28.43301270189222 -29.75 0
    endloop
  endfacet
  facet normal -0.7930352309412929 0.6085173351194001 0.028315637818597732
    outer loop
      vertex -28.43301270189222 -29.75 0
      vertex -28.28284271247462 -29.71715728752538 3.5
      vertex -28.353553390593273 -29.646446609406727 0
    endloop
  endfacet
  facet normal -0.6085173351194001 0.7930352309412929 0.028315637818597736
    outer loop
      vertex -28.353553390593273 -29.646446609406727 0
      vertex -28.28284271247462 -29.71715728752538 3.5
      vertex -28.25 -29.56698729810778 0
    endloop
  endfacet
  facet normal -0.38252998853151576 0.9235090863272567 0.02831563781859762
    outer loop
      vertex -28.25 -29.56698729810778 0
      vertex -28.2 -29.653589838486223 3.5
      vertex -28.12940952255126 -29.517037086855467 0
    endloop
  endfacet
  facet normal -0.1304738553859571 0.9910473236509195 0.02831563781859715
    outer loop
      vertex -28.12940952255126 -29.517037086855467 0
      vertex -28.103527618041007 -29.61362966948437 3.5
      vertex -28 -29.5 0
    endloop
  endfacet
  facet normal 0.1304738553859571 0.9910473236509195 0.028315637818598104
    outer loop
      vertex -28 -29.5 0
      vertex -28 -29.6 3.5
      vertex -27.87059047744874 -29.517037086855467 0
    endloop
  endfacet
  facet normal 0.38252998853151576 0.9235090863272567 0.028315637818597625
    outer loop
      vertex -27.87059047744874 -29.517037086855467 0
      vertex -27.8 -29.653589838486223 3.5
      vertex -27.75 -29.56698729810778 0
    endloop
  endfacet
  facet normal 0.9910473236509195 0.1304738553859571 0.028315637818598104
    outer loop
      vertex -27.5 -30 0
      vertex -27.517037086855467 -29.87059047744874 0
      vertex -27.6 -30 3.5
    endloop
  endfacet
  facet normal 0.6085173351194001 0.7930352309412929 0.028315637818597736
    outer loop
      vertex -27.646446609406727 -29.646446609406727 0
      vertex -27.75 -29.56698729810778 0
      vertex -27.71715728752538 -29.71715728752538 3.5
    endloop
  endfacet
  facet normal 0.7930352309412929 0.6085173351194001 0.028315637818597736
    outer loop
      vertex -27.646446609406727 -29.646446609406727 0
      vertex -27.71715728752538 -29.71715728752538 3.5
      vertex -27.56698729810778 -29.75 0
    endloop
  endfacet
  facet normal 0.9235090863272567 0.38252998853151576 0.028315637818597625
    outer loop
      vertex -27.517037086855467 -29.87059047744874 0
      vertex -27.56698729810778 -29.75 0
      vertex -27.653589838486223 -29.8 3.5
    endloop
  endfacet
  facet normal -0.9235090863272529 -0.3825299885315249 0.02831563781859728
    outer loop
      vertex -28.482962913144533 -30.12940952255126 0
      vertex -28.346410161513777 -30.2 3.5
      vertex -28.38637033051563 -30.103527618041007 3.5
    endloop
  endfacet
  facet normal -0.6085173351194011 -0.7930352309412921 0.02831563781859769
    outer loop
      vertex -28.25 -30.43301270189222 0
      vertex -28.2 -30.346410161513777 3.5
      vertex -28.28284271247462 -30.28284271247462 3.5
    endloop
  endfacet
  facet normal -0.7930352309412921 -0.6085173351194011 0.02831563781859769
    outer loop
      vertex -28.43301270189222 -30.25 0
      vertex -28.28284271247462 -30.28284271247462 3.5
      vertex -28.346410161513777 -30.2 3.5
    endloop
  endfacet
  facet normal -0.3825299885315249 -0.9235090863272529 0.02831563781859728
    outer loop
      vertex -28.12940952255126 -30.482962913144533 0
      vertex -28.103527618041007 -30.38637033051563 3.5
      vertex -28.2 -30.346410161513777 3.5
    endloop
  endfacet
  facet normal -0.13047385538592543 -0.9910473236509237 0.028315637818597028
    outer loop
      vertex -28.12940952255126 -30.482962913144533 0
      vertex -28 -30.4 3.5
      vertex -28.103527618041007 -30.38637033051563 3.5
    endloop
  endfacet
  facet normal 0.13047385538592543 -0.9910473236509237 0.02831563781859822
    outer loop
      vertex -28 -30.5 0
      vertex -27.896472381958993 -30.38637033051563 3.5
      vertex -28 -30.4 3.5
    endloop
  endfacet
  facet normal 0.3825299885315249 -0.9235090863272529 0.02831563781859728
    outer loop
      vertex -27.87059047744874 -30.482962913144533 0
      vertex -27.8 -30.346410161513777 3.5
      vertex -27.896472381958993 -30.38637033051563 3.5
    endloop
  endfacet
  facet normal 0.6085173351194011 -0.7930352309412921 0.02831563781859769
    outer loop
      vertex -27.75 -30.43301270189222 0
      vertex -27.71715728752538 -30.28284271247462 3.5
      vertex -27.8 -30.346410161513777 3.5
    endloop
  endfacet
  facet normal 0.7930352309412921 -0.6085173351194011 0.02831563781859769
    outer loop
      vertex -27.56698729810778 -30.25 0
      vertex -27.653589838486223 -30.2 3.5
      vertex -27.71715728752538 -30.28284271247462 3.5
    endloop
  endfacet
  facet normal 0.9235090863272529 -0.3825299885315249 0.02831563781859728
    outer loop
      vertex -27.517037086855467 -30.12940952255126 0
      vertex -27.61362966948437 -30.103527618041007 3.5
      vertex -27.653589838486223 -30.2 3.5
    endloop
  endfacet
  facet normal -0.9910473236509237 -0.13047385538592543 0.02831563781859822
    outer loop
      vertex -28.38637033051563 -30.103527618041007 3.5
      vertex -28.4 -30 3.5
      vertex -28.5 -30 0
    endloop
  endfacet
  facet normal -0.9910473236509237 0.13047385538592543 0.02831563781859822
    outer loop
      vertex -28.5 -30 0
      vertex -28.4 -30 3.5
      vertex -28.38637033051563 -29.896472381958993 3.5
    endloop
  endfacet
  facet normal -0.9235090863272529 0.3825299885315249 0.02831563781859728
    outer loop
      vertex -28.482962913144533 -29.87059047744874 0
      vertex -28.38637033051563 -29.896472381958993 3.5
      vertex -28.346410161513777 -29.8 3.5
    endloop
  endfacet
  facet normal -0.7930352309412921 0.6085173351194011 0.02831563781859769
    outer loop
      vertex -28.43301270189222 -29.75 0
      vertex -28.346410161513777 -29.8 3.5
      vertex -28.28284271247462 -29.71715728752538 3.5
    endloop
  endfacet
  facet normal -0.6085173351194011 0.7930352309412921 0.02831563781859769
    outer loop
      vertex -28.25 -29.56698729810778 0
      vertex -28.28284271247462 -29.71715728752538 3.5
      vertex -28.2 -29.653589838486223 3.5
    endloop
  endfacet
  facet normal 0.6085173351194011 0.7930352309412921 0.02831563781859769
    outer loop
      vertex -27.75 -29.56698729810778 0
      vertex -27.8 -29.653589838486223 3.5
      vertex -27.71715728752538 -29.71715728752538 3.5
    endloop
  endfacet
  facet normal -0.3825299885315249 0.9235090863272529 0.02831563781859728
    outer loop
      vertex -28.12940952255126 -29.517037086855467 0
      vertex -28.2 -29.653589838486223 3.5
      vertex -28.103527618041007 -29.61362966948437 3.5
    endloop
  endfacet
  facet normal -0.13047385538592543 0.9910473236509237 0.02831563781859822
    outer loop
      vertex -28.103527618041007 -29.61362966948437 3.5
      vertex -28 -29.6 3.5
      vertex -28 -29.5 0
    endloop
  endfacet
  facet normal 0.13047385538592543 0.9910473236509237 0.028315637818597028
    outer loop
      vertex -27.87059047744874 -29.517037086855467 0
      vertex -28 -29.6 3.5
      vertex -27.896472381958993 -29.61362966948437 3.5
    endloop
  endfacet
  facet normal 0.3825299885315249 0.9235090863272529 0.02831563781859728
    outer loop
      vertex -27.87059047744874 -29.517037086855467 0
      vertex -27.896472381958993 -29.61362966948437 3.5
      vertex -27.8 -29.653589838486223 3.5
    endloop
  endfacet
  facet normal 0.9910473236509237 -0.13047385538592543 0.02831563781859822
    outer loop
      vertex -27.61362966948437 -30.103527618041007 3.5
      vertex -27.5 -30 0
      vertex -27.6 -30 3.5
    endloop
  endfacet
  facet normal 0.9235090863272529 0.3825299885315249 0.02831563781859728
    outer loop
      vertex -27.517037086855467 -29.87059047744874 0
      vertex -27.653589838486223 -29.8 3.5
      vertex -27.61362966948437 -29.896472381958993 3.5
    endloop
  endfacet
  facet normal 0.9910473236509237 0.13047385538592543 0.028315637818597028
    outer loop
      vertex -27.517037086855467 -29.87059047744874 0
      vertex -27.61362966948437 -29.896472381958993 3.5
      vertex -27.6 -30 3.5
    endloop
  endfacet
  facet normal 0.7930352309412921 0.6085173351194011 0.02831563781859769
    outer loop
      vertex -27.56698729810778 -29.75 0
      vertex -27.71715728752538 -29.71715728752538 3.5
      vertex -27.653589838486223 -29.8 3.5
    endloop
  endfacet
  facet normal 0 0 1
    outer loop
      vertex -28.28284271247462 -30.28284271247462 3.5
      vertex -28.346410161513777 -29.8 3.5
      vertex -28.346410161513777 -30.2 3.5
    endloop
  endfacet
  facet normal 0 0 1
    outer loop
      vertex -28.28284271247462 -30.28284271247462 3.5
      vertex -28.23599192253126 -30.13625 3.5
      vertex -28.26321478766377 -30.070528189790437 3.5
    endloop
  endfacet
  facet normal 0 0 1
    outer loop
      vertex -28.28284271247462 -30.28284271247462 3.5
      vertex -28.26321478766377 -30.070528189790437 3.5
      vertex -28.2725 -30 3.5
    endloop
  endfacet
  facet normal 0 0 1
    outer loop
      vertex -28.28284271247462 -30.28284271247462 3.5
      vertex -28.2 -30.346410161513777 3.5
      vertex -28.23599192253126 -30.13625 3.5
    endloop
  endfacet
  facet normal 0 0 1
    outer loop
      vertex -28.2 -30.346410161513777 3.5
      vertex -28.13625 -30.23599192253126 3.5
      vertex -28.192686597873333 -30.192686597873333 3.5
    endloop
  endfacet
  facet normal 0 0 1
    outer loop
      vertex -28.2 -30.346410161513777 3.5
      vertex -28.192686597873333 -30.192686597873333 3.5
      vertex -28.23599192253126 -30.13625 3.5
    endloop
  endfacet
  facet normal 0 0 1
    outer loop
      vertex -28.103527618041007 -30.38637033051563 3.5
      vertex -28 -30.4 3.5
      vertex -28.070528189790437 -30.26321478766377 3.5
    endloop
  endfacet
  facet normal 0 0 1
    outer loop
      vertex -28.2 -30.346410161513777 3.5
      vertex -28.103527618041007 -30.38637033051563 3.5
      vertex -28.13625 -30.23599192253126 3.5
    endloop
  endfacet
  facet normal 0 0 1
    outer loop
      vertex -28.103527618041007 -30.38637033051563 3.5
      vertex -28.070528189790437 -30.26321478766377 3.5
      vertex -28.13625 -30.23599192253126 3.5
    endloop
  endfacet
  facet normal 0 0 1
    outer loop
      vertex -28 -30.4 3.5
      vertex -28 -30.2725 3.5
      vertex -28.070528189790437 -30.26321478766377 3.5
    endloop
  endfacet
  facet normal 0 0 1
    outer loop
      vertex -28 -30.4 3.5
      vertex -27.896472381958993 -30.38637033051563 3.5
      vertex -28 -30.2725 3.5
    endloop
  endfacet
  facet normal 0 0 1
    outer loop
      vertex -27.896472381958993 -30.38637033051563 3.5
      vertex -27.929471810209563 -30.26321478766377 3.5
      vertex -28 -30.2725 3.5
    endloop
  endfacet
  facet normal 0 0 1
    outer loop
      vertex -27.896472381958993 -30.38637033051563 3.5
      vertex -27.8 -30.346410161513777 3.5
      vertex -27.929471810209563 -30.26321478766377 3.5
    endloop
  endfacet
  facet normal 0 0 1
    outer loop
      vertex -27.8 -30.346410161513777 3.5
      vertex -27.86375 -30.23599192253126 3.5
      vertex -27.929471810209563 -30.26321478766377 3.5
    endloop
  endfacet
  facet normal 0 0 1
    outer loop
      vertex -27.8 -30.346410161513777 3.5
      vertex -27.807313402126667 -30.192686597873333 3.5
      vertex -27.86375 -30.23599192253126 3.5
    endloop
  endfacet
  facet normal 0 0 1
    outer loop
      vertex -27.8 -30.346410161513777 3.5
      vertex -27.71715728752538 -30.28284271247462 3.5
      vertex -27.807313402126667 -30.192686597873333 3.5
    endloop
  endfacet
  facet normal 0 0 1
    outer loop
      vertex -27.71715728752538 -30.28284271247462 3.5
      vertex -27.76400807746874 -30.13625 3.5
      vertex -27.807313402126667 -30.192686597873333 3.5
    endloop
  endfacet
  facet normal 0 0 1
    outer loop
      vertex -27.71715728752538 -30.28284271247462 3.5
      vertex -27.73678521233623 -30.070528189790437 3.5
      vertex -27.76400807746874 -30.13625 3.5
    endloop
  endfacet
  facet normal 0 0 1
    outer loop
      vertex -27.71715728752538 -30.28284271247462 3.5
      vertex -27.7275 -30 3.5
      vertex -27.73678521233623 -30.070528189790437 3.5
    endloop
  endfacet
  facet normal 0 0 1
    outer loop
      vertex -28.38637033051563 -30.103527618041007 3.5
      vertex -28.346410161513777 -30.2 3.5
      vertex -28.38637033051563 -29.896472381958993 3.5
    endloop
  endfacet
  facet normal 0 0 1
    outer loop
      vertex -28.38637033051563 -30.103527618041007 3.5
      vertex -28.38637033051563 -29.896472381958993 3.5
      vertex -28.4 -30 3.5
    endloop
  endfacet
  facet normal 0 0 1
    outer loop
      vertex -28.346410161513777 -30.2 3.5
      vertex -28.346410161513777 -29.8 3.5
      vertex -28.38637033051563 -29.896472381958993 3.5
    endloop
  endfacet
  facet normal 0 0 1
    outer loop
      vertex -28.28284271247462 -30.28284271247462 3.5
      vertex -28.2725 -30 3.5
      vertex -28.28284271247462 -29.71715728752538 3.5
    endloop
  endfacet
  facet normal 0 0 1
    outer loop
      vertex -28.28284271247462 -30.28284271247462 3.5
      vertex -28.28284271247462 -29.71715728752538 3.5
      vertex -28.346410161513777 -29.8 3.5
    endloop
  endfacet
  facet normal 0 0 1
    outer loop
      vertex -28.28284271247462 -29.71715728752538 3.5
      vertex -28.2725 -30 3.5
      vertex -28.26321478766377 -29.929471810209563 3.5
    endloop
  endfacet
  facet normal 0 0 1
    outer loop
      vertex -28.28284271247462 -29.71715728752538 3.5
      vertex -28.26321478766377 -29.929471810209563 3.5
      vertex -28.23599192253126 -29.86375 3.5
    endloop
  endfacet
  facet normal 0 0 1
    outer loop
      vertex -28.28284271247462 -29.71715728752538 3.5
      vertex -28.23599192253126 -29.86375 3.5
      vertex -28.192686597873333 -29.807313402126667 3.5
    endloop
  endfacet
  facet normal 0 0 1
    outer loop
      vertex -28.2 -29.653589838486223 3.5
      vertex -28.192686597873333 -29.807313402126667 3.5
      vertex -28.13625 -29.76400807746874 3.5
    endloop
  endfacet
  facet normal 0 0 1
    outer loop
      vertex -28.28284271247462 -29.71715728752538 3.5
      vertex -28.192686597873333 -29.807313402126667 3.5
      vertex -28.2 -29.653589838486223 3.5
    endloop
  endfacet
  facet normal 0 0 1
    outer loop
      vertex -28.2 -29.653589838486223 3.5
      vertex -28.13625 -29.76400807746874 3.5
      vertex -28.070528189790437 -29.73678521233623 3.5
    endloop
  endfacet
  facet normal 0 0 1
    outer loop
      vertex -28.103527618041007 -29.61362966948437 3.5
      vertex -28.070528189790437 -29.73678521233623 3.5
      vertex -28 -29.7275 3.5
    endloop
  endfacet
  facet normal 0 0 1
    outer loop
      vertex -28.2 -29.653589838486223 3.5
      vertex -28.070528189790437 -29.73678521233623 3.5
      vertex -28.103527618041007 -29.61362966948437 3.5
    endloop
  endfacet
  facet normal 0 0 1
    outer loop
      vertex -28.103527618041007 -29.61362966948437 3.5
      vertex -28 -29.7275 3.5
      vertex -28 -29.6 3.5
    endloop
  endfacet
  facet normal 0 0 1
    outer loop
      vertex -28 -29.6 3.5
      vertex -28 -29.7275 3.5
      vertex -27.929471810209563 -29.73678521233623 3.5
    endloop
  endfacet
  facet normal 0 0 1
    outer loop
      vertex -28 -29.6 3.5
      vertex -27.929471810209563 -29.73678521233623 3.5
      vertex -27.896472381958993 -29.61362966948437 3.5
    endloop
  endfacet
  facet normal 0 0 1
    outer loop
      vertex -27.71715728752538 -29.71715728752538 3.5
      vertex -27.73678521233623 -29.929471810209563 3.5
      vertex -27.7275 -30 3.5
    endloop
  endfacet
  facet normal 0 0 1
    outer loop
      vertex -27.896472381958993 -29.61362966948437 3.5
      vertex -27.929471810209563 -29.73678521233623 3.5
      vertex -27.86375 -29.76400807746874 3.5
    endloop
  endfacet
  facet normal 0 0 1
    outer loop
      vertex -27.896472381958993 -29.61362966948437 3.5
      vertex -27.86375 -29.76400807746874 3.5
      vertex -27.8 -29.653589838486223 3.5
    endloop
  endfacet
  facet normal 0 0 1
    outer loop
      vertex -27.8 -29.653589838486223 3.5
      vertex -27.807313402126667 -29.807313402126667 3.5
      vertex -27.76400807746874 -29.86375 3.5
    endloop
  endfacet
  facet normal 0 0 1
    outer loop
      vertex -27.8 -29.653589838486223 3.5
      vertex -27.86375 -29.76400807746874 3.5
      vertex -27.807313402126667 -29.807313402126667 3.5
    endloop
  endfacet
  facet normal 0 0 1
    outer loop
      vertex -27.8 -29.653589838486223 3.5
      vertex -27.76400807746874 -29.86375 3.5
      vertex -27.71715728752538 -29.71715728752538 3.5
    endloop
  endfacet
  facet normal 0 0 1
    outer loop
      vertex -27.71715728752538 -29.71715728752538 3.5
      vertex -27.76400807746874 -29.86375 3.5
      vertex -27.73678521233623 -29.929471810209563 3.5
    endloop
  endfacet
  facet normal 0 0 1
    outer loop
      vertex -27.71715728752538 -30.28284271247462 3.5
      vertex -27.653589838486223 -30.2 3.5
      vertex -27.71715728752538 -29.71715728752538 3.5
    endloop
  endfacet
  facet normal 0 0 1
    outer loop
      vertex -27.653589838486223 -30.2 3.5
      vertex -27.61362966948437 -30.103527618041007 3.5
      vertex -27.653589838486223 -29.8 3.5
    endloop
  endfacet
  facet normal 0 0 1
    outer loop
      vertex -27.71715728752538 -30.28284271247462 3.5
      vertex -27.71715728752538 -29.71715728752538 3.5
      vertex -27.7275 -30 3.5
    endloop
  endfacet
  facet normal 0 0 1
    outer loop
      vertex -27.61362966948437 -30.103527618041007 3.5
      vertex -27.61362966948437 -29.896472381958993 3.5
      vertex -27.653589838486223 -29.8 3.5
    endloop
  endfacet
  facet normal 0 0 1
    outer loop
      vertex -27.653589838486223 -30.2 3.5
      vertex -27.653589838486223 -29.8 3.5
      vertex -27.71715728752538 -29.71715728752538 3.5
    endloop
  endfacet
  facet normal 0 0 1
    outer loop
      vertex -27.61362966948437 -30.103527618041007 3.5
      vertex -27.6 -30 3.5
      vertex -27.61362966948437 -29.896472381958993 3.5
    endloop
  endfacet
  facet normal -0.9189916973962218 -0.12098755222431223 -0.3752549431034592
    outer loop
      vertex -30.511407148351577 -30.672929517266553 9.2
      vertex -28.2725 -30 3.5
      vertex -28.26321478766377 -30.070528189790437 3.5
    endloop
  endfacet
  facet normal -0.9189916973962224 0.12098755222431237 -0.37525494310345764
    outer loop
      vertex -30.6 -30 9.2
      vertex -28.26321478766377 -29.929471810209563 3.5
      vertex -28.2725 -30 3.5
    endloop
  endfacet
  facet normal -0.35471755493017426 -0.8563639319242599 -0.37525494310345897
    outer loop
      vertex -28.672929517266553 -32.51140714835158 9.2
      vertex -28.13625 -30.23599192253126 3.5
      vertex -28.070528189790437 -30.26321478766377 3.5
    endloop
  endfacet
  facet normal -0.7353763796999568 -0.5642741424660586 -0.3752549431034573
    outer loop
      vertex -30.25166604983954 -31.3 9.2
      vertex -28.23599192253126 -30.13625 3.5
      vertex -28.192686597873333 -30.192686597873333 3.5
    endloop
  endfacet
  facet normal -0.8563639319242601 -0.3547175549301744 -0.3752549431034585
    outer loop
      vertex -30.25166604983954 -31.3 9.2
      vertex -28.26321478766377 -30.070528189790437 3.5
      vertex -28.23599192253126 -30.13625 3.5
    endloop
  endfacet
  facet normal -0.5642741424660557 -0.7353763796999584 -0.3752549431034591
    outer loop
      vertex -29.3 -32.25166604983954 9.2
      vertex -28.192686597873333 -30.192686597873333 3.5
      vertex -28.13625 -30.23599192253126 3.5
    endloop
  endfacet
  facet normal -0.12098755222431237 -0.9189916973962224 -0.37525494310345764
    outer loop
      vertex -28 -32.6 9.2
      vertex -28.070528189790437 -30.26321478766377 3.5
      vertex -28 -30.2725 3.5
    endloop
  endfacet
  facet normal 0.1209875522243162 -0.918991697396221 -0.3752549431034599
    outer loop
      vertex -27.327070482733447 -32.51140714835158 9.2
      vertex -28 -30.2725 3.5
      vertex -27.929471810209563 -30.26321478766377 3.5
    endloop
  endfacet
  facet normal 0.3547175549301778 -0.8563639319242585 -0.3752549431034589
    outer loop
      vertex -26.7 -32.25166604983954 9.2
      vertex -27.929471810209563 -30.26321478766377 3.5
      vertex -27.86375 -30.23599192253126 3.5
    endloop
  endfacet
  facet normal 0.5642741424660557 -0.7353763796999584 -0.3752549431034591
    outer loop
      vertex -26.7 -32.25166604983954 9.2
      vertex -27.86375 -30.23599192253126 3.5
      vertex -27.807313402126667 -30.192686597873333 3.5
    endloop
  endfacet
  facet normal -0.8563639319242599 0.35471755493017426 -0.37525494310345897
    outer loop
      vertex -30.511407148351577 -29.327070482733447 9.2
      vertex -28.23599192253126 -29.86375 3.5
      vertex -28.26321478766377 -29.929471810209563 3.5
    endloop
  endfacet
  facet normal -0.7353763796999568 0.5642741424660586 -0.3752549431034573
    outer loop
      vertex -30.25166604983954 -28.7 9.2
      vertex -28.192686597873333 -29.807313402126667 3.5
      vertex -28.23599192253126 -29.86375 3.5
    endloop
  endfacet
  facet normal -0.5642741424660586 0.7353763796999568 -0.3752549431034573
    outer loop
      vertex -29.3 -27.74833395016046 9.2
      vertex -28.13625 -29.76400807746874 3.5
      vertex -28.192686597873333 -29.807313402126667 3.5
    endloop
  endfacet
  facet normal -0.3547175549301744 0.8563639319242601 -0.3752549431034585
    outer loop
      vertex -29.3 -27.74833395016046 9.2
      vertex -28.070528189790437 -29.73678521233623 3.5
      vertex -28.13625 -29.76400807746874 3.5
    endloop
  endfacet
  facet normal -0.12098755222431223 0.9189916973962218 -0.3752549431034592
    outer loop
      vertex -28.672929517266553 -27.488592851648423 9.2
      vertex -28 -29.7275 3.5
      vertex -28.070528189790437 -29.73678521233623 3.5
    endloop
  endfacet
  facet normal 0.12098755222431237 0.9189916973962224 -0.37525494310345764
    outer loop
      vertex -28 -27.4 9.2
      vertex -27.929471810209563 -29.73678521233623 3.5
      vertex -28 -29.7275 3.5
    endloop
  endfacet
  facet normal 0.35471755493017426 0.8563639319242599 -0.37525494310345897
    outer loop
      vertex -27.327070482733447 -27.488592851648423 9.2
      vertex -27.86375 -29.76400807746874 3.5
      vertex -27.929471810209563 -29.73678521233623 3.5
    endloop
  endfacet
  facet normal 0.5642741424660586 0.7353763796999568 -0.3752549431034573
    outer loop
      vertex -26.7 -27.74833395016046 9.2
      vertex -27.807313402126667 -29.807313402126667 3.5
      vertex -27.86375 -29.76400807746874 3.5
    endloop
  endfacet
  facet normal -0.564274142466049 -0.7353763796999637 -0.37525494310345875
    outer loop
      vertex -29.838477631085023 -31.838477631085023 9.2
      vertex -28.192686597873333 -30.192686597873333 3.5
      vertex -29.3 -32.25166604983954 9.2
    endloop
  endfacet
  facet normal -0.735376379699966 -0.5642741424660459 -0.3752549431034585
    outer loop
      vertex -29.838477631085023 -31.838477631085023 9.2
      vertex -30.25166604983954 -31.3 9.2
      vertex -28.192686597873333 -30.192686597873333 3.5
    endloop
  endfacet
  facet normal -0.8563639319242589 -0.35471755493017776 -0.37525494310345836
    outer loop
      vertex -30.511407148351577 -30.672929517266553 9.2
      vertex -28.26321478766377 -30.070528189790437 3.5
      vertex -30.25166604983954 -31.3 9.2
    endloop
  endfacet
  facet normal -0.9189916973962242 -0.12098755222429673 -0.3752549431034583
    outer loop
      vertex -30.511407148351577 -30.672929517266553 9.2
      vertex -30.6 -30 9.2
      vertex -28.2725 -30 3.5
    endloop
  endfacet
  facet normal -0.9189916973962241 0.12098755222429672 -0.37525494310345847
    outer loop
      vertex -30.6 -30 9.2
      vertex -30.511407148351577 -29.327070482733447 9.2
      vertex -28.26321478766377 -29.929471810209563 3.5
    endloop
  endfacet
  facet normal -0.8563639319242589 0.35471755493017776 -0.3752549431034583
    outer loop
      vertex -30.511407148351577 -29.327070482733447 9.2
      vertex -30.25166604983954 -28.7 9.2
      vertex -28.23599192253126 -29.86375 3.5
    endloop
  endfacet
  facet normal -0.735376379699966 0.5642741424660459 -0.3752549431034585
    outer loop
      vertex -30.25166604983954 -28.7 9.2
      vertex -29.838477631085023 -28.161522368914977 9.2
      vertex -28.192686597873333 -29.807313402126667 3.5
    endloop
  endfacet
  facet normal -0.5642741424660459 0.735376379699966 -0.3752549431034585
    outer loop
      vertex -29.838477631085023 -28.161522368914977 9.2
      vertex -29.3 -27.74833395016046 9.2
      vertex -28.192686597873333 -29.807313402126667 3.5
    endloop
  endfacet
  facet normal -0.3547175549301777 -0.8563639319242586 -0.3752549431034588
    outer loop
      vertex -29.3 -32.25166604983954 9.2
      vertex -28.13625 -30.23599192253126 3.5
      vertex -28.672929517266553 -32.51140714835158 9.2
    endloop
  endfacet
  facet normal -0.12098755222429192 -0.9189916973962247 -0.3752549431034588
    outer loop
      vertex -28.672929517266553 -32.51140714835158 9.2
      vertex -28.070528189790437 -30.26321478766377 3.5
      vertex -28 -32.6 9.2
    endloop
  endfacet
  facet normal 0.12098755222429192 -0.9189916973962247 -0.3752549431034585
    outer loop
      vertex -28 -32.6 9.2
      vertex -28 -30.2725 3.5
      vertex -27.327070482733447 -32.51140714835158 9.2
    endloop
  endfacet
  facet normal 0.3547175549301777 -0.8563639319242586 -0.3752549431034588
    outer loop
      vertex -27.327070482733447 -32.51140714835158 9.2
      vertex -27.929471810209563 -30.26321478766377 3.5
      vertex -26.7 -32.25166604983954 9.2
    endloop
  endfacet
  facet normal -0.35471755493017776 0.8563639319242589 -0.37525494310345836
    outer loop
      vertex -29.3 -27.74833395016046 9.2
      vertex -28.672929517266553 -27.488592851648423 9.2
      vertex -28.070528189790437 -29.73678521233623 3.5
    endloop
  endfacet
  facet normal 0 0 1
    outer loop
      vertex -30.511407148351577 -30.672929517266553 9.2
      vertex -30.25166604983954 -31.3 9.2
      vertex -30.511407148351577 -29.327070482733447 9.2
    endloop
  endfacet
  facet normal 0 0 1
    outer loop
      vertex -29.838477631085023 -31.838477631085023 9.2
      vertex -30.25166604983954 -28.7 9.2
      vertex -30.25166604983954 -31.3 9.2
    endloop
  endfacet
  facet normal 0 0 1
    outer loop
      vertex -29.838477631085023 -31.838477631085023 9.2
      vertex -29.3 -32.25166604983954 9.2
      vertex -29.838477631085023 -28.161522368914977 9.2
    endloop
  endfacet
  facet normal 0 0 1
    outer loop
      vertex -29.3 -32.25166604983954 9.2
      vertex -28.672929517266553 -32.51140714835158 9.2
      vertex -29.3 -27.74833395016046 9.2
    endloop
  endfacet
  facet normal 0 0 1
    outer loop
      vertex -30.511407148351577 -30.672929517266553 9.2
      vertex -30.511407148351577 -29.327070482733447 9.2
      vertex -30.6 -30 9.2
    endloop
  endfacet
  facet normal 0 0 1
    outer loop
      vertex -30.25166604983954 -31.3 9.2
      vertex -30.25166604983954 -28.7 9.2
      vertex -30.511407148351577 -29.327070482733447 9.2
    endloop
  endfacet
  facet normal 0 0 1
    outer loop
      vertex -29.838477631085023 -31.838477631085023 9.2
      vertex -29.838477631085023 -28.161522368914977 9.2
      vertex -30.25166604983954 -28.7 9.2
    endloop
  endfacet
  facet normal 0 0 1
    outer loop
      vertex -29.3 -32.25166604983954 9.2
      vertex -29.3 -27.74833395016046 9.2
      vertex -29.838477631085023 -28.161522368914977 9.2
    endloop
  endfacet
  facet normal 0 0 1
    outer loop
      vertex -28.672929517266553 -32.51140714835158 9.2
      vertex -28 -32.6 9.2
      vertex -28.672929517266553 -27.488592851648423 9.2
    endloop
  endfacet
  facet normal 0 0 1
    outer loop
      vertex -28 -32.6 9.2
      vertex -27.327070482733447 -32.51140714835158 9.2
      vertex -28 -27.4 9.2
    endloop
  endfacet
  facet normal 0 0 1
    outer loop
      vertex -28.672929517266553 -32.51140714835158 9.2
      vertex -28.672929517266553 -27.488592851648423 9.2
      vertex -29.3 -27.74833395016046 9.2
    endloop
  endfacet
  facet normal 0 0 1
    outer loop
      vertex -28.672929517266553 -27.488592851648423 9.2
      vertex -28 -32.6 9.2
      vertex -28 -27.4 9.2
    endloop
  endfacet
  facet normal 0 0 1
    outer loop
      vertex -27.327070482733447 -32.51140714835158 9.2
      vertex -27.327070482733447 -27.488592851648423 9.2
      vertex -28 -27.4 9.2
    endloop
  endfacet
  facet normal -0.12098755222429673 0.9189916973962242 -0.3752549431034583
    outer loop
      vertex -28.672929517266553 -27.488592851648423 9.2
      vertex -28 -27.4 9.2
      vertex -28 -29.7275 3.5
    endloop
  endfacet
  facet normal 0.12098755222429672 0.9189916973962241 -0.37525494310345847
    outer loop
      vertex -28 -27.4 9.2
      vertex -27.327070482733447 -27.488592851648423 9.2
      vertex -27.929471810209563 -29.73678521233623 3.5
    endloop
  endfacet
  facet normal 0.7353763796999568 -0.5642741424660586 -0.3752549431034573
    outer loop
      vertex -25.74833395016046 -31.3 9.2
      vertex -27.807313402126667 -30.192686597873333 3.5
      vertex -27.76400807746874 -30.13625 3.5
    endloop
  endfacet
  facet normal 0.8563639319242599 -0.35471755493017426 -0.37525494310345897
    outer loop
      vertex -25.488592851648423 -30.672929517266553 9.2
      vertex -27.76400807746874 -30.13625 3.5
      vertex -27.73678521233623 -30.070528189790437 3.5
    endloop
  endfacet
  facet normal 0.9189916973962224 -0.12098755222431237 -0.37525494310345764
    outer loop
      vertex -25.4 -30 9.2
      vertex -27.73678521233623 -30.070528189790437 3.5
      vertex -27.7275 -30 3.5
    endloop
  endfacet
  facet normal 0.9189916973962218 0.12098755222431223 -0.3752549431034592
    outer loop
      vertex -25.488592851648423 -29.327070482733447 9.2
      vertex -27.7275 -30 3.5
      vertex -27.73678521233623 -29.929471810209563 3.5
    endloop
  endfacet
  facet normal 0.7353763796999568 0.5642741424660586 -0.3752549431034573
    outer loop
      vertex -25.74833395016046 -28.7 9.2
      vertex -27.76400807746874 -29.86375 3.5
      vertex -27.807313402126667 -29.807313402126667 3.5
    endloop
  endfacet
  facet normal 0.8563639319242601 0.3547175549301744 -0.3752549431034585
    outer loop
      vertex -25.74833395016046 -28.7 9.2
      vertex -27.73678521233623 -29.929471810209563 3.5
      vertex -27.76400807746874 -29.86375 3.5
    endloop
  endfacet
  facet normal 0.564274142466049 -0.7353763796999637 -0.37525494310345875
    outer loop
      vertex -26.7 -32.25166604983954 9.2
      vertex -27.807313402126667 -30.192686597873333 3.5
      vertex -26.161522368914977 -31.838477631085023 9.2
    endloop
  endfacet
  facet normal 0.735376379699966 -0.5642741424660459 -0.3752549431034585
    outer loop
      vertex -26.161522368914977 -31.838477631085023 9.2
      vertex -27.807313402126667 -30.192686597873333 3.5
      vertex -25.74833395016046 -31.3 9.2
    endloop
  endfacet
  facet normal 0.8563639319242589 -0.35471755493017776 -0.37525494310345836
    outer loop
      vertex -25.74833395016046 -31.3 9.2
      vertex -27.76400807746874 -30.13625 3.5
      vertex -25.488592851648423 -30.672929517266553 9.2
    endloop
  endfacet
  facet normal 0.9189916973962241 -0.12098755222429672 -0.3752549431034585
    outer loop
      vertex -25.488592851648423 -30.672929517266553 9.2
      vertex -27.73678521233623 -30.070528189790437 3.5
      vertex -25.4 -30 9.2
    endloop
  endfacet
  facet normal 0.35471755493017776 0.8563639319242589 -0.3752549431034583
    outer loop
      vertex -27.327070482733447 -27.488592851648423 9.2
      vertex -26.7 -27.74833395016046 9.2
      vertex -27.86375 -29.76400807746874 3.5
    endloop
  endfacet
  facet normal 0.5642741424660459 0.735376379699966 -0.3752549431034585
    outer loop
      vertex -26.161522368914977 -28.161522368914977 9.2
      vertex -27.807313402126667 -29.807313402126667 3.5
      vertex -26.7 -27.74833395016046 9.2
    endloop
  endfacet
  facet normal 0.735376379699966 0.5642741424660459 -0.3752549431034585
    outer loop
      vertex -26.161522368914977 -28.161522368914977 9.2
      vertex -25.74833395016046 -28.7 9.2
      vertex -27.807313402126667 -29.807313402126667 3.5
    endloop
  endfacet
  facet normal 0.9189916973962242 0.12098755222429673 -0.37525494310345836
    outer loop
      vertex -25.4 -30 9.2
      vertex -27.7275 -30 3.5
      vertex -25.488592851648423 -29.327070482733447 9.2
    endloop
  endfacet
  facet normal 0.8563639319242589 0.35471755493017776 -0.37525494310345836
    outer loop
      vertex -25.488592851648423 -29.327070482733447 9.2
      vertex -27.73678521233623 -29.929471810209563 3.5
      vertex -25.74833395016046 -28.7 9.2
    endloop
  endfacet
  facet normal 0 0 1
    outer loop
      vertex -27.327070482733447 -32.51140714835158 9.2
      vertex -26.7 -32.25166604983954 9.2
      vertex -27.327070482733447 -27.488592851648423 9.2
    endloop
  endfacet
  facet normal 0 0 1
    outer loop
      vertex -26.7 -32.25166604983954 9.2
      vertex -26.161522368914977 -31.838477631085023 9.2
      vertex -26.7 -27.74833395016046 9.2
    endloop
  endfacet
  facet normal 0 0 1
    outer loop
      vertex -26.161522368914977 -31.838477631085023 9.2
      vertex -25.74833395016046 -31.3 9.2
      vertex -26.161522368914977 -28.161522368914977 9.2
    endloop
  endfacet
  facet normal 0 0 1
    outer loop
      vertex -25.74833395016046 -31.3 9.2
      vertex -25.488592851648423 -30.672929517266553 9.2
      vertex -25.74833395016046 -28.7 9.2
    endloop
  endfacet
  facet normal 0 0 1
    outer loop
      vertex -26.7 -32.25166604983954 9.2
      vertex -26.7 -27.74833395016046 9.2
      vertex -27.327070482733447 -27.488592851648423 9.2
    endloop
  endfacet
  facet normal 0 0 1
    outer loop
      vertex -26.161522368914977 -31.838477631085023 9.2
      vertex -26.161522368914977 -28.161522368914977 9.2
      vertex -26.7 -27.74833395016046 9.2
    endloop
  endfacet
  facet normal 0 0 1
    outer loop
      vertex -25.74833395016046 -31.3 9.2
      vertex -25.74833395016046 -28.7 9.2
      vertex -26.161522368914977 -28.161522368914977 9.2
    endloop
  endfacet
  facet normal 0 0 1
    outer loop
      vertex -25.488592851648423 -30.672929517266553 9.2
      vertex -25.4 -30 9.2
      vertex -25.488592851648423 -29.327070482733447 9.2
    endloop
  endfacet
  facet normal 0 0 1
    outer loop
      vertex -25.488592851648423 -30.672929517266553 9.2
      vertex -25.488592851648423 -29.327070482733447 9.2
      vertex -25.74833395016046 -28.7 9.2
    endloop
  endfacet
  facet normal 0 0 -1
    outer loop
      vertex 29.646446609406727 -32.35355339059328 0
      vertex 29.56698729810778 -32.25 0
      vertex 29.646446609406727 -31.646446609406727 0
    endloop
  endfacet
  facet normal 0 0 -1
    outer loop
      vertex 29.517037086855467 -32.12940952255126 0
      vertex 29.5 -32 0
      vertex 29.517037086855467 -31.87059047744874 0
    endloop
  endfacet
  facet normal 0 0 -1
    outer loop
      vertex 29.517037086855467 -32.12940952255126 0
      vertex 29.517037086855467 -31.87059047744874 0
      vertex 29.56698729810778 -31.75 0
    endloop
  endfacet
  facet normal 0 0 -1
    outer loop
      vertex 29.517037086855467 -32.12940952255126 0
      vertex 29.56698729810778 -31.75 0
      vertex 29.56698729810778 -32.25 0
    endloop
  endfacet
  facet normal 0 0 -1
    outer loop
      vertex 29.56698729810778 -32.25 0
      vertex 29.56698729810778 -31.75 0
      vertex 29.646446609406727 -31.646446609406727 0
    endloop
  endfacet
  facet normal 0 0 -1
    outer loop
      vertex 29.646446609406727 -32.35355339059328 0
      vertex 29.75 -31.56698729810778 0
      vertex 29.75 -32.43301270189222 0
    endloop
  endfacet
  facet normal 0 0 -1
    outer loop
      vertex 29.75 -32.43301270189222 0
      vertex 29.87059047744874 -31.517037086855467 0
      vertex 29.87059047744874 -32.48296291314453 0
    endloop
  endfacet
  facet normal 0 0 -1
    outer loop
      vertex 29.646446609406727 -32.35355339059328 0
      vertex 29.646446609406727 -31.646446609406727 0
      vertex 29.75 -31.56698729810778 0
    endloop
  endfacet
  facet normal 0 0 -1
    outer loop
      vertex 29.75 -32.43301270189222 0
      vertex 29.75 -31.56698729810778 0
      vertex 29.87059047744874 -31.517037086855467 0
    endloop
  endfacet
  facet normal 0 0 -1
    outer loop
      vertex 29.87059047744874 -32.48296291314453 0
      vertex 30 -31.5 0
      vertex 30 -32.5 0
    endloop
  endfacet
  facet normal 0 0 -1
    outer loop
      vertex 30 -32.5 0
      vertex 30 -31.5 0
      vertex 30.12940952255126 -31.517037086855467 0
    endloop
  endfacet
  facet normal 0 0 -1
    outer loop
      vertex 30 -32.5 0
      vertex 30.12940952255126 -31.517037086855467 0
      vertex 30.12940952255126 -32.48296291314453 0
    endloop
  endfacet
  facet normal 0 0 -1
    outer loop
      vertex 30.12940952255126 -32.48296291314453 0
      vertex 30.25 -31.56698729810778 0
      vertex 30.25 -32.43301270189222 0
    endloop
  endfacet
  facet normal 0 0 -1
    outer loop
      vertex 30.12940952255126 -32.48296291314453 0
      vertex 30.12940952255126 -31.517037086855467 0
      vertex 30.25 -31.56698729810778 0
    endloop
  endfacet
  facet normal 0 0 -1
    outer loop
      vertex 30.25 -32.43301270189222 0
      vertex 30.25 -31.56698729810778 0
      vertex 30.353553390593273 -31.646446609406727 0
    endloop
  endfacet
  facet normal 0 0 -1
    outer loop
      vertex 30.25 -32.43301270189222 0
      vertex 30.353553390593273 -31.646446609406727 0
      vertex 30.353553390593273 -32.35355339059328 0
    endloop
  endfacet
  facet normal 0 0 -1
    outer loop
      vertex 30.353553390593273 -32.35355339059328 0
      vertex 30.43301270189222 -31.75 0
      vertex 30.43301270189222 -32.25 0
    endloop
  endfacet
  facet normal 0 0 -1
    outer loop
      vertex 30.43301270189222 -32.25 0
      vertex 30.482962913144533 -31.87059047744874 0
      vertex 30.482962913144533 -32.12940952255126 0
    endloop
  endfacet
  facet normal 0 0 -1
    outer loop
      vertex 30.353553390593273 -32.35355339059328 0
      vertex 30.353553390593273 -31.646446609406727 0
      vertex 30.43301270189222 -31.75 0
    endloop
  endfacet
  facet normal 0 0 -1
    outer loop
      vertex 30.43301270189222 -32.25 0
      vertex 30.43301270189222 -31.75 0
      vertex 30.482962913144533 -31.87059047744874 0
    endloop
  endfacet
  facet normal 0 0 -1
    outer loop
      vertex 30.482962913144533 -32.12940952255126 0
      vertex 30.482962913144533 -31.87059047744874 0
      vertex 30.5 -32 0
    endloop
  endfacet
  facet normal 0 0 -1
    outer loop
      vertex 29.87059047744874 -32.48296291314453 0
      vertex 29.87059047744874 -31.517037086855467 0
      vertex 30 -31.5 0
    endloop
  endfacet
  facet normal -0.7930352309413029 -0.6085173351193869 0.028315637818598284
    outer loop
      vertex 29.646446609406727 -32.35355339059328 0
      vertex 29.71715728752538 -32.28284271247462 3.5
      vertex 29.56698729810778 -32.25 0
    endloop
  endfacet
  facet normal -0.6085173351193658 -0.7930352309413191 0.028315637818598374
    outer loop
      vertex 29.646446609406727 -32.35355339059328 0
      vertex 29.75 -32.43301270189222 0
      vertex 29.71715728752538 -32.28284271247462 3.5
    endloop
  endfacet
  facet normal -0.38252998853153897 -0.923509086327247 0.028315637818597715
    outer loop
      vertex 29.75 -32.43301270189222 0
      vertex 29.87059047744874 -32.48296291314453 0
      vertex 29.8 -32.346410161513774 3.5
    endloop
  endfacet
  facet normal -0.9235090863272526 -0.3825299885315253 0.02831563781859727
    outer loop
      vertex 29.517037086855467 -32.12940952255126 0
      vertex 29.56698729810778 -32.25 0
      vertex 29.653589838486223 -32.2 3.5
    endloop
  endfacet
  facet normal -0.9910473236509201 -0.13047385538595357 0.02831563781859727
    outer loop
      vertex 29.517037086855467 -32.12940952255126 0
      vertex 29.61362966948437 -32.10352761804101 3.5
      vertex 29.5 -32 0
    endloop
  endfacet
  facet normal -0.9910473236509195 0.1304738553859571 0.028315637818597153
    outer loop
      vertex 29.5 -32 0
      vertex 29.61362966948437 -31.896472381958993 3.5
      vertex 29.517037086855467 -31.87059047744874 0
    endloop
  endfacet
  facet normal -0.1304738553859571 -0.9910473236509195 0.028315637818598107
    outer loop
      vertex 29.87059047744874 -32.48296291314453 0
      vertex 30 -32.5 0
      vertex 30 -32.4 3.5
    endloop
  endfacet
  facet normal 0.1304738553859571 -0.9910473236509195 0.028315637818598156
    outer loop
      vertex 30 -32.5 0
      vertex 30.12940952255126 -32.48296291314453 0
      vertex 30.103527618041007 -32.386370330515625 3.5
    endloop
  endfacet
  facet normal 0.38252998853153897 -0.923509086327247 0.028315637818597715
    outer loop
      vertex 30.12940952255126 -32.48296291314453 0
      vertex 30.25 -32.43301270189222 0
      vertex 30.2 -32.346410161513774 3.5
    endloop
  endfacet
  facet normal 0.6085173351193658 -0.7930352309413191 0.028315637818598374
    outer loop
      vertex 30.25 -32.43301270189222 0
      vertex 30.353553390593273 -32.35355339059328 0
      vertex 30.28284271247462 -32.28284271247462 3.5
    endloop
  endfacet
  facet normal 0.7930352309413029 -0.6085173351193869 0.028315637818598284
    outer loop
      vertex 30.353553390593273 -32.35355339059328 0
      vertex 30.43301270189222 -32.25 0
      vertex 30.28284271247462 -32.28284271247462 3.5
    endloop
  endfacet
  facet normal 0.9235090863272526 -0.3825299885315253 0.02831563781859727
    outer loop
      vertex 30.43301270189222 -32.25 0
      vertex 30.482962913144533 -32.12940952255126 0
      vertex 30.346410161513777 -32.2 3.5
    endloop
  endfacet
  facet normal 0.9910473236509201 -0.13047385538595357 0.02831563781859727
    outer loop
      vertex 30.482962913144533 -32.12940952255126 0
      vertex 30.5 -32 0
      vertex 30.38637033051563 -32.10352761804101 3.5
    endloop
  endfacet
  facet normal 0.9910473236509195 0.1304738553859571 0.028315637818598104
    outer loop
      vertex 30.5 -32 0
      vertex 30.482962913144533 -31.87059047744874 0
      vertex 30.4 -32 3.5
    endloop
  endfacet
  facet normal -0.9235090863272567 0.38252998853151576 0.028315637818597625
    outer loop
      vertex 29.517037086855467 -31.87059047744874 0
      vertex 29.653589838486223 -31.8 3.5
      vertex 29.56698729810778 -31.75 0
    endloop
  endfacet
  facet normal -0.7930352309412929 0.6085173351194001 0.028315637818597732
    outer loop
      vertex 29.56698729810778 -31.75 0
      vertex 29.71715728752538 -31.71715728752538 3.5
      vertex 29.646446609406727 -31.646446609406727 0
    endloop
  endfacet
  facet normal -0.6085173351194001 0.7930352309412929 0.028315637818597736
    outer loop
      vertex 29.646446609406727 -31.646446609406727 0
      vertex 29.71715728752538 -31.71715728752538 3.5
      vertex 29.75 -31.56698729810778 0
    endloop
  endfacet
  facet normal -0.38252998853151576 0.9235090863272567 0.02831563781859762
    outer loop
      vertex 29.75 -31.56698729810778 0
      vertex 29.8 -31.653589838486223 3.5
      vertex 29.87059047744874 -31.517037086855467 0
    endloop
  endfacet
  facet normal -0.1304738553859571 0.9910473236509195 0.02831563781859715
    outer loop
      vertex 29.87059047744874 -31.517037086855467 0
      vertex 29.896472381958993 -31.61362966948437 3.5
      vertex 30 -31.5 0
    endloop
  endfacet
  facet normal 0.1304738553859571 0.9910473236509195 0.028315637818598104
    outer loop
      vertex 30 -31.5 0
      vertex 30 -31.6 3.5
      vertex 30.12940952255126 -31.517037086855467 0
    endloop
  endfacet
  facet normal 0.38252998853151576 0.9235090863272567 0.028315637818597625
    outer loop
      vertex 30.12940952255126 -31.517037086855467 0
      vertex 30.2 -31.653589838486223 3.5
      vertex 30.25 -31.56698729810778 0
    endloop
  endfacet
  facet normal 0.6085173351194001 0.7930352309412929 0.028315637818597736
    outer loop
      vertex 30.353553390593273 -31.646446609406727 0
      vertex 30.25 -31.56698729810778 0
      vertex 30.28284271247462 -31.71715728752538 3.5
    endloop
  endfacet
  facet normal 0.7930352309412929 0.6085173351194001 0.028315637818597736
    outer loop
      vertex 30.353553390593273 -31.646446609406727 0
      vertex 30.28284271247462 -31.71715728752538 3.5
      vertex 30.43301270189222 -31.75 0
    endloop
  endfacet
  facet normal 0.9235090863272567 0.38252998853151576 0.028315637818597625
    outer loop
      vertex 30.482962913144533 -31.87059047744874 0
      vertex 30.43301270189222 -31.75 0
      vertex 30.346410161513777 -31.8 3.5
    endloop
  endfacet
  facet normal -0.38252998853152487 -0.9235090863272528 0.028315637818598218
    outer loop
      vertex 29.87059047744874 -32.48296291314453 0
      vertex 29.896472381958993 -32.386370330515625 3.5
      vertex 29.8 -32.346410161513774 3.5
    endloop
  endfacet
  facet normal -0.6085173351193797 -0.7930352309413086 0.02831563781859779
    outer loop
      vertex 29.75 -32.43301270189222 0
      vertex 29.8 -32.346410161513774 3.5
      vertex 29.71715728752538 -32.28284271247462 3.5
    endloop
  endfacet
  facet normal -0.7930352309412795 -0.6085173351194175 0.028315637818596993
    outer loop
      vertex 29.56698729810778 -32.25 0
      vertex 29.71715728752538 -32.28284271247462 3.5
      vertex 29.653589838486223 -32.2 3.5
    endloop
  endfacet
  facet normal -0.9235090863272579 -0.38252998853151293 0.028315637818597722
    outer loop
      vertex 29.517037086855467 -32.12940952255126 0
      vertex 29.653589838486223 -32.2 3.5
      vertex 29.61362966948437 -32.10352761804101 3.5
    endloop
  endfacet
  facet normal -0.9910473236509237 -0.13047385538592543 0.02831563781859822
    outer loop
      vertex 29.61362966948437 -32.10352761804101 3.5
      vertex 29.6 -32 3.5
      vertex 29.5 -32 0
    endloop
  endfacet
  facet normal -0.9910473236509237 0.13047385538592543 0.02831563781859822
    outer loop
      vertex 29.5 -32 0
      vertex 29.6 -32 3.5
      vertex 29.61362966948437 -31.896472381958993 3.5
    endloop
  endfacet
  facet normal -0.9235090863272529 0.3825299885315249 0.02831563781859728
    outer loop
      vertex 29.517037086855467 -31.87059047744874 0
      vertex 29.61362966948437 -31.896472381958993 3.5
      vertex 29.653589838486223 -31.8 3.5
    endloop
  endfacet
  facet normal -0.13047385538595885 -0.9910473236509192 0.02831563781859816
    outer loop
      vertex 29.87059047744874 -32.48296291314453 0
      vertex 30 -32.4 3.5
      vertex 29.896472381958993 -32.386370330515625 3.5
    endloop
  endfacet
  facet normal 0.13047385538595885 -0.9910473236509192 0.028315637818598093
    outer loop
      vertex 30 -32.5 0
      vertex 30.103527618041007 -32.386370330515625 3.5
      vertex 30 -32.4 3.5
    endloop
  endfacet
  facet normal 0.38252998853152487 -0.9235090863272528 0.028315637818598218
    outer loop
      vertex 30.12940952255126 -32.48296291314453 0
      vertex 30.2 -32.346410161513774 3.5
      vertex 30.103527618041007 -32.386370330515625 3.5
    endloop
  endfacet
  facet normal 0.6085173351193797 -0.7930352309413086 0.02831563781859779
    outer loop
      vertex 30.25 -32.43301270189222 0
      vertex 30.28284271247462 -32.28284271247462 3.5
      vertex 30.2 -32.346410161513774 3.5
    endloop
  endfacet
  facet normal 0.7930352309412795 -0.6085173351194175 0.028315637818596993
    outer loop
      vertex 30.43301270189222 -32.25 0
      vertex 30.346410161513777 -32.2 3.5
      vertex 30.28284271247462 -32.28284271247462 3.5
    endloop
  endfacet
  facet normal 0.9235090863272579 -0.38252998853151293 0.028315637818597722
    outer loop
      vertex 30.482962913144533 -32.12940952255126 0
      vertex 30.38637033051563 -32.10352761804101 3.5
      vertex 30.346410161513777 -32.2 3.5
    endloop
  endfacet
  facet normal 0.9910473236509237 -0.13047385538592543 0.02831563781859822
    outer loop
      vertex 30.38637033051563 -32.10352761804101 3.5
      vertex 30.5 -32 0
      vertex 30.4 -32 3.5
    endloop
  endfacet
  facet normal 0.9235090863272529 0.3825299885315249 0.02831563781859728
    outer loop
      vertex 30.482962913144533 -31.87059047744874 0
      vertex 30.346410161513777 -31.8 3.5
      vertex 30.38637033051563 -31.896472381958993 3.5
    endloop
  endfacet
  facet normal 0.9910473236509237 0.13047385538592543 0.028315637818597028
    outer loop
      vertex 30.482962913144533 -31.87059047744874 0
      vertex 30.38637033051563 -31.896472381958993 3.5
      vertex 30.4 -32 3.5
    endloop
  endfacet
  facet normal -0.7930352309412921 0.6085173351194011 0.02831563781859769
    outer loop
      vertex 29.56698729810778 -31.75 0
      vertex 29.653589838486223 -31.8 3.5
      vertex 29.71715728752538 -31.71715728752538 3.5
    endloop
  endfacet
  facet normal -0.6085173351194011 0.7930352309412921 0.02831563781859769
    outer loop
      vertex 29.75 -31.56698729810778 0
      vertex 29.71715728752538 -31.71715728752538 3.5
      vertex 29.8 -31.653589838486223 3.5
    endloop
  endfacet
  facet normal -0.3825299885315249 0.9235090863272529 0.02831563781859728
    outer loop
      vertex 29.87059047744874 -31.517037086855467 0
      vertex 29.8 -31.653589838486223 3.5
      vertex 29.896472381958993 -31.61362966948437 3.5
    endloop
  endfacet
  facet normal -0.13047385538592543 0.9910473236509237 0.02831563781859822
    outer loop
      vertex 29.896472381958993 -31.61362966948437 3.5
      vertex 30 -31.6 3.5
      vertex 30 -31.5 0
    endloop
  endfacet
  facet normal 0.6085173351194011 0.7930352309412921 0.02831563781859769
    outer loop
      vertex 30.25 -31.56698729810778 0
      vertex 30.2 -31.653589838486223 3.5
      vertex 30.28284271247462 -31.71715728752538 3.5
    endloop
  endfacet
  facet normal 0.13047385538592543 0.9910473236509237 0.028315637818597028
    outer loop
      vertex 30.12940952255126 -31.517037086855467 0
      vertex 30 -31.6 3.5
      vertex 30.103527618041007 -31.61362966948437 3.5
    endloop
  endfacet
  facet normal 0.3825299885315249 0.9235090863272529 0.02831563781859728
    outer loop
      vertex 30.12940952255126 -31.517037086855467 0
      vertex 30.103527618041007 -31.61362966948437 3.5
      vertex 30.2 -31.653589838486223 3.5
    endloop
  endfacet
  facet normal 0.7930352309412921 0.6085173351194011 0.02831563781859769
    outer loop
      vertex 30.43301270189222 -31.75 0
      vertex 30.28284271247462 -31.71715728752538 3.5
      vertex 30.346410161513777 -31.8 3.5
    endloop
  endfacet
  facet normal 0 0 1
    outer loop
      vertex 29.8 -32.346410161513774 3.5
      vertex 29.896472381958993 -32.386370330515625 3.5
      vertex 29.86375 -32.23599192253126 3.5
    endloop
  endfacet
  facet normal 0 0 1
    outer loop
      vertex 29.61362966948437 -32.10352761804101 3.5
      vertex 29.653589838486223 -32.2 3.5
      vertex 29.61362966948437 -31.896472381958993 3.5
    endloop
  endfacet
  facet normal 0 0 1
    outer loop
      vertex 29.61362966948437 -32.10352761804101 3.5
      vertex 29.61362966948437 -31.896472381958993 3.5
      vertex 29.6 -32 3.5
    endloop
  endfacet
  facet normal 0 0 1
    outer loop
      vertex 29.653589838486223 -32.2 3.5
      vertex 29.653589838486223 -31.8 3.5
      vertex 29.61362966948437 -31.896472381958993 3.5
    endloop
  endfacet
  facet normal 0 0 1
    outer loop
      vertex 29.71715728752538 -32.28284271247462 3.5
      vertex 29.653589838486223 -31.8 3.5
      vertex 29.653589838486223 -32.2 3.5
    endloop
  endfacet
  facet normal 0 0 1
    outer loop
      vertex 29.71715728752538 -32.28284271247462 3.5
      vertex 29.76400807746874 -32.13625 3.5
      vertex 29.73678521233623 -32.07052818979044 3.5
    endloop
  endfacet
  facet normal 0 0 1
    outer loop
      vertex 29.71715728752538 -32.28284271247462 3.5
      vertex 29.73678521233623 -32.07052818979044 3.5
      vertex 29.7275 -32 3.5
    endloop
  endfacet
  facet normal 0 0 1
    outer loop
      vertex 29.71715728752538 -32.28284271247462 3.5
      vertex 29.8 -32.346410161513774 3.5
      vertex 29.76400807746874 -32.13625 3.5
    endloop
  endfacet
  facet normal 0 0 1
    outer loop
      vertex 29.8 -32.346410161513774 3.5
      vertex 29.86375 -32.23599192253126 3.5
      vertex 29.807313402126667 -32.19268659787333 3.5
    endloop
  endfacet
  facet normal 0 0 1
    outer loop
      vertex 29.8 -32.346410161513774 3.5
      vertex 29.807313402126667 -32.19268659787333 3.5
      vertex 29.76400807746874 -32.13625 3.5
    endloop
  endfacet
  facet normal 0 0 1
    outer loop
      vertex 29.71715728752538 -32.28284271247462 3.5
      vertex 29.7275 -32 3.5
      vertex 29.71715728752538 -31.71715728752538 3.5
    endloop
  endfacet
  facet normal 0 0 1
    outer loop
      vertex 29.71715728752538 -32.28284271247462 3.5
      vertex 29.71715728752538 -31.71715728752538 3.5
      vertex 29.653589838486223 -31.8 3.5
    endloop
  endfacet
  facet normal 0 0 1
    outer loop
      vertex 29.71715728752538 -31.71715728752538 3.5
      vertex 29.7275 -32 3.5
      vertex 29.73678521233623 -31.929471810209563 3.5
    endloop
  endfacet
  facet normal 0 0 1
    outer loop
      vertex 29.896472381958993 -32.386370330515625 3.5
      vertex 30 -32.4 3.5
      vertex 29.929471810209563 -32.26321478766377 3.5
    endloop
  endfacet
  facet normal 0 0 1
    outer loop
      vertex 29.896472381958993 -32.386370330515625 3.5
      vertex 29.929471810209563 -32.26321478766377 3.5
      vertex 29.86375 -32.23599192253126 3.5
    endloop
  endfacet
  facet normal 0 0 1
    outer loop
      vertex 30 -32.4 3.5
      vertex 30 -32.2725 3.5
      vertex 29.929471810209563 -32.26321478766377 3.5
    endloop
  endfacet
  facet normal 0 0 1
    outer loop
      vertex 30 -32.4 3.5
      vertex 30.103527618041007 -32.386370330515625 3.5
      vertex 30 -32.2725 3.5
    endloop
  endfacet
  facet normal 0 0 1
    outer loop
      vertex 30.103527618041007 -32.386370330515625 3.5
      vertex 30.070528189790437 -32.26321478766377 3.5
      vertex 30 -32.2725 3.5
    endloop
  endfacet
  facet normal 0 0 1
    outer loop
      vertex 30.103527618041007 -32.386370330515625 3.5
      vertex 30.2 -32.346410161513774 3.5
      vertex 30.070528189790437 -32.26321478766377 3.5
    endloop
  endfacet
  facet normal 0 0 1
    outer loop
      vertex 30.2 -32.346410161513774 3.5
      vertex 30.13625 -32.23599192253126 3.5
      vertex 30.070528189790437 -32.26321478766377 3.5
    endloop
  endfacet
  facet normal 0 0 1
    outer loop
      vertex 30.2 -32.346410161513774 3.5
      vertex 30.192686597873333 -32.19268659787333 3.5
      vertex 30.13625 -32.23599192253126 3.5
    endloop
  endfacet
  facet normal 0 0 1
    outer loop
      vertex 30.2 -32.346410161513774 3.5
      vertex 30.28284271247462 -32.28284271247462 3.5
      vertex 30.192686597873333 -32.19268659787333 3.5
    endloop
  endfacet
  facet normal 0 0 1
    outer loop
      vertex 30.28284271247462 -32.28284271247462 3.5
      vertex 30.23599192253126 -32.13625 3.5
      vertex 30.192686597873333 -32.19268659787333 3.5
    endloop
  endfacet
  facet normal 0 0 1
    outer loop
      vertex 30.28284271247462 -32.28284271247462 3.5
      vertex 30.26321478766377 -32.07052818979044 3.5
      vertex 30.23599192253126 -32.13625 3.5
    endloop
  endfacet
  facet normal 0 0 1
    outer loop
      vertex 30.28284271247462 -32.28284271247462 3.5
      vertex 30.2725 -32 3.5
      vertex 30.26321478766377 -32.07052818979044 3.5
    endloop
  endfacet
  facet normal 0 0 1
    outer loop
      vertex 30.28284271247462 -32.28284271247462 3.5
      vertex 30.28284271247462 -31.71715728752538 3.5
      vertex 30.2725 -32 3.5
    endloop
  endfacet
  facet normal 0 0 1
    outer loop
      vertex 30.28284271247462 -31.71715728752538 3.5
      vertex 30.26321478766377 -31.929471810209563 3.5
      vertex 30.2725 -32 3.5
    endloop
  endfacet
  facet normal 0 0 1
    outer loop
      vertex 30.28284271247462 -32.28284271247462 3.5
      vertex 30.346410161513777 -32.2 3.5
      vertex 30.28284271247462 -31.71715728752538 3.5
    endloop
  endfacet
  facet normal 0 0 1
    outer loop
      vertex 30.346410161513777 -32.2 3.5
      vertex 30.38637033051563 -32.10352761804101 3.5
      vertex 30.346410161513777 -31.8 3.5
    endloop
  endfacet
  facet normal 0 0 1
    outer loop
      vertex 30.38637033051563 -32.10352761804101 3.5
      vertex 30.4 -32 3.5
      vertex 30.38637033051563 -31.896472381958993 3.5
    endloop
  endfacet
  facet normal 0 0 1
    outer loop
      vertex 30.38637033051563 -32.10352761804101 3.5
      vertex 30.38637033051563 -31.896472381958993 3.5
      vertex 30.346410161513777 -31.8 3.5
    endloop
  endfacet
  facet normal 0 0 1
    outer loop
      vertex 30.346410161513777 -32.2 3.5
      vertex 30.346410161513777 -31.8 3.5
      vertex 30.28284271247462 -31.71715728752538 3.5
    endloop
  endfacet
  facet normal 0 0 1
    outer loop
      vertex 29.71715728752538 -31.71715728752538 3.5
      vertex 29.73678521233623 -31.929471810209563 3.5
      vertex 29.76400807746874 -31.86375 3.5
    endloop
  endfacet
  facet normal 0 0 1
    outer loop
      vertex 29.71715728752538 -31.71715728752538 3.5
      vertex 29.76400807746874 -31.86375 3.5
      vertex 29.807313402126667 -31.807313402126667 3.5
    endloop
  endfacet
  facet normal 0 0 1
    outer loop
      vertex 29.8 -31.653589838486223 3.5
      vertex 29.807313402126667 -31.807313402126667 3.5
      vertex 29.86375 -31.76400807746874 3.5
    endloop
  endfacet
  facet normal 0 0 1
    outer loop
      vertex 29.71715728752538 -31.71715728752538 3.5
      vertex 29.807313402126667 -31.807313402126667 3.5
      vertex 29.8 -31.653589838486223 3.5
    endloop
  endfacet
  facet normal 0 0 1
    outer loop
      vertex 29.8 -31.653589838486223 3.5
      vertex 29.86375 -31.76400807746874 3.5
      vertex 29.929471810209563 -31.73678521233623 3.5
    endloop
  endfacet
  facet normal 0 0 1
    outer loop
      vertex 29.896472381958993 -31.61362966948437 3.5
      vertex 29.929471810209563 -31.73678521233623 3.5
      vertex 30 -31.7275 3.5
    endloop
  endfacet
  facet normal 0 0 1
    outer loop
      vertex 29.8 -31.653589838486223 3.5
      vertex 29.929471810209563 -31.73678521233623 3.5
      vertex 29.896472381958993 -31.61362966948437 3.5
    endloop
  endfacet
  facet normal 0 0 1
    outer loop
      vertex 29.896472381958993 -31.61362966948437 3.5
      vertex 30 -31.7275 3.5
      vertex 30 -31.6 3.5
    endloop
  endfacet
  facet normal 0 0 1
    outer loop
      vertex 30 -31.6 3.5
      vertex 30 -31.7275 3.5
      vertex 30.070528189790437 -31.73678521233623 3.5
    endloop
  endfacet
  facet normal 0 0 1
    outer loop
      vertex 30 -31.6 3.5
      vertex 30.070528189790437 -31.73678521233623 3.5
      vertex 30.103527618041007 -31.61362966948437 3.5
    endloop
  endfacet
  facet normal 0 0 1
    outer loop
      vertex 30.2 -31.653589838486223 3.5
      vertex 30.13625 -31.76400807746874 3.5
      vertex 30.192686597873333 -31.807313402126667 3.5
    endloop
  endfacet
  facet normal 0 0 1
    outer loop
      vertex 30.103527618041007 -31.61362966948437 3.5
      vertex 30.070528189790437 -31.73678521233623 3.5
      vertex 30.13625 -31.76400807746874 3.5
    endloop
  endfacet
  facet normal 0 0 1
    outer loop
      vertex 30.103527618041007 -31.61362966948437 3.5
      vertex 30.13625 -31.76400807746874 3.5
      vertex 30.2 -31.653589838486223 3.5
    endloop
  endfacet
  facet normal 0 0 1
    outer loop
      vertex 30.2 -31.653589838486223 3.5
      vertex 30.192686597873333 -31.807313402126667 3.5
      vertex 30.23599192253126 -31.86375 3.5
    endloop
  endfacet
  facet normal 0 0 1
    outer loop
      vertex 30.2 -31.653589838486223 3.5
      vertex 30.23599192253126 -31.86375 3.5
      vertex 30.28284271247462 -31.71715728752538 3.5
    endloop
  endfacet
  facet normal 0 0 1
    outer loop
      vertex 30.28284271247462 -31.71715728752538 3.5
      vertex 30.23599192253126 -31.86375 3.5
      vertex 30.26321478766377 -31.929471810209563 3.5
    endloop
  endfacet
  facet normal -0.9189916973962218 -0.12098755222431223 -0.3752549431034592
    outer loop
      vertex 27.488592851648423 -32.67292951726655 9.2
      vertex 29.7275 -32 3.5
      vertex 29.73678521233623 -32.07052818979044 3.5
    endloop
  endfacet
  facet normal -0.9189916973962224 0.12098755222431237 -0.37525494310345764
    outer loop
      vertex 27.4 -32 9.2
      vertex 29.73678521233623 -31.929471810209563 3.5
      vertex 29.7275 -32 3.5
    endloop
  endfacet
  facet normal -0.5642741424660869 -0.7353763796999356 -0.3752549431034566
    outer loop
      vertex 28.7 -34.25166604983954 9.2
      vertex 29.807313402126667 -32.19268659787333 3.5
      vertex 29.86375 -32.23599192253126 3.5
    endloop
  endfacet
  facet normal -0.3547175549301323 -0.8563639319242762 -0.3752549431034615
    outer loop
      vertex 29.327070482733447 -34.51140714835158 9.2
      vertex 29.86375 -32.23599192253126 3.5
      vertex 29.929471810209563 -32.26321478766377 3.5
    endloop
  endfacet
  facet normal -0.8563639319242529 -0.3547175549301907 -0.3752549431034596
    outer loop
      vertex 27.74833395016046 -33.3 9.2
      vertex 29.73678521233623 -32.07052818979044 3.5
      vertex 29.76400807746874 -32.13625 3.5
    endloop
  endfacet
  facet normal -0.7353763796999739 -0.5642741424660358 -0.3752549431034584
    outer loop
      vertex 27.74833395016046 -33.3 9.2
      vertex 29.76400807746874 -32.13625 3.5
      vertex 29.807313402126667 -32.19268659787333 3.5
    endloop
  endfacet
  facet normal -0.12098755222431237 -0.9189916973962224 -0.37525494310345764
    outer loop
      vertex 30 -34.6 9.2
      vertex 29.929471810209563 -32.26321478766377 3.5
      vertex 30 -32.2725 3.5
    endloop
  endfacet
  facet normal 0.1209875522243162 -0.918991697396221 -0.3752549431034599
    outer loop
      vertex 30.672929517266553 -34.51140714835158 9.2
      vertex 30 -32.2725 3.5
      vertex 30.070528189790437 -32.26321478766377 3.5
    endloop
  endfacet
  facet normal 0.3547175549301365 -0.8563639319242766 -0.37525494310345664
    outer loop
      vertex 31.3 -34.25166604983954 9.2
      vertex 30.070528189790437 -32.26321478766377 3.5
      vertex 30.13625 -32.23599192253126 3.5
    endloop
  endfacet
  facet normal 0.5642741424660869 -0.7353763796999356 -0.3752549431034566
    outer loop
      vertex 31.3 -34.25166604983954 9.2
      vertex 30.13625 -32.23599192253126 3.5
      vertex 30.192686597873333 -32.19268659787333 3.5
    endloop
  endfacet
  facet normal -0.8563639319242599 0.35471755493017426 -0.37525494310345897
    outer loop
      vertex 27.488592851648423 -31.327070482733447 9.2
      vertex 29.76400807746874 -31.86375 3.5
      vertex 29.73678521233623 -31.929471810209563 3.5
    endloop
  endfacet
  facet normal -0.7353763796999568 0.5642741424660586 -0.3752549431034573
    outer loop
      vertex 27.74833395016046 -30.7 9.2
      vertex 29.807313402126667 -31.807313402126667 3.5
      vertex 29.76400807746874 -31.86375 3.5
    endloop
  endfacet
  facet normal -0.5642741424660586 0.7353763796999568 -0.3752549431034573
    outer loop
      vertex 28.7 -29.74833395016046 9.2
      vertex 29.86375 -31.76400807746874 3.5
      vertex 29.807313402126667 -31.807313402126667 3.5
    endloop
  endfacet
  facet normal -0.3547175549301744 0.8563639319242601 -0.3752549431034585
    outer loop
      vertex 28.7 -29.74833395016046 9.2
      vertex 29.929471810209563 -31.73678521233623 3.5
      vertex 29.86375 -31.76400807746874 3.5
    endloop
  endfacet
  facet normal -0.12098755222431223 0.9189916973962218 -0.3752549431034592
    outer loop
      vertex 29.327070482733447 -29.488592851648423 9.2
      vertex 30 -31.7275 3.5
      vertex 29.929471810209563 -31.73678521233623 3.5
    endloop
  endfacet
  facet normal 0.12098755222431237 0.9189916973962224 -0.37525494310345764
    outer loop
      vertex 30 -29.4 9.2
      vertex 30.070528189790437 -31.73678521233623 3.5
      vertex 30 -31.7275 3.5
    endloop
  endfacet
  facet normal 0.35471755493017426 0.8563639319242599 -0.37525494310345897
    outer loop
      vertex 30.672929517266553 -29.488592851648423 9.2
      vertex 30.13625 -31.76400807746874 3.5
      vertex 30.070528189790437 -31.73678521233623 3.5
    endloop
  endfacet
  facet normal 0.5642741424660586 0.7353763796999568 -0.3752549431034573
    outer loop
      vertex 31.3 -29.74833395016046 9.2
      vertex 30.192686597873333 -31.807313402126667 3.5
      vertex 30.13625 -31.76400807746874 3.5
    endloop
  endfacet
  facet normal 0.7353763796999753 -0.5642741424660328 -0.37525494310346014
    outer loop
      vertex 32.25166604983954 -33.3 9.2
      vertex 30.192686597873333 -32.19268659787333 3.5
      vertex 30.23599192253126 -32.13625 3.5
    endloop
  endfacet
  facet normal 0.8563639319242536 -0.35471755493019064 -0.37525494310345797
    outer loop
      vertex 32.51140714835158 -32.67292951726655 9.2
      vertex 30.23599192253126 -32.13625 3.5
      vertex 30.26321478766377 -32.07052818979044 3.5
    endloop
  endfacet
  facet normal 0.9189916973962224 -0.12098755222431237 -0.37525494310345764
    outer loop
      vertex 32.6 -32 9.2
      vertex 30.26321478766377 -32.07052818979044 3.5
      vertex 30.2725 -32 3.5
    endloop
  endfacet
  facet normal 0.7353763796999584 0.5642741424660557 -0.3752549431034591
    outer loop
      vertex 32.25166604983954 -30.7 9.2
      vertex 30.23599192253126 -31.86375 3.5
      vertex 30.192686597873333 -31.807313402126667 3.5
    endloop
  endfacet
  facet normal 0.8563639319242585 0.3547175549301778 -0.3752549431034589
    outer loop
      vertex 32.25166604983954 -30.7 9.2
      vertex 30.26321478766377 -31.929471810209563 3.5
      vertex 30.23599192253126 -31.86375 3.5
    endloop
  endfacet
  facet normal 0.918991697396221 0.1209875522243162 -0.3752549431034599
    outer loop
      vertex 32.51140714835158 -31.327070482733447 9.2
      vertex 30.2725 -32 3.5
      vertex 30.26321478766377 -31.929471810209563 3.5
    endloop
  endfacet
  facet normal -0.7353763796999696 -0.5642741424660412 -0.37525494310345864
    outer loop
      vertex 28.161522368914977 -33.83847763108503 9.2
      vertex 27.74833395016046 -33.3 9.2
      vertex 29.807313402126667 -32.19268659787333 3.5
    endloop
  endfacet
  facet normal -0.5642741424660458 -0.7353763796999658 -0.3752549431034589
    outer loop
      vertex 28.161522368914977 -33.83847763108503 9.2
      vertex 29.807313402126667 -32.19268659787333 3.5
      vertex 28.7 -34.25166604983954 9.2
    endloop
  endfacet
  facet normal -0.8563639319242581 -0.3547175549301794 -0.3752549431034582
    outer loop
      vertex 27.488592851648423 -32.67292951726655 9.2
      vertex 29.73678521233623 -32.07052818979044 3.5
      vertex 27.74833395016046 -33.3 9.2
    endloop
  endfacet
  facet normal -0.9189916973962242 -0.12098755222429673 -0.3752549431034583
    outer loop
      vertex 27.488592851648423 -32.67292951726655 9.2
      vertex 27.4 -32 9.2
      vertex 29.7275 -32 3.5
    endloop
  endfacet
  facet normal -0.35471755493017776 -0.8563639319242589 -0.37525494310345836
    outer loop
      vertex 28.7 -34.25166604983954 9.2
      vertex 29.86375 -32.23599192253126 3.5
      vertex 29.327070482733447 -34.51140714835158 9.2
    endloop
  endfacet
  facet normal -0.12098755222429192 -0.9189916973962247 -0.3752549431034588
    outer loop
      vertex 29.327070482733447 -34.51140714835158 9.2
      vertex 29.929471810209563 -32.26321478766377 3.5
      vertex 30 -34.6 9.2
    endloop
  endfacet
  facet normal 0.12098755222429192 -0.9189916973962247 -0.3752549431034585
    outer loop
      vertex 30 -34.6 9.2
      vertex 30 -32.2725 3.5
      vertex 30.672929517266553 -34.51140714835158 9.2
    endloop
  endfacet
  facet normal 0.3547175549301777 -0.8563639319242586 -0.3752549431034588
    outer loop
      vertex 30.672929517266553 -34.51140714835158 9.2
      vertex 30.070528189790437 -32.26321478766377 3.5
      vertex 31.3 -34.25166604983954 9.2
    endloop
  endfacet
  facet normal -0.9189916973962241 0.12098755222429672 -0.37525494310345847
    outer loop
      vertex 27.4 -32 9.2
      vertex 27.488592851648423 -31.327070482733447 9.2
      vertex 29.73678521233623 -31.929471810209563 3.5
    endloop
  endfacet
  facet normal -0.8563639319242589 0.35471755493017776 -0.3752549431034583
    outer loop
      vertex 27.488592851648423 -31.327070482733447 9.2
      vertex 27.74833395016046 -30.7 9.2
      vertex 29.76400807746874 -31.86375 3.5
    endloop
  endfacet
  facet normal -0.735376379699966 0.5642741424660459 -0.3752549431034585
    outer loop
      vertex 27.74833395016046 -30.7 9.2
      vertex 28.161522368914977 -30.161522368914977 9.2
      vertex 29.807313402126667 -31.807313402126667 3.5
    endloop
  endfacet
  facet normal -0.5642741424660459 0.735376379699966 -0.3752549431034585
    outer loop
      vertex 28.161522368914977 -30.161522368914977 9.2
      vertex 28.7 -29.74833395016046 9.2
      vertex 29.807313402126667 -31.807313402126667 3.5
    endloop
  endfacet
  facet normal -0.35471755493017776 0.8563639319242589 -0.37525494310345836
    outer loop
      vertex 28.7 -29.74833395016046 9.2
      vertex 29.327070482733447 -29.488592851648423 9.2
      vertex 29.929471810209563 -31.73678521233623 3.5
    endloop
  endfacet
  facet normal -0.12098755222429673 0.9189916973962242 -0.3752549431034583
    outer loop
      vertex 29.327070482733447 -29.488592851648423 9.2
      vertex 30 -29.4 9.2
      vertex 30 -31.7275 3.5
    endloop
  endfacet
  facet normal 0.12098755222429672 0.9189916973962241 -0.37525494310345847
    outer loop
      vertex 30 -29.4 9.2
      vertex 30.672929517266553 -29.488592851648423 9.2
      vertex 30.070528189790437 -31.73678521233623 3.5
    endloop
  endfacet
  facet normal 0.35471755493017776 0.8563639319242589 -0.3752549431034583
    outer loop
      vertex 30.672929517266553 -29.488592851648423 9.2
      vertex 31.3 -29.74833395016046 9.2
      vertex 30.13625 -31.76400807746874 3.5
    endloop
  endfacet
  facet normal 0.5642741424660458 -0.7353763796999658 -0.3752549431034589
    outer loop
      vertex 31.3 -34.25166604983954 9.2
      vertex 30.192686597873333 -32.19268659787333 3.5
      vertex 31.838477631085023 -33.83847763108503 9.2
    endloop
  endfacet
  facet normal 0.735376379699967 -0.5642741424660442 -0.3752549431034587
    outer loop
      vertex 31.838477631085023 -33.83847763108503 9.2
      vertex 30.192686597873333 -32.19268659787333 3.5
      vertex 32.25166604983954 -33.3 9.2
    endloop
  endfacet
  facet normal 0.8563639319242579 -0.35471755493017937 -0.37525494310345886
    outer loop
      vertex 32.25166604983954 -33.3 9.2
      vertex 30.23599192253126 -32.13625 3.5
      vertex 32.51140714835158 -32.67292951726655 9.2
    endloop
  endfacet
  facet normal 0.9189916973962247 -0.12098755222429192 -0.3752549431034588
    outer loop
      vertex 32.51140714835158 -32.67292951726655 9.2
      vertex 30.26321478766377 -32.07052818979044 3.5
      vertex 32.6 -32 9.2
    endloop
  endfacet
  facet normal 0.5642741424660459 0.735376379699966 -0.3752549431034585
    outer loop
      vertex 31.838477631085023 -30.161522368914977 9.2
      vertex 30.192686597873333 -31.807313402126667 3.5
      vertex 31.3 -29.74833395016046 9.2
    endloop
  endfacet
  facet normal 0.7353763796999637 0.564274142466049 -0.37525494310345875
    outer loop
      vertex 31.838477631085023 -30.161522368914977 9.2
      vertex 32.25166604983954 -30.7 9.2
      vertex 30.192686597873333 -31.807313402126667 3.5
    endloop
  endfacet
  facet normal 0.9189916973962247 0.12098755222429192 -0.3752549431034585
    outer loop
      vertex 32.6 -32 9.2
      vertex 30.2725 -32 3.5
      vertex 32.51140714835158 -31.327070482733447 9.2
    endloop
  endfacet
  facet normal 0.8563639319242586 0.3547175549301777 -0.3752549431034588
    outer loop
      vertex 32.51140714835158 -31.327070482733447 9.2
      vertex 30.26321478766377 -31.929471810209563 3.5
      vertex 32.25166604983954 -30.7 9.2
    endloop
  endfacet
  facet normal 0 0 1
    outer loop
      vertex 27.488592851648423 -32.67292951726655 9.2
      vertex 27.74833395016046 -33.3 9.2
      vertex 27.488592851648423 -31.327070482733447 9.2
    endloop
  endfacet
  facet normal 0 0 1
    outer loop
      vertex 27.488592851648423 -32.67292951726655 9.2
      vertex 27.488592851648423 -31.327070482733447 9.2
      vertex 27.4 -32 9.2
    endloop
  endfacet
  facet normal 0 0 1
    outer loop
      vertex 28.161522368914977 -33.83847763108503 9.2
      vertex 27.74833395016046 -30.7 9.2
      vertex 27.74833395016046 -33.3 9.2
    endloop
  endfacet
  facet normal 0 0 1
    outer loop
      vertex 28.161522368914977 -33.83847763108503 9.2
      vertex 28.7 -34.25166604983954 9.2
      vertex 28.161522368914977 -30.161522368914977 9.2
    endloop
  endfacet
  facet normal 0 0 1
    outer loop
      vertex 28.7 -34.25166604983954 9.2
      vertex 29.327070482733447 -34.51140714835158 9.2
      vertex 28.7 -29.74833395016046 9.2
    endloop
  endfacet
  facet normal 0 0 1
    outer loop
      vertex 29.327070482733447 -34.51140714835158 9.2
      vertex 30 -34.6 9.2
      vertex 29.327070482733447 -29.488592851648423 9.2
    endloop
  endfacet
  facet normal 0 0 1
    outer loop
      vertex 30 -34.6 9.2
      vertex 30.672929517266553 -34.51140714835158 9.2
      vertex 30 -29.4 9.2
    endloop
  endfacet
  facet normal 0 0 1
    outer loop
      vertex 27.74833395016046 -33.3 9.2
      vertex 27.74833395016046 -30.7 9.2
      vertex 27.488592851648423 -31.327070482733447 9.2
    endloop
  endfacet
  facet normal 0 0 1
    outer loop
      vertex 28.161522368914977 -33.83847763108503 9.2
      vertex 28.161522368914977 -30.161522368914977 9.2
      vertex 27.74833395016046 -30.7 9.2
    endloop
  endfacet
  facet normal 0 0 1
    outer loop
      vertex 28.7 -34.25166604983954 9.2
      vertex 28.7 -29.74833395016046 9.2
      vertex 28.161522368914977 -30.161522368914977 9.2
    endloop
  endfacet
  facet normal 0 0 1
    outer loop
      vertex 29.327070482733447 -34.51140714835158 9.2
      vertex 29.327070482733447 -29.488592851648423 9.2
      vertex 28.7 -29.74833395016046 9.2
    endloop
  endfacet
  facet normal 0 0 1
    outer loop
      vertex 29.327070482733447 -29.488592851648423 9.2
      vertex 30 -34.6 9.2
      vertex 30 -29.4 9.2
    endloop
  endfacet
  facet normal 0 0 1
    outer loop
      vertex 30.672929517266553 -34.51140714835158 9.2
      vertex 30.672929517266553 -29.488592851648423 9.2
      vertex 30 -29.4 9.2
    endloop
  endfacet
  facet normal 0 0 1
    outer loop
      vertex 30.672929517266553 -34.51140714835158 9.2
      vertex 31.3 -34.25166604983954 9.2
      vertex 30.672929517266553 -29.488592851648423 9.2
    endloop
  endfacet
  facet normal 0 0 1
    outer loop
      vertex 31.3 -34.25166604983954 9.2
      vertex 31.838477631085023 -33.83847763108503 9.2
      vertex 31.3 -29.74833395016046 9.2
    endloop
  endfacet
  facet normal 0 0 1
    outer loop
      vertex 31.838477631085023 -33.83847763108503 9.2
      vertex 32.25166604983954 -33.3 9.2
      vertex 31.838477631085023 -30.161522368914977 9.2
    endloop
  endfacet
  facet normal 0 0 1
    outer loop
      vertex 32.25166604983954 -33.3 9.2
      vertex 32.51140714835158 -32.67292951726655 9.2
      vertex 32.25166604983954 -30.7 9.2
    endloop
  endfacet
  facet normal 0 0 1
    outer loop
      vertex 32.51140714835158 -32.67292951726655 9.2
      vertex 32.6 -32 9.2
      vertex 32.51140714835158 -31.327070482733447 9.2
    endloop
  endfacet
  facet normal 0 0 1
    outer loop
      vertex 31.3 -34.25166604983954 9.2
      vertex 31.3 -29.74833395016046 9.2
      vertex 30.672929517266553 -29.488592851648423 9.2
    endloop
  endfacet
  facet normal 0 0 1
    outer loop
      vertex 31.838477631085023 -33.83847763108503 9.2
      vertex 31.838477631085023 -30.161522368914977 9.2
      vertex 31.3 -29.74833395016046 9.2
    endloop
  endfacet
  facet normal 0 0 1
    outer loop
      vertex 32.25166604983954 -33.3 9.2
      vertex 32.25166604983954 -30.7 9.2
      vertex 31.838477631085023 -30.161522368914977 9.2
    endloop
  endfacet
  facet normal 0 0 1
    outer loop
      vertex 32.51140714835158 -32.67292951726655 9.2
      vertex 32.51140714835158 -31.327070482733447 9.2
      vertex 32.25166604983954 -30.7 9.2
    endloop
  endfacet
  facet normal 0 0 -1
    outer loop
      vertex -52.48296291314453 17.87059047744874 0
      vertex -52.5 18 0
      vertex -52.48296291314453 18.12940952255126 0
    endloop
  endfacet
  facet normal 0 0 -1
    outer loop
      vertex -52.35355339059328 17.646446609406727 0
      vertex -52.25 18.43301270189222 0
      vertex -52.25 17.56698729810778 0
    endloop
  endfacet
  facet normal 0 0 -1
    outer loop
      vertex -52.48296291314453 17.87059047744874 0
      vertex -52.43301270189222 18.25 0
      vertex -52.43301270189222 17.75 0
    endloop
  endfacet
  facet normal 0 0 -1
    outer loop
      vertex -52.35355339059328 17.646446609406727 0
      vertex -52.43301270189222 17.75 0
      vertex -52.35355339059328 18.353553390593273 0
    endloop
  endfacet
  facet normal 0 0 -1
    outer loop
      vertex -52.48296291314453 17.87059047744874 0
      vertex -52.48296291314453 18.12940952255126 0
      vertex -52.43301270189222 18.25 0
    endloop
  endfacet
  facet normal 0 0 -1
    outer loop
      vertex -52.43301270189222 17.75 0
      vertex -52.43301270189222 18.25 0
      vertex -52.35355339059328 18.353553390593273 0
    endloop
  endfacet
  facet normal 0 0 -1
    outer loop
      vertex -52.25 17.56698729810778 0
      vertex -52.12940952255126 18.482962913144533 0
      vertex -52.12940952255126 17.517037086855467 0
    endloop
  endfacet
  facet normal 0 0 -1
    outer loop
      vertex -52.12940952255126 17.517037086855467 0
      vertex -52 18.5 0
      vertex -52 17.5 0
    endloop
  endfacet
  facet normal 0 0 -1
    outer loop
      vertex -52.35355339059328 17.646446609406727 0
      vertex -52.35355339059328 18.353553390593273 0
      vertex -52.25 18.43301270189222 0
    endloop
  endfacet
  facet normal 0 0 -1
    outer loop
      vertex -52.25 17.56698729810778 0
      vertex -52.25 18.43301270189222 0
      vertex -52.12940952255126 18.482962913144533 0
    endloop
  endfacet
  facet normal 0 0 -1
    outer loop
      vertex -52.12940952255126 17.517037086855467 0
      vertex -52.12940952255126 18.482962913144533 0
      vertex -52 18.5 0
    endloop
  endfacet
  facet normal 0 0 -1
    outer loop
      vertex -52 17.5 0
      vertex -51.87059047744874 18.482962913144533 0
      vertex -51.87059047744874 17.517037086855467 0
    endloop
  endfacet
  facet normal 0 0 -1
    outer loop
      vertex -51.87059047744874 17.517037086855467 0
      vertex -51.75 18.43301270189222 0
      vertex -51.75 17.56698729810778 0
    endloop
  endfacet
  facet normal 0 0 -1
    outer loop
      vertex -51.75 17.56698729810778 0
      vertex -51.64644660940672 18.353553390593273 0
      vertex -51.64644660940672 17.646446609406727 0
    endloop
  endfacet
  facet normal 0 0 -1
    outer loop
      vertex -51.75 17.56698729810778 0
      vertex -51.75 18.43301270189222 0
      vertex -51.64644660940672 18.353553390593273 0
    endloop
  endfacet
  facet normal 0 0 -1
    outer loop
      vertex -51.64644660940672 17.646446609406727 0
      vertex -51.64644660940672 18.353553390593273 0
      vertex -51.56698729810778 18.25 0
    endloop
  endfacet
  facet normal 0 0 -1
    outer loop
      vertex -52 17.5 0
      vertex -52 18.5 0
      vertex -51.87059047744874 18.482962913144533 0
    endloop
  endfacet
  facet normal 0 0 -1
    outer loop
      vertex -51.87059047744874 17.517037086855467 0
      vertex -51.87059047744874 18.482962913144533 0
      vertex -51.75 18.43301270189222 0
    endloop
  endfacet
  facet normal 0 0 -1
    outer loop
      vertex -51.64644660940672 17.646446609406727 0
      vertex -51.56698729810778 18.25 0
      vertex -51.56698729810778 17.75 0
    endloop
  endfacet
  facet normal 0 0 -1
    outer loop
      vertex -51.56698729810778 17.75 0
      vertex -51.51703708685547 18.12940952255126 0
      vertex -51.51703708685547 17.87059047744874 0
    endloop
  endfacet
  facet normal 0 0 -1
    outer loop
      vertex -51.51703708685547 17.87059047744874 0
      vertex -51.51703708685547 18.12940952255126 0
      vertex -51.5 18 0
    endloop
  endfacet
  facet normal 0 0 -1
    outer loop
      vertex -51.56698729810778 17.75 0
      vertex -51.56698729810778 18.25 0
      vertex -51.51703708685547 18.12940952255126 0
    endloop
  endfacet
  facet normal -0.6085173351193869 -0.7930352309413029 0.028315637818598284
    outer loop
      vertex -52.35355339059328 17.646446609406727 0
      vertex -52.25 17.56698729810778 0
      vertex -52.28284271247462 17.71715728752538 3.5
    endloop
  endfacet
  facet normal -0.3825299885315253 -0.9235090863272526 0.02831563781859727
    outer loop
      vertex -52.25 17.56698729810778 0
      vertex -52.12940952255126 17.517037086855467 0
      vertex -52.2 17.653589838486223 3.5
    endloop
  endfacet
  facet normal -0.13047385538595355 -0.99104732365092 0.028315637818598114
    outer loop
      vertex -52.12940952255126 17.517037086855467 0
      vertex -52 17.5 0
      vertex -52 17.6 3.5
    endloop
  endfacet
  facet normal 0.13047385538595357 -0.9910473236509201 0.02831563781859727
    outer loop
      vertex -52 17.5 0
      vertex -51.87059047744874 17.517037086855467 0
      vertex -51.89647238195899 17.61362966948437 3.5
    endloop
  endfacet
  facet normal 0.3825299885315253 -0.9235090863272526 0.02831563781859727
    outer loop
      vertex -51.87059047744874 17.517037086855467 0
      vertex -51.75 17.56698729810778 0
      vertex -51.8 17.653589838486223 3.5
    endloop
  endfacet
  facet normal 0.6085173351193869 -0.7930352309413029 0.028315637818598284
    outer loop
      vertex -51.75 17.56698729810778 0
      vertex -51.64644660940672 17.646446609406727 0
      vertex -51.71715728752538 17.71715728752538 3.5
    endloop
  endfacet
  facet normal -0.923509086327247 -0.38252998853153897 0.028315637818597715
    outer loop
      vertex -52.48296291314453 17.87059047744874 0
      vertex -52.43301270189222 17.75 0
      vertex -52.346410161513774 17.8 3.5
    endloop
  endfacet
  facet normal -0.7930352309413191 -0.6085173351193658 0.028315637818598374
    outer loop
      vertex -52.35355339059328 17.646446609406727 0
      vertex -52.28284271247462 17.71715728752538 3.5
      vertex -52.43301270189222 17.75 0
    endloop
  endfacet
  facet normal -0.9910473236509195 -0.1304738553859571 0.028315637818598156
    outer loop
      vertex -52.48296291314453 17.87059047744874 0
      vertex -52.386370330515625 17.896472381958993 3.5
      vertex -52.5 18 0
    endloop
  endfacet
  facet normal -0.9910473236509195 0.1304738553859571 0.028315637818598156
    outer loop
      vertex -52.5 18 0
      vertex -52.386370330515625 18.103527618041007 3.5
      vertex -52.48296291314453 18.12940952255126 0
    endloop
  endfacet
  facet normal -0.923509086327247 0.38252998853153897 0.028315637818597715
    outer loop
      vertex -52.48296291314453 18.12940952255126 0
      vertex -52.346410161513774 18.2 3.5
      vertex -52.43301270189222 18.25 0
    endloop
  endfacet
  facet normal -0.7930352309413191 0.6085173351193658 0.028315637818598374
    outer loop
      vertex -52.43301270189222 18.25 0
      vertex -52.28284271247462 18.28284271247462 3.5
      vertex -52.35355339059328 18.353553390593273 0
    endloop
  endfacet
  facet normal -0.6085173351193869 0.7930352309413029 0.028315637818598284
    outer loop
      vertex -52.35355339059328 18.353553390593273 0
      vertex -52.28284271247462 18.28284271247462 3.5
      vertex -52.25 18.43301270189222 0
    endloop
  endfacet
  facet normal -0.3825299885315253 0.9235090863272526 0.02831563781859727
    outer loop
      vertex -52.25 18.43301270189222 0
      vertex -52.2 18.346410161513777 3.5
      vertex -52.12940952255126 18.482962913144533 0
    endloop
  endfacet
  facet normal -0.13047385538595357 0.9910473236509201 0.02831563781859727
    outer loop
      vertex -52.12940952255126 18.482962913144533 0
      vertex -52.10352761804101 18.38637033051563 3.5
      vertex -52 18.5 0
    endloop
  endfacet
  facet normal 0.7930352309413191 -0.6085173351193658 0.028315637818598374
    outer loop
      vertex -51.64644660940672 17.646446609406727 0
      vertex -51.56698729810778 17.75 0
      vertex -51.71715728752538 17.71715728752538 3.5
    endloop
  endfacet
  facet normal 0.13047385538595355 0.99104732365092 0.028315637818598114
    outer loop
      vertex -52 18.5 0
      vertex -52 18.4 3.5
      vertex -51.87059047744874 18.482962913144533 0
    endloop
  endfacet
  facet normal 0.7930352309413191 0.6085173351193658 0.028315637818598374
    outer loop
      vertex -51.64644660940672 18.353553390593273 0
      vertex -51.71715728752538 18.28284271247462 3.5
      vertex -51.56698729810778 18.25 0
    endloop
  endfacet
  facet normal 0.3825299885315253 0.9235090863272526 0.02831563781859727
    outer loop
      vertex -51.87059047744874 18.482962913144533 0
      vertex -51.8 18.346410161513777 3.5
      vertex -51.75 18.43301270189222 0
    endloop
  endfacet
  facet normal 0.6085173351193869 0.7930352309413029 0.028315637818598284
    outer loop
      vertex -51.64644660940672 18.353553390593273 0
      vertex -51.75 18.43301270189222 0
      vertex -51.71715728752538 18.28284271247462 3.5
    endloop
  endfacet
  facet normal 0.923509086327247 -0.38252998853153897 0.028315637818597715
    outer loop
      vertex -51.56698729810778 17.75 0
      vertex -51.51703708685547 17.87059047744874 0
      vertex -51.653589838486226 17.8 3.5
    endloop
  endfacet
  facet normal 0.9910473236509195 -0.1304738553859571 0.028315637818598156
    outer loop
      vertex -51.51703708685547 17.87059047744874 0
      vertex -51.5 18 0
      vertex -51.613629669484375 17.896472381958993 3.5
    endloop
  endfacet
  facet normal 0.9910473236509195 0.1304738553859571 0.028315637818598104
    outer loop
      vertex -51.5 18 0
      vertex -51.51703708685547 18.12940952255126 0
      vertex -51.6 18 3.5
    endloop
  endfacet
  facet normal 0.923509086327247 0.38252998853153897 0.028315637818597715
    outer loop
      vertex -51.51703708685547 18.12940952255126 0
      vertex -51.56698729810778 18.25 0
      vertex -51.653589838486226 18.2 3.5
    endloop
  endfacet
  facet normal -0.6085173351194175 -0.7930352309412795 0.028315637818596993
    outer loop
      vertex -52.25 17.56698729810778 0
      vertex -52.2 17.653589838486223 3.5
      vertex -52.28284271247462 17.71715728752538 3.5
    endloop
  endfacet
  facet normal -0.13047385538592543 -0.9910473236509237 0.028315637818597167
    outer loop
      vertex -52.12940952255126 17.517037086855467 0
      vertex -52 17.6 3.5
      vertex -52.10352761804101 17.61362966948437 3.5
    endloop
  endfacet
  facet normal -0.38252998853151293 -0.9235090863272579 0.028315637818597722
    outer loop
      vertex -52.12940952255126 17.517037086855467 0
      vertex -52.10352761804101 17.61362966948437 3.5
      vertex -52.2 17.653589838486223 3.5
    endloop
  endfacet
  facet normal 0.13047385538592543 -0.9910473236509237 0.02831563781859822
    outer loop
      vertex -52 17.5 0
      vertex -51.89647238195899 17.61362966948437 3.5
      vertex -52 17.6 3.5
    endloop
  endfacet
  facet normal 0.38252998853151293 -0.9235090863272579 0.028315637818597722
    outer loop
      vertex -51.87059047744874 17.517037086855467 0
      vertex -51.8 17.653589838486223 3.5
      vertex -51.89647238195899 17.61362966948437 3.5
    endloop
  endfacet
  facet normal 0.6085173351194175 -0.7930352309412795 0.028315637818596993
    outer loop
      vertex -51.75 17.56698729810778 0
      vertex -51.71715728752538 17.71715728752538 3.5
      vertex -51.8 17.653589838486223 3.5
    endloop
  endfacet
  facet normal -0.9235090863272528 -0.38252998853152487 0.028315637818598218
    outer loop
      vertex -52.48296291314453 17.87059047744874 0
      vertex -52.346410161513774 17.8 3.5
      vertex -52.386370330515625 17.896472381958993 3.5
    endloop
  endfacet
  facet normal -0.7930352309413086 -0.6085173351193797 0.02831563781859779
    outer loop
      vertex -52.43301270189222 17.75 0
      vertex -52.28284271247462 17.71715728752538 3.5
      vertex -52.346410161513774 17.8 3.5
    endloop
  endfacet
  facet normal -0.9910473236509192 -0.13047385538595885 0.028315637818598093
    outer loop
      vertex -52.386370330515625 17.896472381958993 3.5
      vertex -52.4 18 3.5
      vertex -52.5 18 0
    endloop
  endfacet
  facet normal -0.9910473236509192 0.13047385538595885 0.028315637818598093
    outer loop
      vertex -52.5 18 0
      vertex -52.4 18 3.5
      vertex -52.386370330515625 18.103527618041007 3.5
    endloop
  endfacet
  facet normal -0.9235090863272528 0.38252998853152487 0.028315637818598218
    outer loop
      vertex -52.48296291314453 18.12940952255126 0
      vertex -52.386370330515625 18.103527618041007 3.5
      vertex -52.346410161513774 18.2 3.5
    endloop
  endfacet
  facet normal -0.7930352309413086 0.6085173351193797 0.02831563781859779
    outer loop
      vertex -52.43301270189222 18.25 0
      vertex -52.346410161513774 18.2 3.5
      vertex -52.28284271247462 18.28284271247462 3.5
    endloop
  endfacet
  facet normal -0.6085173351194175 0.7930352309412795 0.028315637818596993
    outer loop
      vertex -52.25 18.43301270189222 0
      vertex -52.28284271247462 18.28284271247462 3.5
      vertex -52.2 18.346410161513777 3.5
    endloop
  endfacet
  facet normal -0.38252998853151293 0.9235090863272579 0.028315637818597722
    outer loop
      vertex -52.12940952255126 18.482962913144533 0
      vertex -52.2 18.346410161513777 3.5
      vertex -52.10352761804101 18.38637033051563 3.5
    endloop
  endfacet
  facet normal 0.7930352309413086 -0.6085173351193797 0.02831563781859779
    outer loop
      vertex -51.56698729810778 17.75 0
      vertex -51.653589838486226 17.8 3.5
      vertex -51.71715728752538 17.71715728752538 3.5
    endloop
  endfacet
  facet normal -0.13047385538592543 0.9910473236509237 0.02831563781859822
    outer loop
      vertex -52.10352761804101 18.38637033051563 3.5
      vertex -52 18.4 3.5
      vertex -52 18.5 0
    endloop
  endfacet
  facet normal 0.13047385538592543 0.9910473236509237 0.028315637818597167
    outer loop
      vertex -51.87059047744874 18.482962913144533 0
      vertex -52 18.4 3.5
      vertex -51.89647238195899 18.38637033051563 3.5
    endloop
  endfacet
  facet normal 0.38252998853151293 0.9235090863272579 0.028315637818597722
    outer loop
      vertex -51.87059047744874 18.482962913144533 0
      vertex -51.89647238195899 18.38637033051563 3.5
      vertex -51.8 18.346410161513777 3.5
    endloop
  endfacet
  facet normal 0.7930352309413086 0.6085173351193797 0.02831563781859779
    outer loop
      vertex -51.56698729810778 18.25 0
      vertex -51.71715728752538 18.28284271247462 3.5
      vertex -51.653589838486226 18.2 3.5
    endloop
  endfacet
  facet normal 0.6085173351194175 0.7930352309412795 0.028315637818596993
    outer loop
      vertex -51.75 18.43301270189222 0
      vertex -51.8 18.346410161513777 3.5
      vertex -51.71715728752538 18.28284271247462 3.5
    endloop
  endfacet
  facet normal 0.9235090863272528 -0.38252998853152487 0.028315637818598218
    outer loop
      vertex -51.51703708685547 17.87059047744874 0
      vertex -51.613629669484375 17.896472381958993 3.5
      vertex -51.653589838486226 17.8 3.5
    endloop
  endfacet
  facet normal 0.9910473236509192 -0.13047385538595885 0.028315637818598093
    outer loop
      vertex -51.613629669484375 17.896472381958993 3.5
      vertex -51.5 18 0
      vertex -51.6 18 3.5
    endloop
  endfacet
  facet normal 0.9910473236509192 0.13047385538595885 0.02831563781859816
    outer loop
      vertex -51.51703708685547 18.12940952255126 0
      vertex -51.613629669484375 18.103527618041007 3.5
      vertex -51.6 18 3.5
    endloop
  endfacet
  facet normal 0.9235090863272528 0.38252998853152487 0.028315637818598218
    outer loop
      vertex -51.51703708685547 18.12940952255126 0
      vertex -51.653589838486226 18.2 3.5
      vertex -51.613629669484375 18.103527618041007 3.5
    endloop
  endfacet
  facet normal 0 0 1
    outer loop
      vertex -52.10352761804101 17.61362966948437 3.5
      vertex -52 17.6 3.5
      vertex -52.07052818979044 17.73678521233623 3.5
    endloop
  endfacet
  facet normal 0 0 1
    outer loop
      vertex -52.2 17.653589838486223 3.5
      vertex -52.10352761804101 17.61362966948437 3.5
      vertex -52.13625 17.76400807746874 3.5
    endloop
  endfacet
  facet normal 0 0 1
    outer loop
      vertex -52 17.6 3.5
      vertex -51.89647238195899 17.61362966948437 3.5
      vertex -52 17.7275 3.5
    endloop
  endfacet
  facet normal 0 0 1
    outer loop
      vertex -51.89647238195899 17.61362966948437 3.5
      vertex -51.8 17.653589838486223 3.5
      vertex -51.92947181020956 17.73678521233623 3.5
    endloop
  endfacet
  facet normal 0 0 1
    outer loop
      vertex -52.28284271247462 17.71715728752538 3.5
      vertex -52.346410161513774 18.2 3.5
      vertex -52.346410161513774 17.8 3.5
    endloop
  endfacet
  facet normal 0 0 1
    outer loop
      vertex -52.28284271247462 17.71715728752538 3.5
      vertex -52.23599192253126 17.86375 3.5
      vertex -52.26321478766377 17.929471810209563 3.5
    endloop
  endfacet
  facet normal 0 0 1
    outer loop
      vertex -52.28284271247462 17.71715728752538 3.5
      vertex -52.26321478766377 17.929471810209563 3.5
      vertex -52.2725 18 3.5
    endloop
  endfacet
  facet normal 0 0 1
    outer loop
      vertex -52.386370330515625 17.896472381958993 3.5
      vertex -52.346410161513774 17.8 3.5
      vertex -52.386370330515625 18.103527618041007 3.5
    endloop
  endfacet
  facet normal 0 0 1
    outer loop
      vertex -52.386370330515625 17.896472381958993 3.5
      vertex -52.386370330515625 18.103527618041007 3.5
      vertex -52.4 18 3.5
    endloop
  endfacet
  facet normal 0 0 1
    outer loop
      vertex -52.28284271247462 17.71715728752538 3.5
      vertex -52.2725 18 3.5
      vertex -52.28284271247462 18.28284271247462 3.5
    endloop
  endfacet
  facet normal 0 0 1
    outer loop
      vertex -52.346410161513774 17.8 3.5
      vertex -52.346410161513774 18.2 3.5
      vertex -52.386370330515625 18.103527618041007 3.5
    endloop
  endfacet
  facet normal 0 0 1
    outer loop
      vertex -52.28284271247462 17.71715728752538 3.5
      vertex -52.28284271247462 18.28284271247462 3.5
      vertex -52.346410161513774 18.2 3.5
    endloop
  endfacet
  facet normal 0 0 1
    outer loop
      vertex -52.28284271247462 18.28284271247462 3.5
      vertex -52.2725 18 3.5
      vertex -52.26321478766377 18.070528189790437 3.5
    endloop
  endfacet
  facet normal 0 0 1
    outer loop
      vertex -52.28284271247462 17.71715728752538 3.5
      vertex -52.2 17.653589838486223 3.5
      vertex -52.23599192253126 17.86375 3.5
    endloop
  endfacet
  facet normal 0 0 1
    outer loop
      vertex -52.2 17.653589838486223 3.5
      vertex -52.13625 17.76400807746874 3.5
      vertex -52.19268659787333 17.807313402126667 3.5
    endloop
  endfacet
  facet normal 0 0 1
    outer loop
      vertex -52.2 17.653589838486223 3.5
      vertex -52.19268659787333 17.807313402126667 3.5
      vertex -52.23599192253126 17.86375 3.5
    endloop
  endfacet
  facet normal 0 0 1
    outer loop
      vertex -52.10352761804101 17.61362966948437 3.5
      vertex -52.07052818979044 17.73678521233623 3.5
      vertex -52.13625 17.76400807746874 3.5
    endloop
  endfacet
  facet normal 0 0 1
    outer loop
      vertex -52.28284271247462 18.28284271247462 3.5
      vertex -52.26321478766377 18.070528189790437 3.5
      vertex -52.23599192253126 18.13625 3.5
    endloop
  endfacet
  facet normal 0 0 1
    outer loop
      vertex -52.28284271247462 18.28284271247462 3.5
      vertex -52.23599192253126 18.13625 3.5
      vertex -52.19268659787333 18.192686597873333 3.5
    endloop
  endfacet
  facet normal 0 0 1
    outer loop
      vertex -52.28284271247462 18.28284271247462 3.5
      vertex -52.19268659787333 18.192686597873333 3.5
      vertex -52.2 18.346410161513777 3.5
    endloop
  endfacet
  facet normal 0 0 1
    outer loop
      vertex -52.2 18.346410161513777 3.5
      vertex -52.19268659787333 18.192686597873333 3.5
      vertex -52.13625 18.23599192253126 3.5
    endloop
  endfacet
  facet normal 0 0 1
    outer loop
      vertex -52.2 18.346410161513777 3.5
      vertex -52.13625 18.23599192253126 3.5
      vertex -52.07052818979044 18.26321478766377 3.5
    endloop
  endfacet
  facet normal 0 0 1
    outer loop
      vertex -52.10352761804101 18.38637033051563 3.5
      vertex -52.07052818979044 18.26321478766377 3.5
      vertex -52 18.2725 3.5
    endloop
  endfacet
  facet normal 0 0 1
    outer loop
      vertex -52.2 18.346410161513777 3.5
      vertex -52.07052818979044 18.26321478766377 3.5
      vertex -52.10352761804101 18.38637033051563 3.5
    endloop
  endfacet
  facet normal 0 0 1
    outer loop
      vertex -52 17.6 3.5
      vertex -52 17.7275 3.5
      vertex -52.07052818979044 17.73678521233623 3.5
    endloop
  endfacet
  facet normal 0 0 1
    outer loop
      vertex -51.89647238195899 17.61362966948437 3.5
      vertex -51.92947181020956 17.73678521233623 3.5
      vertex -52 17.7275 3.5
    endloop
  endfacet
  facet normal 0 0 1
    outer loop
      vertex -51.8 17.653589838486223 3.5
      vertex -51.86375 17.76400807746874 3.5
      vertex -51.92947181020956 17.73678521233623 3.5
    endloop
  endfacet
  facet normal 0 0 1
    outer loop
      vertex -51.8 17.653589838486223 3.5
      vertex -51.80731340212667 17.807313402126667 3.5
      vertex -51.86375 17.76400807746874 3.5
    endloop
  endfacet
  facet normal 0 0 1
    outer loop
      vertex -51.8 17.653589838486223 3.5
      vertex -51.71715728752538 17.71715728752538 3.5
      vertex -51.80731340212667 17.807313402126667 3.5
    endloop
  endfacet
  facet normal 0 0 1
    outer loop
      vertex -51.71715728752538 17.71715728752538 3.5
      vertex -51.76400807746874 17.86375 3.5
      vertex -51.80731340212667 17.807313402126667 3.5
    endloop
  endfacet
  facet normal 0 0 1
    outer loop
      vertex -51.71715728752538 17.71715728752538 3.5
      vertex -51.73678521233623 17.929471810209563 3.5
      vertex -51.76400807746874 17.86375 3.5
    endloop
  endfacet
  facet normal 0 0 1
    outer loop
      vertex -51.71715728752538 17.71715728752538 3.5
      vertex -51.7275 18 3.5
      vertex -51.73678521233623 17.929471810209563 3.5
    endloop
  endfacet
  facet normal 0 0 1
    outer loop
      vertex -51.71715728752538 18.28284271247462 3.5
      vertex -51.73678521233623 18.070528189790437 3.5
      vertex -51.7275 18 3.5
    endloop
  endfacet
  facet normal 0 0 1
    outer loop
      vertex -51.71715728752538 17.71715728752538 3.5
      vertex -51.653589838486226 17.8 3.5
      vertex -51.71715728752538 18.28284271247462 3.5
    endloop
  endfacet
  facet normal 0 0 1
    outer loop
      vertex -51.653589838486226 17.8 3.5
      vertex -51.613629669484375 17.896472381958993 3.5
      vertex -51.653589838486226 18.2 3.5
    endloop
  endfacet
  facet normal 0 0 1
    outer loop
      vertex -51.71715728752538 17.71715728752538 3.5
      vertex -51.71715728752538 18.28284271247462 3.5
      vertex -51.7275 18 3.5
    endloop
  endfacet
  facet normal 0 0 1
    outer loop
      vertex -51.613629669484375 17.896472381958993 3.5
      vertex -51.613629669484375 18.103527618041007 3.5
      vertex -51.653589838486226 18.2 3.5
    endloop
  endfacet
  facet normal 0 0 1
    outer loop
      vertex -51.653589838486226 17.8 3.5
      vertex -51.653589838486226 18.2 3.5
      vertex -51.71715728752538 18.28284271247462 3.5
    endloop
  endfacet
  facet normal 0 0 1
    outer loop
      vertex -52 18.4 3.5
      vertex -52 18.2725 3.5
      vertex -51.92947181020956 18.26321478766377 3.5
    endloop
  endfacet
  facet normal 0 0 1
    outer loop
      vertex -52 18.4 3.5
      vertex -51.92947181020956 18.26321478766377 3.5
      vertex -51.89647238195899 18.38637033051563 3.5
    endloop
  endfacet
  facet normal 0 0 1
    outer loop
      vertex -51.89647238195899 18.38637033051563 3.5
      vertex -51.92947181020956 18.26321478766377 3.5
      vertex -51.86375 18.23599192253126 3.5
    endloop
  endfacet
  facet normal 0 0 1
    outer loop
      vertex -51.89647238195899 18.38637033051563 3.5
      vertex -51.86375 18.23599192253126 3.5
      vertex -51.8 18.346410161513777 3.5
    endloop
  endfacet
  facet normal 0 0 1
    outer loop
      vertex -52.10352761804101 18.38637033051563 3.5
      vertex -52 18.2725 3.5
      vertex -52 18.4 3.5
    endloop
  endfacet
  facet normal 0 0 1
    outer loop
      vertex -51.8 18.346410161513777 3.5
      vertex -51.80731340212667 18.192686597873333 3.5
      vertex -51.76400807746874 18.13625 3.5
    endloop
  endfacet
  facet normal 0 0 1
    outer loop
      vertex -51.71715728752538 18.28284271247462 3.5
      vertex -51.76400807746874 18.13625 3.5
      vertex -51.73678521233623 18.070528189790437 3.5
    endloop
  endfacet
  facet normal 0 0 1
    outer loop
      vertex -51.8 18.346410161513777 3.5
      vertex -51.86375 18.23599192253126 3.5
      vertex -51.80731340212667 18.192686597873333 3.5
    endloop
  endfacet
  facet normal 0 0 1
    outer loop
      vertex -51.8 18.346410161513777 3.5
      vertex -51.76400807746874 18.13625 3.5
      vertex -51.71715728752538 18.28284271247462 3.5
    endloop
  endfacet
  facet normal 0 0 1
    outer loop
      vertex -51.613629669484375 17.896472381958993 3.5
      vertex -51.6 18 3.5
      vertex -51.613629669484375 18.103527618041007 3.5
    endloop
  endfacet
  facet normal -0.8563639319242766 -0.3547175549301365 -0.37525494310345664
    outer loop
      vertex -54.25166604983954 16.7 9.2
      vertex -52.26321478766377 17.929471810209563 3.5
      vertex -52.23599192253126 17.86375 3.5
    endloop
  endfacet
  facet normal -0.5642741424660358 -0.7353763796999739 -0.3752549431034584
    outer loop
      vertex -53.3 15.74833395016046 9.2
      vertex -52.19268659787333 17.807313402126667 3.5
      vertex -52.13625 17.76400807746874 3.5
    endloop
  endfacet
  facet normal -0.7353763796999356 -0.5642741424660869 -0.3752549431034566
    outer loop
      vertex -54.25166604983954 16.7 9.2
      vertex -52.23599192253126 17.86375 3.5
      vertex -52.19268659787333 17.807313402126667 3.5
    endloop
  endfacet
  facet normal -0.35471755493019064 -0.8563639319242536 -0.37525494310345797
    outer loop
      vertex -52.67292951726655 15.488592851648422 9.2
      vertex -52.13625 17.76400807746874 3.5
      vertex -52.07052818979044 17.73678521233623 3.5
    endloop
  endfacet
  facet normal -0.12098755222431641 -0.9189916973962221 -0.37525494310345725
    outer loop
      vertex -52 15.4 9.2
      vertex -52.07052818979044 17.73678521233623 3.5
      vertex -52 17.7275 3.5
    endloop
  endfacet
  facet normal 0.12098755222431624 -0.9189916973962212 -0.3752549431034595
    outer loop
      vertex -51.32707048273345 15.488592851648422 9.2
      vertex -52 17.7275 3.5
      vertex -51.92947181020956 17.73678521233623 3.5
    endloop
  endfacet
  facet normal 0.3547175549301907 -0.8563639319242529 -0.3752549431034596
    outer loop
      vertex -50.7 15.74833395016046 9.2
      vertex -51.92947181020956 17.73678521233623 3.5
      vertex -51.86375 17.76400807746874 3.5
    endloop
  endfacet
  facet normal 0.5642741424660358 -0.7353763796999739 -0.3752549431034584
    outer loop
      vertex -50.7 15.74833395016046 9.2
      vertex -51.86375 17.76400807746874 3.5
      vertex -51.80731340212667 17.807313402126667 3.5
    endloop
  endfacet
  facet normal -0.918991697396221 -0.1209875522243162 -0.3752549431034599
    outer loop
      vertex -54.51140714835158 17.327070482733447 9.2
      vertex -52.2725 18 3.5
      vertex -52.26321478766377 17.929471810209563 3.5
    endloop
  endfacet
  facet normal -0.9189916973962224 0.12098755222431237 -0.37525494310345764
    outer loop
      vertex -54.6 18 9.2
      vertex -52.26321478766377 18.070528189790437 3.5
      vertex -52.2725 18 3.5
    endloop
  endfacet
  facet normal -0.8563639319242762 0.3547175549301323 -0.3752549431034615
    outer loop
      vertex -54.51140714835158 18.672929517266553 9.2
      vertex -52.23599192253126 18.13625 3.5
      vertex -52.26321478766377 18.070528189790437 3.5
    endloop
  endfacet
  facet normal -0.7353763796999356 0.5642741424660869 -0.3752549431034566
    outer loop
      vertex -54.25166604983954 19.3 9.2
      vertex -52.19268659787333 18.192686597873333 3.5
      vertex -52.23599192253126 18.13625 3.5
    endloop
  endfacet
  facet normal -0.5642741424660358 0.7353763796999739 -0.3752549431034584
    outer loop
      vertex -53.3 20.25166604983954 9.2
      vertex -52.13625 18.23599192253126 3.5
      vertex -52.19268659787333 18.192686597873333 3.5
    endloop
  endfacet
  facet normal -0.3547175549301907 0.8563639319242529 -0.3752549431034596
    outer loop
      vertex -53.3 20.25166604983954 9.2
      vertex -52.07052818979044 18.26321478766377 3.5
      vertex -52.13625 18.23599192253126 3.5
    endloop
  endfacet
  facet normal -0.12098755222431223 0.9189916973962218 -0.3752549431034592
    outer loop
      vertex -52.67292951726655 20.511407148351577 9.2
      vertex -52 18.2725 3.5
      vertex -52.07052818979044 18.26321478766377 3.5
    endloop
  endfacet
  facet normal 0.35471755493019064 0.8563639319242536 -0.37525494310345797
    outer loop
      vertex -51.32707048273345 20.511407148351577 9.2
      vertex -51.86375 18.23599192253126 3.5
      vertex -51.92947181020956 18.26321478766377 3.5
    endloop
  endfacet
  facet normal 0.12098755222431237 0.9189916973962224 -0.37525494310345764
    outer loop
      vertex -52 20.6 9.2
      vertex -51.92947181020956 18.26321478766377 3.5
      vertex -52 18.2725 3.5
    endloop
  endfacet
  facet normal 0.5642741424660358 0.7353763796999739 -0.3752549431034584
    outer loop
      vertex -50.7 20.25166604983954 9.2
      vertex -51.80731340212667 18.192686597873333 3.5
      vertex -51.86375 18.23599192253126 3.5
    endloop
  endfacet
  facet normal 0.7353763796999356 -0.5642741424660869 -0.3752549431034566
    outer loop
      vertex -49.74833395016046 16.7 9.2
      vertex -51.80731340212667 17.807313402126667 3.5
      vertex -51.76400807746874 17.86375 3.5
    endloop
  endfacet
  facet normal 0.8563639319242762 -0.3547175549301323 -0.3752549431034615
    outer loop
      vertex -49.48859285164842 17.327070482733447 9.2
      vertex -51.76400807746874 17.86375 3.5
      vertex -51.73678521233623 17.929471810209563 3.5
    endloop
  endfacet
  facet normal 0.9189916973962224 -0.12098755222431237 -0.37525494310345764
    outer loop
      vertex -49.4 18 9.2
      vertex -51.73678521233623 17.929471810209563 3.5
      vertex -51.7275 18 3.5
    endloop
  endfacet
  facet normal 0.918991697396221 0.1209875522243162 -0.3752549431034599
    outer loop
      vertex -49.48859285164842 18.672929517266553 9.2
      vertex -51.7275 18 3.5
      vertex -51.73678521233623 18.070528189790437 3.5
    endloop
  endfacet
  facet normal 0.7353763796999356 0.5642741424660869 -0.3752549431034566
    outer loop
      vertex -49.74833395016046 19.3 9.2
      vertex -51.76400807746874 18.13625 3.5
      vertex -51.80731340212667 18.192686597873333 3.5
    endloop
  endfacet
  facet normal 0.8563639319242766 0.3547175549301365 -0.37525494310345664
    outer loop
      vertex -49.74833395016046 19.3 9.2
      vertex -51.73678521233623 18.070528189790437 3.5
      vertex -51.76400807746874 18.13625 3.5
    endloop
  endfacet
  facet normal -0.5642741424660427 -0.7353763796999684 -0.3752549431034587
    outer loop
      vertex -53.83847763108503 16.161522368914977 9.2
      vertex -52.19268659787333 17.807313402126667 3.5
      vertex -53.3 15.74833395016046 9.2
    endloop
  endfacet
  facet normal -0.7353763796999658 -0.5642741424660458 -0.3752549431034589
    outer loop
      vertex -53.83847763108503 16.161522368914977 9.2
      vertex -54.25166604983954 16.7 9.2
      vertex -52.19268659787333 17.807313402126667 3.5
    endloop
  endfacet
  facet normal -0.8563639319242586 -0.3547175549301777 -0.3752549431034588
    outer loop
      vertex -54.51140714835158 17.327070482733447 9.2
      vertex -52.26321478766377 17.929471810209563 3.5
      vertex -54.25166604983954 16.7 9.2
    endloop
  endfacet
  facet normal -0.35471755493017937 -0.8563639319242579 -0.3752549431034586
    outer loop
      vertex -53.3 15.74833395016046 9.2
      vertex -52.13625 17.76400807746874 3.5
      vertex -52.67292951726655 15.488592851648422 9.2
    endloop
  endfacet
  facet normal -0.12098755222429194 -0.9189916973962249 -0.3752549431034586
    outer loop
      vertex -52.67292951726655 15.488592851648422 9.2
      vertex -52.07052818979044 17.73678521233623 3.5
      vertex -52 15.4 9.2
    endloop
  endfacet
  facet normal 0.12098755222429194 -0.9189916973962249 -0.3752549431034583
    outer loop
      vertex -52 15.4 9.2
      vertex -52 17.7275 3.5
      vertex -51.32707048273345 15.488592851648422 9.2
    endloop
  endfacet
  facet normal 0.3547175549301794 -0.8563639319242581 -0.37525494310345847
    outer loop
      vertex -51.32707048273345 15.488592851648422 9.2
      vertex -51.92947181020956 17.73678521233623 3.5
      vertex -50.7 15.74833395016046 9.2
    endloop
  endfacet
  facet normal -0.9189916973962247 -0.12098755222429192 -0.3752549431034585
    outer loop
      vertex -54.51140714835158 17.327070482733447 9.2
      vertex -54.6 18 9.2
      vertex -52.2725 18 3.5
    endloop
  endfacet
  facet normal -0.9189916973962247 0.12098755222429192 -0.37525494310345875
    outer loop
      vertex -54.6 18 9.2
      vertex -54.51140714835158 18.672929517266553 9.2
      vertex -52.26321478766377 18.070528189790437 3.5
    endloop
  endfacet
  facet normal -0.8563639319242589 0.35471755493017776 -0.3752549431034583
    outer loop
      vertex -54.51140714835158 18.672929517266553 9.2
      vertex -54.25166604983954 19.3 9.2
      vertex -52.23599192253126 18.13625 3.5
    endloop
  endfacet
  facet normal -0.7353763796999658 0.5642741424660458 -0.3752549431034589
    outer loop
      vertex -54.25166604983954 19.3 9.2
      vertex -53.83847763108503 19.838477631085023 9.2
      vertex -52.19268659787333 18.192686597873333 3.5
    endloop
  endfacet
  facet normal -0.5642741424660412 0.7353763796999696 -0.37525494310345864
    outer loop
      vertex -53.83847763108503 19.838477631085023 9.2
      vertex -53.3 20.25166604983954 9.2
      vertex -52.19268659787333 18.192686597873333 3.5
    endloop
  endfacet
  facet normal -0.3547175549301794 0.8563639319242581 -0.3752549431034582
    outer loop
      vertex -53.3 20.25166604983954 9.2
      vertex -52.67292951726655 20.511407148351577 9.2
      vertex -52.07052818979044 18.26321478766377 3.5
    endloop
  endfacet
  facet normal -0.12098755222429673 0.9189916973962242 -0.3752549431034583
    outer loop
      vertex -52.67292951726655 20.511407148351577 9.2
      vertex -52 20.6 9.2
      vertex -52 18.2725 3.5
    endloop
  endfacet
  facet normal 0.12098755222429672 0.9189916973962241 -0.37525494310345847
    outer loop
      vertex -52 20.6 9.2
      vertex -51.32707048273345 20.511407148351577 9.2
      vertex -51.92947181020956 18.26321478766377 3.5
    endloop
  endfacet
  facet normal 0.3547175549301794 0.8563639319242581 -0.3752549431034584
    outer loop
      vertex -51.32707048273345 20.511407148351577 9.2
      vertex -50.7 20.25166604983954 9.2
      vertex -51.86375 18.23599192253126 3.5
    endloop
  endfacet
  facet normal 0.5642741424660427 -0.7353763796999684 -0.3752549431034587
    outer loop
      vertex -50.7 15.74833395016046 9.2
      vertex -51.80731340212667 17.807313402126667 3.5
      vertex -50.16152236891497 16.161522368914977 9.2
    endloop
  endfacet
  facet normal 0.7353763796999658 -0.5642741424660458 -0.3752549431034589
    outer loop
      vertex -50.16152236891497 16.161522368914977 9.2
      vertex -51.80731340212667 17.807313402126667 3.5
      vertex -49.74833395016046 16.7 9.2
    endloop
  endfacet
  facet normal 0.8563639319242589 -0.35471755493017776 -0.37525494310345836
    outer loop
      vertex -49.74833395016046 16.7 9.2
      vertex -51.76400807746874 17.86375 3.5
      vertex -49.48859285164842 17.327070482733447 9.2
    endloop
  endfacet
  facet normal 0.5642741424660412 0.7353763796999696 -0.37525494310345864
    outer loop
      vertex -50.16152236891497 19.838477631085023 9.2
      vertex -51.80731340212667 18.192686597873333 3.5
      vertex -50.7 20.25166604983954 9.2
    endloop
  endfacet
  facet normal 0.7353763796999658 0.5642741424660458 -0.3752549431034589
    outer loop
      vertex -50.16152236891497 19.838477631085023 9.2
      vertex -49.74833395016046 19.3 9.2
      vertex -51.80731340212667 18.192686597873333 3.5
    endloop
  endfacet
  facet normal 0.9189916973962247 -0.12098755222429192 -0.3752549431034588
    outer loop
      vertex -49.48859285164842 17.327070482733447 9.2
      vertex -51.73678521233623 17.929471810209563 3.5
      vertex -49.4 18 9.2
    endloop
  endfacet
  facet normal 0.9189916973962247 0.12098755222429192 -0.3752549431034585
    outer loop
      vertex -49.4 18 9.2
      vertex -51.7275 18 3.5
      vertex -49.48859285164842 18.672929517266553 9.2
    endloop
  endfacet
  facet normal 0.8563639319242586 0.3547175549301777 -0.3752549431034588
    outer loop
      vertex -49.48859285164842 18.672929517266553 9.2
      vertex -51.73678521233623 18.070528189790437 3.5
      vertex -49.74833395016046 19.3 9.2
    endloop
  endfacet
  facet normal 0 0 1
    outer loop
      vertex -54.51140714835158 17.327070482733447 9.2
      vertex -54.25166604983954 16.7 9.2
      vertex -54.51140714835158 18.672929517266553 9.2
    endloop
  endfacet
  facet normal 0 0 1
    outer loop
      vertex -53.83847763108503 16.161522368914977 9.2
      vertex -54.25166604983954 19.3 9.2
      vertex -54.25166604983954 16.7 9.2
    endloop
  endfacet
  facet normal 0 0 1
    outer loop
      vertex -53.83847763108503 16.161522368914977 9.2
      vertex -53.3 15.74833395016046 9.2
      vertex -53.83847763108503 19.838477631085023 9.2
    endloop
  endfacet
  facet normal 0 0 1
    outer loop
      vertex -53.3 15.74833395016046 9.2
      vertex -52.67292951726655 15.488592851648422 9.2
      vertex -53.3 20.25166604983954 9.2
    endloop
  endfacet
  facet normal 0 0 1
    outer loop
      vertex -52.67292951726655 15.488592851648422 9.2
      vertex -52 15.4 9.2
      vertex -52.67292951726655 20.511407148351577 9.2
    endloop
  endfacet
  facet normal 0 0 1
    outer loop
      vertex -52 15.4 9.2
      vertex -51.32707048273345 15.488592851648422 9.2
      vertex -52 20.6 9.2
    endloop
  endfacet
  facet normal 0 0 1
    outer loop
      vertex -54.51140714835158 17.327070482733447 9.2
      vertex -54.51140714835158 18.672929517266553 9.2
      vertex -54.6 18 9.2
    endloop
  endfacet
  facet normal 0 0 1
    outer loop
      vertex -54.25166604983954 16.7 9.2
      vertex -54.25166604983954 19.3 9.2
      vertex -54.51140714835158 18.672929517266553 9.2
    endloop
  endfacet
  facet normal 0 0 1
    outer loop
      vertex -53.83847763108503 16.161522368914977 9.2
      vertex -53.83847763108503 19.838477631085023 9.2
      vertex -54.25166604983954 19.3 9.2
    endloop
  endfacet
  facet normal 0 0 1
    outer loop
      vertex -53.3 15.74833395016046 9.2
      vertex -53.3 20.25166604983954 9.2
      vertex -53.83847763108503 19.838477631085023 9.2
    endloop
  endfacet
  facet normal 0 0 1
    outer loop
      vertex -52.67292951726655 15.488592851648422 9.2
      vertex -52.67292951726655 20.511407148351577 9.2
      vertex -53.3 20.25166604983954 9.2
    endloop
  endfacet
  facet normal 0 0 1
    outer loop
      vertex -52.67292951726655 20.511407148351577 9.2
      vertex -52 15.4 9.2
      vertex -52 20.6 9.2
    endloop
  endfacet
  facet normal 0 0 1
    outer loop
      vertex -51.32707048273345 15.488592851648422 9.2
      vertex -51.32707048273345 20.511407148351577 9.2
      vertex -52 20.6 9.2
    endloop
  endfacet
  facet normal 0 0 1
    outer loop
      vertex -51.32707048273345 15.488592851648422 9.2
      vertex -50.7 15.74833395016046 9.2
      vertex -51.32707048273345 20.511407148351577 9.2
    endloop
  endfacet
  facet normal 0 0 1
    outer loop
      vertex -50.7 15.74833395016046 9.2
      vertex -50.16152236891497 16.161522368914977 9.2
      vertex -50.7 20.25166604983954 9.2
    endloop
  endfacet
  facet normal 0 0 1
    outer loop
      vertex -50.16152236891497 16.161522368914977 9.2
      vertex -49.74833395016046 16.7 9.2
      vertex -50.16152236891497 19.838477631085023 9.2
    endloop
  endfacet
  facet normal 0 0 1
    outer loop
      vertex -50.7 15.74833395016046 9.2
      vertex -50.7 20.25166604983954 9.2
      vertex -51.32707048273345 20.511407148351577 9.2
    endloop
  endfacet
  facet normal 0 0 1
    outer loop
      vertex -50.16152236891497 16.161522368914977 9.2
      vertex -50.16152236891497 19.838477631085023 9.2
      vertex -50.7 20.25166604983954 9.2
    endloop
  endfacet
  facet normal 0 0 1
    outer loop
      vertex -49.74833395016046 16.7 9.2
      vertex -49.48859285164842 17.327070482733447 9.2
      vertex -49.74833395016046 19.3 9.2
    endloop
  endfacet
  facet normal 0 0 1
    outer loop
      vertex -49.48859285164842 17.327070482733447 9.2
      vertex -49.48859285164842 18.672929517266553 9.2
      vertex -49.74833395016046 19.3 9.2
    endloop
  endfacet
  facet normal 0 0 1
    outer loop
      vertex -49.74833395016046 16.7 9.2
      vertex -49.74833395016046 19.3 9.2
      vertex -50.16152236891497 19.838477631085023 9.2
    endloop
  endfacet
  facet normal 0 0 1
    outer loop
      vertex -49.48859285164842 17.327070482733447 9.2
      vertex -49.4 18 9.2
      vertex -49.48859285164842 18.672929517266553 9.2
    endloop
  endfacet
  facet normal 0 0 -1
    outer loop
      vertex 51.51703708685547 -20.12940952255126 0
      vertex 51.56698729810778 -19.75 0
      vertex 51.56698729810778 -20.25 0
    endloop
  endfacet
  facet normal 0 0 -1
    outer loop
      vertex 51.51703708685547 -20.12940952255126 0
      vertex 51.5 -20 0
      vertex 51.51703708685547 -19.87059047744874 0
    endloop
  endfacet
  facet normal 0 0 -1
    outer loop
      vertex 51.51703708685547 -20.12940952255126 0
      vertex 51.51703708685547 -19.87059047744874 0
      vertex 51.56698729810778 -19.75 0
    endloop
  endfacet
  facet normal 0 0 -1
    outer loop
      vertex 51.56698729810778 -20.25 0
      vertex 51.56698729810778 -19.75 0
      vertex 51.64644660940672 -19.646446609406727 0
    endloop
  endfacet
  facet normal 0 0 -1
    outer loop
      vertex 51.64644660940672 -20.353553390593273 0
      vertex 51.56698729810778 -20.25 0
      vertex 51.64644660940672 -19.646446609406727 0
    endloop
  endfacet
  facet normal 0 0 -1
    outer loop
      vertex 51.64644660940672 -20.353553390593273 0
      vertex 51.75 -19.56698729810778 0
      vertex 51.75 -20.43301270189222 0
    endloop
  endfacet
  facet normal 0 0 -1
    outer loop
      vertex 51.75 -20.43301270189222 0
      vertex 51.87059047744874 -19.517037086855467 0
      vertex 51.87059047744874 -20.482962913144533 0
    endloop
  endfacet
  facet normal 0 0 -1
    outer loop
      vertex 51.87059047744874 -20.482962913144533 0
      vertex 52 -19.5 0
      vertex 52 -20.5 0
    endloop
  endfacet
  facet normal 0 0 -1
    outer loop
      vertex 51.64644660940672 -20.353553390593273 0
      vertex 51.64644660940672 -19.646446609406727 0
      vertex 51.75 -19.56698729810778 0
    endloop
  endfacet
  facet normal 0 0 -1
    outer loop
      vertex 51.75 -20.43301270189222 0
      vertex 51.75 -19.56698729810778 0
      vertex 51.87059047744874 -19.517037086855467 0
    endloop
  endfacet
  facet normal 0 0 -1
    outer loop
      vertex 51.87059047744874 -20.482962913144533 0
      vertex 51.87059047744874 -19.517037086855467 0
      vertex 52 -19.5 0
    endloop
  endfacet
  facet normal 0 0 -1
    outer loop
      vertex 52 -20.5 0
      vertex 52.12940952255126 -19.517037086855467 0
      vertex 52.12940952255126 -20.482962913144533 0
    endloop
  endfacet
  facet normal 0 0 -1
    outer loop
      vertex 52.12940952255126 -20.482962913144533 0
      vertex 52.25 -19.56698729810778 0
      vertex 52.25 -20.43301270189222 0
    endloop
  endfacet
  facet normal 0 0 -1
    outer loop
      vertex 52.25 -20.43301270189222 0
      vertex 52.35355339059328 -19.646446609406727 0
      vertex 52.35355339059328 -20.353553390593273 0
    endloop
  endfacet
  facet normal 0 0 -1
    outer loop
      vertex 52.35355339059328 -20.353553390593273 0
      vertex 52.43301270189222 -19.75 0
      vertex 52.43301270189222 -20.25 0
    endloop
  endfacet
  facet normal 0 0 -1
    outer loop
      vertex 52.43301270189222 -20.25 0
      vertex 52.48296291314453 -19.87059047744874 0
      vertex 52.48296291314453 -20.12940952255126 0
    endloop
  endfacet
  facet normal 0 0 -1
    outer loop
      vertex 52.35355339059328 -20.353553390593273 0
      vertex 52.35355339059328 -19.646446609406727 0
      vertex 52.43301270189222 -19.75 0
    endloop
  endfacet
  facet normal 0 0 -1
    outer loop
      vertex 52.43301270189222 -20.25 0
      vertex 52.43301270189222 -19.75 0
      vertex 52.48296291314453 -19.87059047744874 0
    endloop
  endfacet
  facet normal 0 0 -1
    outer loop
      vertex 52 -20.5 0
      vertex 52 -19.5 0
      vertex 52.12940952255126 -19.517037086855467 0
    endloop
  endfacet
  facet normal 0 0 -1
    outer loop
      vertex 52.12940952255126 -20.482962913144533 0
      vertex 52.12940952255126 -19.517037086855467 0
      vertex 52.25 -19.56698729810778 0
    endloop
  endfacet
  facet normal 0 0 -1
    outer loop
      vertex 52.25 -20.43301270189222 0
      vertex 52.25 -19.56698729810778 0
      vertex 52.35355339059328 -19.646446609406727 0
    endloop
  endfacet
  facet normal 0 0 -1
    outer loop
      vertex 52.48296291314453 -20.12940952255126 0
      vertex 52.48296291314453 -19.87059047744874 0
      vertex 52.5 -20 0
    endloop
  endfacet
  facet normal -0.6085173351193869 -0.7930352309413029 0.028315637818598284
    outer loop
      vertex 51.64644660940672 -20.353553390593273 0
      vertex 51.75 -20.43301270189222 0
      vertex 51.71715728752538 -20.28284271247462 3.5
    endloop
  endfacet
  facet normal -0.3825299885315253 -0.9235090863272526 0.02831563781859727
    outer loop
      vertex 51.75 -20.43301270189222 0
      vertex 51.87059047744874 -20.482962913144533 0
      vertex 51.8 -20.346410161513777 3.5
    endloop
  endfacet
  facet normal -0.13047385538595355 -0.99104732365092 0.028315637818598114
    outer loop
      vertex 51.87059047744874 -20.482962913144533 0
      vertex 52 -20.5 0
      vertex 52 -20.4 3.5
    endloop
  endfacet
  facet normal -0.923509086327247 -0.38252998853153897 0.028315637818597715
    outer loop
      vertex 51.51703708685547 -20.12940952255126 0
      vertex 51.56698729810778 -20.25 0
      vertex 51.653589838486226 -20.2 3.5
    endloop
  endfacet
  facet normal -0.9910473236509195 -0.1304738553859571 0.028315637818598156
    outer loop
      vertex 51.51703708685547 -20.12940952255126 0
      vertex 51.613629669484375 -20.103527618041007 3.5
      vertex 51.5 -20 0
    endloop
  endfacet
  facet normal -0.9910473236509195 0.1304738553859571 0.028315637818598156
    outer loop
      vertex 51.5 -20 0
      vertex 51.613629669484375 -19.896472381958993 3.5
      vertex 51.51703708685547 -19.87059047744874 0
    endloop
  endfacet
  facet normal -0.923509086327247 0.38252998853153897 0.028315637818597715
    outer loop
      vertex 51.51703708685547 -19.87059047744874 0
      vertex 51.653589838486226 -19.8 3.5
      vertex 51.56698729810778 -19.75 0
    endloop
  endfacet
  facet normal -0.7930352309413191 -0.6085173351193658 0.028315637818598374
    outer loop
      vertex 51.64644660940672 -20.353553390593273 0
      vertex 51.71715728752538 -20.28284271247462 3.5
      vertex 51.56698729810778 -20.25 0
    endloop
  endfacet
  facet normal -0.7930352309413191 0.6085173351193658 0.028315637818598374
    outer loop
      vertex 51.56698729810778 -19.75 0
      vertex 51.71715728752538 -19.71715728752538 3.5
      vertex 51.64644660940672 -19.646446609406727 0
    endloop
  endfacet
  facet normal -0.6085173351193869 0.7930352309413029 0.028315637818598284
    outer loop
      vertex 51.64644660940672 -19.646446609406727 0
      vertex 51.71715728752538 -19.71715728752538 3.5
      vertex 51.75 -19.56698729810778 0
    endloop
  endfacet
  facet normal -0.3825299885315253 0.9235090863272526 0.02831563781859727
    outer loop
      vertex 51.75 -19.56698729810778 0
      vertex 51.8 -19.653589838486223 3.5
      vertex 51.87059047744874 -19.517037086855467 0
    endloop
  endfacet
  facet normal -0.13047385538595357 0.9910473236509201 0.02831563781859727
    outer loop
      vertex 51.87059047744874 -19.517037086855467 0
      vertex 51.89647238195899 -19.61362966948437 3.5
      vertex 52 -19.5 0
    endloop
  endfacet
  facet normal 0.13047385538595357 -0.9910473236509201 0.02831563781859727
    outer loop
      vertex 52 -20.5 0
      vertex 52.12940952255126 -20.482962913144533 0
      vertex 52.10352761804101 -20.38637033051563 3.5
    endloop
  endfacet
  facet normal 0.3825299885315253 -0.9235090863272526 0.02831563781859727
    outer loop
      vertex 52.12940952255126 -20.482962913144533 0
      vertex 52.25 -20.43301270189222 0
      vertex 52.2 -20.346410161513777 3.5
    endloop
  endfacet
  facet normal 0.6085173351193869 -0.7930352309413029 0.028315637818598284
    outer loop
      vertex 52.25 -20.43301270189222 0
      vertex 52.35355339059328 -20.353553390593273 0
      vertex 52.28284271247462 -20.28284271247462 3.5
    endloop
  endfacet
  facet normal 0.7930352309413191 -0.6085173351193658 0.028315637818598374
    outer loop
      vertex 52.35355339059328 -20.353553390593273 0
      vertex 52.43301270189222 -20.25 0
      vertex 52.28284271247462 -20.28284271247462 3.5
    endloop
  endfacet
  facet normal 0.923509086327247 -0.38252998853153897 0.028315637818597715
    outer loop
      vertex 52.43301270189222 -20.25 0
      vertex 52.48296291314453 -20.12940952255126 0
      vertex 52.346410161513774 -20.2 3.5
    endloop
  endfacet
  facet normal 0.9910473236509195 -0.1304738553859571 0.028315637818598156
    outer loop
      vertex 52.48296291314453 -20.12940952255126 0
      vertex 52.5 -20 0
      vertex 52.386370330515625 -20.103527618041007 3.5
    endloop
  endfacet
  facet normal 0.9910473236509195 0.1304738553859571 0.028315637818598104
    outer loop
      vertex 52.5 -20 0
      vertex 52.48296291314453 -19.87059047744874 0
      vertex 52.4 -20 3.5
    endloop
  endfacet
  facet normal 0.13047385538595355 0.99104732365092 0.028315637818598114
    outer loop
      vertex 52 -19.5 0
      vertex 52 -19.6 3.5
      vertex 52.12940952255126 -19.517037086855467 0
    endloop
  endfacet
  facet normal 0.3825299885315253 0.9235090863272526 0.02831563781859727
    outer loop
      vertex 52.12940952255126 -19.517037086855467 0
      vertex 52.2 -19.653589838486223 3.5
      vertex 52.25 -19.56698729810778 0
    endloop
  endfacet
  facet normal 0.7930352309413191 0.6085173351193658 0.028315637818598374
    outer loop
      vertex 52.35355339059328 -19.646446609406727 0
      vertex 52.28284271247462 -19.71715728752538 3.5
      vertex 52.43301270189222 -19.75 0
    endloop
  endfacet
  facet normal 0.923509086327247 0.38252998853153897 0.028315637818597715
    outer loop
      vertex 52.48296291314453 -19.87059047744874 0
      vertex 52.43301270189222 -19.75 0
      vertex 52.346410161513774 -19.8 3.5
    endloop
  endfacet
  facet normal 0.6085173351193869 0.7930352309413029 0.028315637818598284
    outer loop
      vertex 52.35355339059328 -19.646446609406727 0
      vertex 52.25 -19.56698729810778 0
      vertex 52.28284271247462 -19.71715728752538 3.5
    endloop
  endfacet
  facet normal -0.6085173351194175 -0.7930352309412795 0.028315637818596993
    outer loop
      vertex 51.75 -20.43301270189222 0
      vertex 51.8 -20.346410161513777 3.5
      vertex 51.71715728752538 -20.28284271247462 3.5
    endloop
  endfacet
  facet normal -0.38252998853151293 -0.9235090863272579 0.028315637818597722
    outer loop
      vertex 51.87059047744874 -20.482962913144533 0
      vertex 51.89647238195899 -20.38637033051563 3.5
      vertex 51.8 -20.346410161513777 3.5
    endloop
  endfacet
  facet normal -0.13047385538592543 -0.9910473236509237 0.028315637818597167
    outer loop
      vertex 51.87059047744874 -20.482962913144533 0
      vertex 52 -20.4 3.5
      vertex 51.89647238195899 -20.38637033051563 3.5
    endloop
  endfacet
  facet normal 0.13047385538592543 -0.9910473236509237 0.02831563781859822
    outer loop
      vertex 52 -20.5 0
      vertex 52.10352761804101 -20.38637033051563 3.5
      vertex 52 -20.4 3.5
    endloop
  endfacet
  facet normal -0.9235090863272528 -0.38252998853152487 0.028315637818598218
    outer loop
      vertex 51.51703708685547 -20.12940952255126 0
      vertex 51.653589838486226 -20.2 3.5
      vertex 51.613629669484375 -20.103527618041007 3.5
    endloop
  endfacet
  facet normal -0.9910473236509192 -0.13047385538595885 0.028315637818598093
    outer loop
      vertex 51.613629669484375 -20.103527618041007 3.5
      vertex 51.6 -20 3.5
      vertex 51.5 -20 0
    endloop
  endfacet
  facet normal -0.9910473236509192 0.13047385538595885 0.028315637818598093
    outer loop
      vertex 51.5 -20 0
      vertex 51.6 -20 3.5
      vertex 51.613629669484375 -19.896472381958993 3.5
    endloop
  endfacet
  facet normal -0.9235090863272528 0.38252998853152487 0.028315637818598218
    outer loop
      vertex 51.51703708685547 -19.87059047744874 0
      vertex 51.613629669484375 -19.896472381958993 3.5
      vertex 51.653589838486226 -19.8 3.5
    endloop
  endfacet
  facet normal -0.7930352309413086 -0.6085173351193797 0.02831563781859779
    outer loop
      vertex 51.56698729810778 -20.25 0
      vertex 51.71715728752538 -20.28284271247462 3.5
      vertex 51.653589838486226 -20.2 3.5
    endloop
  endfacet
  facet normal -0.7930352309413086 0.6085173351193797 0.02831563781859779
    outer loop
      vertex 51.56698729810778 -19.75 0
      vertex 51.653589838486226 -19.8 3.5
      vertex 51.71715728752538 -19.71715728752538 3.5
    endloop
  endfacet
  facet normal -0.6085173351194175 0.7930352309412795 0.028315637818596993
    outer loop
      vertex 51.75 -19.56698729810778 0
      vertex 51.71715728752538 -19.71715728752538 3.5
      vertex 51.8 -19.653589838486223 3.5
    endloop
  endfacet
  facet normal -0.38252998853151293 0.9235090863272579 0.028315637818597722
    outer loop
      vertex 51.87059047744874 -19.517037086855467 0
      vertex 51.8 -19.653589838486223 3.5
      vertex 51.89647238195899 -19.61362966948437 3.5
    endloop
  endfacet
  facet normal -0.13047385538592543 0.9910473236509237 0.02831563781859822
    outer loop
      vertex 51.89647238195899 -19.61362966948437 3.5
      vertex 52 -19.6 3.5
      vertex 52 -19.5 0
    endloop
  endfacet
  facet normal 0.38252998853151293 -0.9235090863272579 0.028315637818597722
    outer loop
      vertex 52.12940952255126 -20.482962913144533 0
      vertex 52.2 -20.346410161513777 3.5
      vertex 52.10352761804101 -20.38637033051563 3.5
    endloop
  endfacet
  facet normal 0.6085173351194175 -0.7930352309412795 0.028315637818596993
    outer loop
      vertex 52.25 -20.43301270189222 0
      vertex 52.28284271247462 -20.28284271247462 3.5
      vertex 52.2 -20.346410161513777 3.5
    endloop
  endfacet
  facet normal 0.7930352309413086 -0.6085173351193797 0.02831563781859779
    outer loop
      vertex 52.43301270189222 -20.25 0
      vertex 52.346410161513774 -20.2 3.5
      vertex 52.28284271247462 -20.28284271247462 3.5
    endloop
  endfacet
  facet normal 0.9235090863272528 -0.38252998853152487 0.028315637818598218
    outer loop
      vertex 52.48296291314453 -20.12940952255126 0
      vertex 52.386370330515625 -20.103527618041007 3.5
      vertex 52.346410161513774 -20.2 3.5
    endloop
  endfacet
  facet normal 0.9910473236509192 -0.13047385538595885 0.028315637818598093
    outer loop
      vertex 52.386370330515625 -20.103527618041007 3.5
      vertex 52.5 -20 0
      vertex 52.4 -20 3.5
    endloop
  endfacet
  facet normal 0.9910473236509192 0.13047385538595885 0.02831563781859816
    outer loop
      vertex 52.48296291314453 -19.87059047744874 0
      vertex 52.386370330515625 -19.896472381958993 3.5
      vertex 52.4 -20 3.5
    endloop
  endfacet
  facet normal 0.13047385538592543 0.9910473236509237 0.028315637818597167
    outer loop
      vertex 52.12940952255126 -19.517037086855467 0
      vertex 52 -19.6 3.5
      vertex 52.10352761804101 -19.61362966948437 3.5
    endloop
  endfacet
  facet normal 0.38252998853151293 0.9235090863272579 0.028315637818597722
    outer loop
      vertex 52.12940952255126 -19.517037086855467 0
      vertex 52.10352761804101 -19.61362966948437 3.5
      vertex 52.2 -19.653589838486223 3.5
    endloop
  endfacet
  facet normal 0.6085173351194175 0.7930352309412795 0.028315637818596993
    outer loop
      vertex 52.25 -19.56698729810778 0
      vertex 52.2 -19.653589838486223 3.5
      vertex 52.28284271247462 -19.71715728752538 3.5
    endloop
  endfacet
  facet normal 0.7930352309413086 0.6085173351193797 0.02831563781859779
    outer loop
      vertex 52.43301270189222 -19.75 0
      vertex 52.28284271247462 -19.71715728752538 3.5
      vertex 52.346410161513774 -19.8 3.5
    endloop
  endfacet
  facet normal 0.9235090863272528 0.38252998853152487 0.028315637818598218
    outer loop
      vertex 52.48296291314453 -19.87059047744874 0
      vertex 52.346410161513774 -19.8 3.5
      vertex 52.386370330515625 -19.896472381958993 3.5
    endloop
  endfacet
  facet normal 0 0 1
    outer loop
      vertex 51.89647238195899 -20.38637033051563 3.5
      vertex 52 -20.4 3.5
      vertex 51.92947181020956 -20.26321478766377 3.5
    endloop
  endfacet
  facet normal 0 0 1
    outer loop
      vertex 52 -20.4 3.5
      vertex 52.10352761804101 -20.38637033051563 3.5
      vertex 52 -20.2725 3.5
    endloop
  endfacet
  facet normal 0 0 1
    outer loop
      vertex 51.613629669484375 -20.103527618041007 3.5
      vertex 51.613629669484375 -19.896472381958993 3.5
      vertex 51.6 -20 3.5
    endloop
  endfacet
  facet normal 0 0 1
    outer loop
      vertex 51.71715728752538 -20.28284271247462 3.5
      vertex 51.8 -20.346410161513777 3.5
      vertex 51.76400807746874 -20.13625 3.5
    endloop
  endfacet
  facet normal 0 0 1
    outer loop
      vertex 51.8 -20.346410161513777 3.5
      vertex 51.86375 -20.23599192253126 3.5
      vertex 51.80731340212667 -20.192686597873333 3.5
    endloop
  endfacet
  facet normal 0 0 1
    outer loop
      vertex 51.71715728752538 -20.28284271247462 3.5
      vertex 51.76400807746874 -20.13625 3.5
      vertex 51.73678521233623 -20.070528189790437 3.5
    endloop
  endfacet
  facet normal 0 0 1
    outer loop
      vertex 51.8 -20.346410161513777 3.5
      vertex 51.80731340212667 -20.192686597873333 3.5
      vertex 51.76400807746874 -20.13625 3.5
    endloop
  endfacet
  facet normal 0 0 1
    outer loop
      vertex 51.71715728752538 -20.28284271247462 3.5
      vertex 51.653589838486226 -19.8 3.5
      vertex 51.653589838486226 -20.2 3.5
    endloop
  endfacet
  facet normal 0 0 1
    outer loop
      vertex 51.613629669484375 -20.103527618041007 3.5
      vertex 51.653589838486226 -20.2 3.5
      vertex 51.613629669484375 -19.896472381958993 3.5
    endloop
  endfacet
  facet normal 0 0 1
    outer loop
      vertex 51.653589838486226 -20.2 3.5
      vertex 51.653589838486226 -19.8 3.5
      vertex 51.613629669484375 -19.896472381958993 3.5
    endloop
  endfacet
  facet normal 0 0 1
    outer loop
      vertex 51.71715728752538 -20.28284271247462 3.5
      vertex 51.71715728752538 -19.71715728752538 3.5
      vertex 51.653589838486226 -19.8 3.5
    endloop
  endfacet
  facet normal 0 0 1
    outer loop
      vertex 51.71715728752538 -20.28284271247462 3.5
      vertex 51.7275 -20 3.5
      vertex 51.71715728752538 -19.71715728752538 3.5
    endloop
  endfacet
  facet normal 0 0 1
    outer loop
      vertex 51.71715728752538 -20.28284271247462 3.5
      vertex 51.73678521233623 -20.070528189790437 3.5
      vertex 51.7275 -20 3.5
    endloop
  endfacet
  facet normal 0 0 1
    outer loop
      vertex 51.8 -20.346410161513777 3.5
      vertex 51.89647238195899 -20.38637033051563 3.5
      vertex 51.86375 -20.23599192253126 3.5
    endloop
  endfacet
  facet normal 0 0 1
    outer loop
      vertex 51.89647238195899 -20.38637033051563 3.5
      vertex 51.92947181020956 -20.26321478766377 3.5
      vertex 51.86375 -20.23599192253126 3.5
    endloop
  endfacet
  facet normal 0 0 1
    outer loop
      vertex 52 -20.4 3.5
      vertex 52 -20.2725 3.5
      vertex 51.92947181020956 -20.26321478766377 3.5
    endloop
  endfacet
  facet normal 0 0 1
    outer loop
      vertex 51.71715728752538 -19.71715728752538 3.5
      vertex 51.7275 -20 3.5
      vertex 51.73678521233623 -19.929471810209563 3.5
    endloop
  endfacet
  facet normal 0 0 1
    outer loop
      vertex 51.71715728752538 -19.71715728752538 3.5
      vertex 51.73678521233623 -19.929471810209563 3.5
      vertex 51.76400807746874 -19.86375 3.5
    endloop
  endfacet
  facet normal 0 0 1
    outer loop
      vertex 51.71715728752538 -19.71715728752538 3.5
      vertex 51.76400807746874 -19.86375 3.5
      vertex 51.80731340212667 -19.807313402126667 3.5
    endloop
  endfacet
  facet normal 0 0 1
    outer loop
      vertex 51.71715728752538 -19.71715728752538 3.5
      vertex 51.80731340212667 -19.807313402126667 3.5
      vertex 51.8 -19.653589838486223 3.5
    endloop
  endfacet
  facet normal 0 0 1
    outer loop
      vertex 51.8 -19.653589838486223 3.5
      vertex 51.80731340212667 -19.807313402126667 3.5
      vertex 51.86375 -19.76400807746874 3.5
    endloop
  endfacet
  facet normal 0 0 1
    outer loop
      vertex 51.8 -19.653589838486223 3.5
      vertex 51.86375 -19.76400807746874 3.5
      vertex 51.92947181020956 -19.73678521233623 3.5
    endloop
  endfacet
  facet normal 0 0 1
    outer loop
      vertex 51.89647238195899 -19.61362966948437 3.5
      vertex 51.92947181020956 -19.73678521233623 3.5
      vertex 52 -19.7275 3.5
    endloop
  endfacet
  facet normal 0 0 1
    outer loop
      vertex 52 -19.6 3.5
      vertex 52 -19.7275 3.5
      vertex 52.07052818979044 -19.73678521233623 3.5
    endloop
  endfacet
  facet normal 0 0 1
    outer loop
      vertex 51.8 -19.653589838486223 3.5
      vertex 51.92947181020956 -19.73678521233623 3.5
      vertex 51.89647238195899 -19.61362966948437 3.5
    endloop
  endfacet
  facet normal 0 0 1
    outer loop
      vertex 51.89647238195899 -19.61362966948437 3.5
      vertex 52 -19.7275 3.5
      vertex 52 -19.6 3.5
    endloop
  endfacet
  facet normal 0 0 1
    outer loop
      vertex 52.10352761804101 -20.38637033051563 3.5
      vertex 52.2 -20.346410161513777 3.5
      vertex 52.07052818979044 -20.26321478766377 3.5
    endloop
  endfacet
  facet normal 0 0 1
    outer loop
      vertex 52.10352761804101 -20.38637033051563 3.5
      vertex 52.07052818979044 -20.26321478766377 3.5
      vertex 52 -20.2725 3.5
    endloop
  endfacet
  facet normal 0 0 1
    outer loop
      vertex 52.2 -20.346410161513777 3.5
      vertex 52.13625 -20.23599192253126 3.5
      vertex 52.07052818979044 -20.26321478766377 3.5
    endloop
  endfacet
  facet normal 0 0 1
    outer loop
      vertex 52.2 -20.346410161513777 3.5
      vertex 52.19268659787333 -20.192686597873333 3.5
      vertex 52.13625 -20.23599192253126 3.5
    endloop
  endfacet
  facet normal 0 0 1
    outer loop
      vertex 52.2 -20.346410161513777 3.5
      vertex 52.28284271247462 -20.28284271247462 3.5
      vertex 52.19268659787333 -20.192686597873333 3.5
    endloop
  endfacet
  facet normal 0 0 1
    outer loop
      vertex 52.28284271247462 -20.28284271247462 3.5
      vertex 52.23599192253126 -20.13625 3.5
      vertex 52.19268659787333 -20.192686597873333 3.5
    endloop
  endfacet
  facet normal 0 0 1
    outer loop
      vertex 52.28284271247462 -20.28284271247462 3.5
      vertex 52.26321478766377 -20.070528189790437 3.5
      vertex 52.23599192253126 -20.13625 3.5
    endloop
  endfacet
  facet normal 0 0 1
    outer loop
      vertex 52.28284271247462 -20.28284271247462 3.5
      vertex 52.2725 -20 3.5
      vertex 52.26321478766377 -20.070528189790437 3.5
    endloop
  endfacet
  facet normal 0 0 1
    outer loop
      vertex 52.28284271247462 -20.28284271247462 3.5
      vertex 52.346410161513774 -20.2 3.5
      vertex 52.28284271247462 -19.71715728752538 3.5
    endloop
  endfacet
  facet normal 0 0 1
    outer loop
      vertex 52.346410161513774 -20.2 3.5
      vertex 52.386370330515625 -20.103527618041007 3.5
      vertex 52.346410161513774 -19.8 3.5
    endloop
  endfacet
  facet normal 0 0 1
    outer loop
      vertex 52.28284271247462 -20.28284271247462 3.5
      vertex 52.28284271247462 -19.71715728752538 3.5
      vertex 52.2725 -20 3.5
    endloop
  endfacet
  facet normal 0 0 1
    outer loop
      vertex 52.346410161513774 -20.2 3.5
      vertex 52.346410161513774 -19.8 3.5
      vertex 52.28284271247462 -19.71715728752538 3.5
    endloop
  endfacet
  facet normal 0 0 1
    outer loop
      vertex 52.386370330515625 -20.103527618041007 3.5
      vertex 52.4 -20 3.5
      vertex 52.386370330515625 -19.896472381958993 3.5
    endloop
  endfacet
  facet normal 0 0 1
    outer loop
      vertex 52.386370330515625 -20.103527618041007 3.5
      vertex 52.386370330515625 -19.896472381958993 3.5
      vertex 52.346410161513774 -19.8 3.5
    endloop
  endfacet
  facet normal 0 0 1
    outer loop
      vertex 52.10352761804101 -19.61362966948437 3.5
      vertex 52.07052818979044 -19.73678521233623 3.5
      vertex 52.13625 -19.76400807746874 3.5
    endloop
  endfacet
  facet normal 0 0 1
    outer loop
      vertex 52.2 -19.653589838486223 3.5
      vertex 52.19268659787333 -19.807313402126667 3.5
      vertex 52.23599192253126 -19.86375 3.5
    endloop
  endfacet
  facet normal 0 0 1
    outer loop
      vertex 52.2 -19.653589838486223 3.5
      vertex 52.13625 -19.76400807746874 3.5
      vertex 52.19268659787333 -19.807313402126667 3.5
    endloop
  endfacet
  facet normal 0 0 1
    outer loop
      vertex 52.2 -19.653589838486223 3.5
      vertex 52.23599192253126 -19.86375 3.5
      vertex 52.28284271247462 -19.71715728752538 3.5
    endloop
  endfacet
  facet normal 0 0 1
    outer loop
      vertex 52.10352761804101 -19.61362966948437 3.5
      vertex 52.13625 -19.76400807746874 3.5
      vertex 52.2 -19.653589838486223 3.5
    endloop
  endfacet
  facet normal 0 0 1
    outer loop
      vertex 52 -19.6 3.5
      vertex 52.07052818979044 -19.73678521233623 3.5
      vertex 52.10352761804101 -19.61362966948437 3.5
    endloop
  endfacet
  facet normal 0 0 1
    outer loop
      vertex 52.28284271247462 -19.71715728752538 3.5
      vertex 52.26321478766377 -19.929471810209563 3.5
      vertex 52.2725 -20 3.5
    endloop
  endfacet
  facet normal 0 0 1
    outer loop
      vertex 52.28284271247462 -19.71715728752538 3.5
      vertex 52.23599192253126 -19.86375 3.5
      vertex 52.26321478766377 -19.929471810209563 3.5
    endloop
  endfacet
  facet normal -0.8563639319242766 -0.3547175549301365 -0.37525494310345664
    outer loop
      vertex 49.74833395016046 -21.3 9.2
      vertex 51.73678521233623 -20.070528189790437 3.5
      vertex 51.76400807746874 -20.13625 3.5
    endloop
  endfacet
  facet normal -0.7353763796999356 -0.5642741424660869 -0.3752549431034566
    outer loop
      vertex 49.74833395016046 -21.3 9.2
      vertex 51.76400807746874 -20.13625 3.5
      vertex 51.80731340212667 -20.192686597873333 3.5
    endloop
  endfacet
  facet normal -0.9189916973962224 0.12098755222431237 -0.37525494310345764
    outer loop
      vertex 49.4 -20 9.2
      vertex 51.73678521233623 -19.929471810209563 3.5
      vertex 51.7275 -20 3.5
    endloop
  endfacet
  facet normal -0.918991697396221 -0.1209875522243162 -0.3752549431034599
    outer loop
      vertex 49.48859285164842 -20.672929517266553 9.2
      vertex 51.7275 -20 3.5
      vertex 51.73678521233623 -20.070528189790437 3.5
    endloop
  endfacet
  facet normal -0.8563639319242762 0.3547175549301323 -0.3752549431034615
    outer loop
      vertex 49.48859285164842 -19.327070482733447 9.2
      vertex 51.76400807746874 -19.86375 3.5
      vertex 51.73678521233623 -19.929471810209563 3.5
    endloop
  endfacet
  facet normal -0.7353763796999356 0.5642741424660869 -0.3752549431034566
    outer loop
      vertex 49.74833395016046 -18.7 9.2
      vertex 51.80731340212667 -19.807313402126667 3.5
      vertex 51.76400807746874 -19.86375 3.5
    endloop
  endfacet
  facet normal -0.5642741424660358 -0.7353763796999739 -0.3752549431034584
    outer loop
      vertex 50.7 -22.25166604983954 9.2
      vertex 51.80731340212667 -20.192686597873333 3.5
      vertex 51.86375 -20.23599192253126 3.5
    endloop
  endfacet
  facet normal -0.35471755493019064 -0.8563639319242536 -0.37525494310345797
    outer loop
      vertex 51.32707048273345 -22.511407148351577 9.2
      vertex 51.86375 -20.23599192253126 3.5
      vertex 51.92947181020956 -20.26321478766377 3.5
    endloop
  endfacet
  facet normal -0.12098755222431237 -0.9189916973962224 -0.37525494310345764
    outer loop
      vertex 52 -22.6 9.2
      vertex 51.92947181020956 -20.26321478766377 3.5
      vertex 52 -20.2725 3.5
    endloop
  endfacet
  facet normal 0.12098755222431223 -0.9189916973962218 -0.3752549431034592
    outer loop
      vertex 52.67292951726655 -22.511407148351577 9.2
      vertex 52 -20.2725 3.5
      vertex 52.07052818979044 -20.26321478766377 3.5
    endloop
  endfacet
  facet normal 0.3547175549301907 -0.8563639319242529 -0.3752549431034596
    outer loop
      vertex 53.3 -22.25166604983954 9.2
      vertex 52.07052818979044 -20.26321478766377 3.5
      vertex 52.13625 -20.23599192253126 3.5
    endloop
  endfacet
  facet normal 0.5642741424660358 -0.7353763796999739 -0.3752549431034584
    outer loop
      vertex 53.3 -22.25166604983954 9.2
      vertex 52.13625 -20.23599192253126 3.5
      vertex 52.19268659787333 -20.192686597873333 3.5
    endloop
  endfacet
  facet normal 0.7353763796999356 -0.5642741424660869 -0.3752549431034566
    outer loop
      vertex 54.25166604983954 -21.3 9.2
      vertex 52.19268659787333 -20.192686597873333 3.5
      vertex 52.23599192253126 -20.13625 3.5
    endloop
  endfacet
  facet normal 0.7353763796999356 0.5642741424660869 -0.3752549431034566
    outer loop
      vertex 54.25166604983954 -18.7 9.2
      vertex 52.23599192253126 -19.86375 3.5
      vertex 52.19268659787333 -19.807313402126667 3.5
    endloop
  endfacet
  facet normal -0.5642741424660358 0.7353763796999739 -0.3752549431034584
    outer loop
      vertex 50.7 -17.74833395016046 9.2
      vertex 51.86375 -19.76400807746874 3.5
      vertex 51.80731340212667 -19.807313402126667 3.5
    endloop
  endfacet
  facet normal -0.3547175549301907 0.8563639319242529 -0.3752549431034596
    outer loop
      vertex 50.7 -17.74833395016046 9.2
      vertex 51.92947181020956 -19.73678521233623 3.5
      vertex 51.86375 -19.76400807746874 3.5
    endloop
  endfacet
  facet normal -0.12098755222431223 0.9189916973962218 -0.3752549431034592
    outer loop
      vertex 51.32707048273345 -17.488592851648423 9.2
      vertex 52 -19.7275 3.5
      vertex 51.92947181020956 -19.73678521233623 3.5
    endloop
  endfacet
  facet normal 0.12098755222431237 0.9189916973962224 -0.37525494310345764
    outer loop
      vertex 52 -17.4 9.2
      vertex 52.07052818979044 -19.73678521233623 3.5
      vertex 52 -19.7275 3.5
    endloop
  endfacet
  facet normal 0.35471755493019064 0.8563639319242536 -0.37525494310345797
    outer loop
      vertex 52.67292951726655 -17.488592851648423 9.2
      vertex 52.13625 -19.76400807746874 3.5
      vertex 52.07052818979044 -19.73678521233623 3.5
    endloop
  endfacet
  facet normal 0.5642741424660358 0.7353763796999739 -0.3752549431034584
    outer loop
      vertex 53.3 -17.74833395016046 9.2
      vertex 52.19268659787333 -19.807313402126667 3.5
      vertex 52.13625 -19.76400807746874 3.5
    endloop
  endfacet
  facet normal 0.8563639319242762 -0.3547175549301323 -0.3752549431034615
    outer loop
      vertex 54.51140714835158 -20.672929517266553 9.2
      vertex 52.23599192253126 -20.13625 3.5
      vertex 52.26321478766377 -20.070528189790437 3.5
    endloop
  endfacet
  facet normal 0.9189916973962224 -0.12098755222431237 -0.37525494310345764
    outer loop
      vertex 54.6 -20 9.2
      vertex 52.26321478766377 -20.070528189790437 3.5
      vertex 52.2725 -20 3.5
    endloop
  endfacet
  facet normal 0.918991697396221 0.1209875522243162 -0.3752549431034599
    outer loop
      vertex 54.51140714835158 -19.327070482733447 9.2
      vertex 52.2725 -20 3.5
      vertex 52.26321478766377 -19.929471810209563 3.5
    endloop
  endfacet
  facet normal 0.8563639319242766 0.3547175549301365 -0.37525494310345664
    outer loop
      vertex 54.25166604983954 -18.7 9.2
      vertex 52.26321478766377 -19.929471810209563 3.5
      vertex 52.23599192253126 -19.86375 3.5
    endloop
  endfacet
  facet normal -0.5642741424660412 -0.7353763796999696 -0.37525494310345864
    outer loop
      vertex 50.16152236891497 -21.838477631085023 9.2
      vertex 51.80731340212667 -20.192686597873333 3.5
      vertex 50.7 -22.25166604983954 9.2
    endloop
  endfacet
  facet normal -0.3547175549301794 -0.8563639319242581 -0.3752549431034584
    outer loop
      vertex 50.7 -22.25166604983954 9.2
      vertex 51.86375 -20.23599192253126 3.5
      vertex 51.32707048273345 -22.511407148351577 9.2
    endloop
  endfacet
  facet normal -0.12098755222429672 -0.9189916973962241 -0.3752549431034585
    outer loop
      vertex 51.32707048273345 -22.511407148351577 9.2
      vertex 51.92947181020956 -20.26321478766377 3.5
      vertex 52 -22.6 9.2
    endloop
  endfacet
  facet normal 0.12098755222429673 -0.9189916973962242 -0.37525494310345836
    outer loop
      vertex 52 -22.6 9.2
      vertex 52 -20.2725 3.5
      vertex 52.67292951726655 -22.511407148351577 9.2
    endloop
  endfacet
  facet normal 0.3547175549301794 -0.8563639319242581 -0.3752549431034582
    outer loop
      vertex 52.67292951726655 -22.511407148351577 9.2
      vertex 52.07052818979044 -20.26321478766377 3.5
      vertex 53.3 -22.25166604983954 9.2
    endloop
  endfacet
  facet normal 0.5642741424660412 -0.7353763796999696 -0.37525494310345864
    outer loop
      vertex 53.3 -22.25166604983954 9.2
      vertex 52.19268659787333 -20.192686597873333 3.5
      vertex 53.83847763108503 -21.838477631085023 9.2
    endloop
  endfacet
  facet normal -0.8563639319242586 -0.3547175549301777 -0.3752549431034588
    outer loop
      vertex 49.48859285164842 -20.672929517266553 9.2
      vertex 51.73678521233623 -20.070528189790437 3.5
      vertex 49.74833395016046 -21.3 9.2
    endloop
  endfacet
  facet normal -0.9189916973962247 -0.12098755222429192 -0.3752549431034585
    outer loop
      vertex 49.48859285164842 -20.672929517266553 9.2
      vertex 49.4 -20 9.2
      vertex 51.7275 -20 3.5
    endloop
  endfacet
  facet normal -0.9189916973962247 0.12098755222429192 -0.37525494310345875
    outer loop
      vertex 49.4 -20 9.2
      vertex 49.48859285164842 -19.327070482733447 9.2
      vertex 51.73678521233623 -19.929471810209563 3.5
    endloop
  endfacet
  facet normal -0.7353763796999658 -0.5642741424660458 -0.3752549431034589
    outer loop
      vertex 50.16152236891497 -21.838477631085023 9.2
      vertex 49.74833395016046 -21.3 9.2
      vertex 51.80731340212667 -20.192686597873333 3.5
    endloop
  endfacet
  facet normal -0.8563639319242589 0.35471755493017776 -0.3752549431034583
    outer loop
      vertex 49.48859285164842 -19.327070482733447 9.2
      vertex 49.74833395016046 -18.7 9.2
      vertex 51.76400807746874 -19.86375 3.5
    endloop
  endfacet
  facet normal -0.7353763796999658 0.5642741424660458 -0.3752549431034589
    outer loop
      vertex 49.74833395016046 -18.7 9.2
      vertex 50.16152236891497 -18.161522368914977 9.2
      vertex 51.80731340212667 -19.807313402126667 3.5
    endloop
  endfacet
  facet normal -0.5642741424660412 0.7353763796999696 -0.37525494310345864
    outer loop
      vertex 50.16152236891497 -18.161522368914977 9.2
      vertex 50.7 -17.74833395016046 9.2
      vertex 51.80731340212667 -19.807313402126667 3.5
    endloop
  endfacet
  facet normal -0.3547175549301794 0.8563639319242581 -0.3752549431034582
    outer loop
      vertex 50.7 -17.74833395016046 9.2
      vertex 51.32707048273345 -17.488592851648423 9.2
      vertex 51.92947181020956 -19.73678521233623 3.5
    endloop
  endfacet
  facet normal -0.12098755222429673 0.9189916973962242 -0.3752549431034583
    outer loop
      vertex 51.32707048273345 -17.488592851648423 9.2
      vertex 52 -17.4 9.2
      vertex 52 -19.7275 3.5
    endloop
  endfacet
  facet normal 0.12098755222429672 0.9189916973962241 -0.37525494310345847
    outer loop
      vertex 52 -17.4 9.2
      vertex 52.67292951726655 -17.488592851648423 9.2
      vertex 52.07052818979044 -19.73678521233623 3.5
    endloop
  endfacet
  facet normal 0.3547175549301794 0.8563639319242581 -0.3752549431034584
    outer loop
      vertex 52.67292951726655 -17.488592851648423 9.2
      vertex 53.3 -17.74833395016046 9.2
      vertex 52.13625 -19.76400807746874 3.5
    endloop
  endfacet
  facet normal 0.7353763796999658 -0.5642741424660458 -0.3752549431034589
    outer loop
      vertex 53.83847763108503 -21.838477631085023 9.2
      vertex 52.19268659787333 -20.192686597873333 3.5
      vertex 54.25166604983954 -21.3 9.2
    endloop
  endfacet
  facet normal 0.8563639319242589 -0.35471755493017776 -0.37525494310345836
    outer loop
      vertex 54.25166604983954 -21.3 9.2
      vertex 52.23599192253126 -20.13625 3.5
      vertex 54.51140714835158 -20.672929517266553 9.2
    endloop
  endfacet
  facet normal 0.9189916973962247 -0.12098755222429192 -0.3752549431034588
    outer loop
      vertex 54.51140714835158 -20.672929517266553 9.2
      vertex 52.26321478766377 -20.070528189790437 3.5
      vertex 54.6 -20 9.2
    endloop
  endfacet
  facet normal 0.9189916973962247 0.12098755222429192 -0.3752549431034585
    outer loop
      vertex 54.6 -20 9.2
      vertex 52.2725 -20 3.5
      vertex 54.51140714835158 -19.327070482733447 9.2
    endloop
  endfacet
  facet normal 0.5642741424660412 0.7353763796999696 -0.37525494310345864
    outer loop
      vertex 53.83847763108503 -18.161522368914977 9.2
      vertex 52.19268659787333 -19.807313402126667 3.5
      vertex 53.3 -17.74833395016046 9.2
    endloop
  endfacet
  facet normal 0.8563639319242586 0.3547175549301777 -0.3752549431034588
    outer loop
      vertex 54.51140714835158 -19.327070482733447 9.2
      vertex 52.26321478766377 -19.929471810209563 3.5
      vertex 54.25166604983954 -18.7 9.2
    endloop
  endfacet
  facet normal 0.7353763796999658 0.5642741424660458 -0.3752549431034589
    outer loop
      vertex 53.83847763108503 -18.161522368914977 9.2
      vertex 54.25166604983954 -18.7 9.2
      vertex 52.19268659787333 -19.807313402126667 3.5
    endloop
  endfacet
  facet normal 0 0 1
    outer loop
      vertex 49.48859285164842 -20.672929517266553 9.2
      vertex 49.48859285164842 -19.327070482733447 9.2
      vertex 49.4 -20 9.2
    endloop
  endfacet
  facet normal 0 0 1
    outer loop
      vertex 49.48859285164842 -20.672929517266553 9.2
      vertex 49.74833395016046 -21.3 9.2
      vertex 49.48859285164842 -19.327070482733447 9.2
    endloop
  endfacet
  facet normal 0 0 1
    outer loop
      vertex 50.16152236891497 -21.838477631085023 9.2
      vertex 49.74833395016046 -18.7 9.2
      vertex 49.74833395016046 -21.3 9.2
    endloop
  endfacet
  facet normal 0 0 1
    outer loop
      vertex 49.74833395016046 -21.3 9.2
      vertex 49.74833395016046 -18.7 9.2
      vertex 49.48859285164842 -19.327070482733447 9.2
    endloop
  endfacet
  facet normal 0 0 1
    outer loop
      vertex 50.16152236891497 -21.838477631085023 9.2
      vertex 50.16152236891497 -18.161522368914977 9.2
      vertex 49.74833395016046 -18.7 9.2
    endloop
  endfacet
  facet normal 0 0 1
    outer loop
      vertex 50.16152236891497 -21.838477631085023 9.2
      vertex 50.7 -22.25166604983954 9.2
      vertex 50.16152236891497 -18.161522368914977 9.2
    endloop
  endfacet
  facet normal 0 0 1
    outer loop
      vertex 50.7 -22.25166604983954 9.2
      vertex 51.32707048273345 -22.511407148351577 9.2
      vertex 50.7 -17.74833395016046 9.2
    endloop
  endfacet
  facet normal 0 0 1
    outer loop
      vertex 50.7 -22.25166604983954 9.2
      vertex 50.7 -17.74833395016046 9.2
      vertex 50.16152236891497 -18.161522368914977 9.2
    endloop
  endfacet
  facet normal 0 0 1
    outer loop
      vertex 51.32707048273345 -22.511407148351577 9.2
      vertex 51.32707048273345 -17.488592851648423 9.2
      vertex 50.7 -17.74833395016046 9.2
    endloop
  endfacet
  facet normal 0 0 1
    outer loop
      vertex 51.32707048273345 -22.511407148351577 9.2
      vertex 52 -22.6 9.2
      vertex 51.32707048273345 -17.488592851648423 9.2
    endloop
  endfacet
  facet normal 0 0 1
    outer loop
      vertex 52 -22.6 9.2
      vertex 52.67292951726655 -22.511407148351577 9.2
      vertex 52 -17.4 9.2
    endloop
  endfacet
  facet normal 0 0 1
    outer loop
      vertex 52.67292951726655 -22.511407148351577 9.2
      vertex 53.3 -22.25166604983954 9.2
      vertex 52.67292951726655 -17.488592851648423 9.2
    endloop
  endfacet
  facet normal 0 0 1
    outer loop
      vertex 51.32707048273345 -17.488592851648423 9.2
      vertex 52 -22.6 9.2
      vertex 52 -17.4 9.2
    endloop
  endfacet
  facet normal 0 0 1
    outer loop
      vertex 52.67292951726655 -22.511407148351577 9.2
      vertex 52.67292951726655 -17.488592851648423 9.2
      vertex 52 -17.4 9.2
    endloop
  endfacet
  facet normal 0 0 1
    outer loop
      vertex 53.3 -22.25166604983954 9.2
      vertex 53.83847763108503 -21.838477631085023 9.2
      vertex 53.3 -17.74833395016046 9.2
    endloop
  endfacet
  facet normal 0 0 1
    outer loop
      vertex 53.83847763108503 -21.838477631085023 9.2
      vertex 54.25166604983954 -21.3 9.2
      vertex 53.83847763108503 -18.161522368914977 9.2
    endloop
  endfacet
  facet normal 0 0 1
    outer loop
      vertex 54.25166604983954 -21.3 9.2
      vertex 54.51140714835158 -20.672929517266553 9.2
      vertex 54.25166604983954 -18.7 9.2
    endloop
  endfacet
  facet normal 0 0 1
    outer loop
      vertex 54.51140714835158 -20.672929517266553 9.2
      vertex 54.6 -20 9.2
      vertex 54.51140714835158 -19.327070482733447 9.2
    endloop
  endfacet
  facet normal 0 0 1
    outer loop
      vertex 54.51140714835158 -20.672929517266553 9.2
      vertex 54.51140714835158 -19.327070482733447 9.2
      vertex 54.25166604983954 -18.7 9.2
    endloop
  endfacet
  facet normal 0 0 1
    outer loop
      vertex 53.3 -22.25166604983954 9.2
      vertex 53.3 -17.74833395016046 9.2
      vertex 52.67292951726655 -17.488592851648423 9.2
    endloop
  endfacet
  facet normal 0 0 1
    outer loop
      vertex 53.83847763108503 -21.838477631085023 9.2
      vertex 53.83847763108503 -18.161522368914977 9.2
      vertex 53.3 -17.74833395016046 9.2
    endloop
  endfacet
  facet normal 0 0 1
    outer loop
      vertex 54.25166604983954 -21.3 9.2
      vertex 54.25166604983954 -18.7 9.2
      vertex 53.83847763108503 -18.161522368914977 9.2
    endloop
  endfacet
  facet normal 0 0 -1
    outer loop
      vertex 17.646446609406727 53.64644660940672 0
      vertex 17.56698729810778 53.75 0
      vertex 17.646446609406727 54.35355339059328 0
    endloop
  endfacet
  facet normal 0 0 -1
    outer loop
      vertex 17.646446609406727 53.64644660940672 0
      vertex 17.75 54.43301270189222 0
      vertex 17.75 53.56698729810778 0
    endloop
  endfacet
  facet normal 0 0 -1
    outer loop
      vertex 17.75 53.56698729810778 0
      vertex 17.87059047744874 54.48296291314453 0
      vertex 17.87059047744874 53.51703708685547 0
    endloop
  endfacet
  facet normal 0 0 -1
    outer loop
      vertex 17.517037086855467 53.87059047744874 0
      vertex 17.56698729810778 54.25 0
      vertex 17.56698729810778 53.75 0
    endloop
  endfacet
  facet normal 0 0 -1
    outer loop
      vertex 17.517037086855467 53.87059047744874 0
      vertex 17.5 54 0
      vertex 17.517037086855467 54.12940952255126 0
    endloop
  endfacet
  facet normal 0 0 -1
    outer loop
      vertex 17.517037086855467 53.87059047744874 0
      vertex 17.517037086855467 54.12940952255126 0
      vertex 17.56698729810778 54.25 0
    endloop
  endfacet
  facet normal 0 0 -1
    outer loop
      vertex 17.56698729810778 53.75 0
      vertex 17.56698729810778 54.25 0
      vertex 17.646446609406727 54.35355339059328 0
    endloop
  endfacet
  facet normal 0 0 -1
    outer loop
      vertex 17.646446609406727 53.64644660940672 0
      vertex 17.646446609406727 54.35355339059328 0
      vertex 17.75 54.43301270189222 0
    endloop
  endfacet
  facet normal 0 0 -1
    outer loop
      vertex 17.75 53.56698729810778 0
      vertex 17.75 54.43301270189222 0
      vertex 17.87059047744874 54.48296291314453 0
    endloop
  endfacet
  facet normal 0 0 -1
    outer loop
      vertex 17.87059047744874 53.51703708685547 0
      vertex 17.87059047744874 54.48296291314453 0
      vertex 18 54.5 0
    endloop
  endfacet
  facet normal 0 0 -1
    outer loop
      vertex 17.87059047744874 53.51703708685547 0
      vertex 18 54.5 0
      vertex 18 53.5 0
    endloop
  endfacet
  facet normal 0 0 -1
    outer loop
      vertex 18 53.5 0
      vertex 18.12940952255126 54.48296291314453 0
      vertex 18.12940952255126 53.51703708685547 0
    endloop
  endfacet
  facet normal 0 0 -1
    outer loop
      vertex 18.12940952255126 53.51703708685547 0
      vertex 18.25 54.43301270189222 0
      vertex 18.25 53.56698729810778 0
    endloop
  endfacet
  facet normal 0 0 -1
    outer loop
      vertex 18.25 53.56698729810778 0
      vertex 18.353553390593273 54.35355339059328 0
      vertex 18.353553390593273 53.64644660940672 0
    endloop
  endfacet
  facet normal 0 0 -1
    outer loop
      vertex 18.353553390593273 53.64644660940672 0
      vertex 18.43301270189222 54.25 0
      vertex 18.43301270189222 53.75 0
    endloop
  endfacet
  facet normal 0 0 -1
    outer loop
      vertex 18.43301270189222 53.75 0
      vertex 18.482962913144533 54.12940952255126 0
      vertex 18.482962913144533 53.87059047744874 0
    endloop
  endfacet
  facet normal 0 0 -1
    outer loop
      vertex 18 53.5 0
      vertex 18 54.5 0
      vertex 18.12940952255126 54.48296291314453 0
    endloop
  endfacet
  facet normal 0 0 -1
    outer loop
      vertex 18.12940952255126 53.51703708685547 0
      vertex 18.12940952255126 54.48296291314453 0
      vertex 18.25 54.43301270189222 0
    endloop
  endfacet
  facet normal 0 0 -1
    outer loop
      vertex 18.25 53.56698729810778 0
      vertex 18.25 54.43301270189222 0
      vertex 18.353553390593273 54.35355339059328 0
    endloop
  endfacet
  facet normal 0 0 -1
    outer loop
      vertex 18.353553390593273 53.64644660940672 0
      vertex 18.353553390593273 54.35355339059328 0
      vertex 18.43301270189222 54.25 0
    endloop
  endfacet
  facet normal 0 0 -1
    outer loop
      vertex 18.43301270189222 53.75 0
      vertex 18.43301270189222 54.25 0
      vertex 18.482962913144533 54.12940952255126 0
    endloop
  endfacet
  facet normal 0 0 -1
    outer loop
      vertex 18.482962913144533 53.87059047744874 0
      vertex 18.482962913144533 54.12940952255126 0
      vertex 18.5 54 0
    endloop
  endfacet
  facet normal -0.7930352309413029 -0.6085173351193869 0.028315637818598284
    outer loop
      vertex 17.646446609406727 53.64644660940672 0
      vertex 17.71715728752538 53.71715728752538 3.5
      vertex 17.56698729810778 53.75 0
    endloop
  endfacet
  facet normal -0.9235090863272526 -0.3825299885315253 0.02831563781859727
    outer loop
      vertex 17.517037086855467 53.87059047744874 0
      vertex 17.56698729810778 53.75 0
      vertex 17.653589838486223 53.8 3.5
    endloop
  endfacet
  facet normal -0.9910473236509201 -0.13047385538595357 0.02831563781859727
    outer loop
      vertex 17.517037086855467 53.87059047744874 0
      vertex 17.61362966948437 53.89647238195899 3.5
      vertex 17.5 54 0
    endloop
  endfacet
  facet normal -0.38252998853153897 -0.923509086327247 0.028315637818597715
    outer loop
      vertex 17.75 53.56698729810778 0
      vertex 17.87059047744874 53.51703708685547 0
      vertex 17.8 53.653589838486226 3.5
    endloop
  endfacet
  facet normal -0.6085173351193658 -0.7930352309413191 0.028315637818598374
    outer loop
      vertex 17.646446609406727 53.64644660940672 0
      vertex 17.75 53.56698729810778 0
      vertex 17.71715728752538 53.71715728752538 3.5
    endloop
  endfacet
  facet normal -0.9910473236509201 0.13047385538595357 0.02831563781859727
    outer loop
      vertex 17.5 54 0
      vertex 17.61362966948437 54.10352761804101 3.5
      vertex 17.517037086855467 54.12940952255126 0
    endloop
  endfacet
  facet normal -0.9235090863272526 0.3825299885315253 0.02831563781859727
    outer loop
      vertex 17.517037086855467 54.12940952255126 0
      vertex 17.653589838486223 54.2 3.5
      vertex 17.56698729810778 54.25 0
    endloop
  endfacet
  facet normal -0.7930352309413029 0.6085173351193869 0.028315637818598284
    outer loop
      vertex 17.56698729810778 54.25 0
      vertex 17.71715728752538 54.28284271247462 3.5
      vertex 17.646446609406727 54.35355339059328 0
    endloop
  endfacet
  facet normal -0.6085173351193658 0.7930352309413191 0.028315637818598374
    outer loop
      vertex 17.646446609406727 54.35355339059328 0
      vertex 17.71715728752538 54.28284271247462 3.5
      vertex 17.75 54.43301270189222 0
    endloop
  endfacet
  facet normal -0.38252998853153897 0.923509086327247 0.028315637818597715
    outer loop
      vertex 17.75 54.43301270189222 0
      vertex 17.8 54.346410161513774 3.5
      vertex 17.87059047744874 54.48296291314453 0
    endloop
  endfacet
  facet normal -0.1304738553859571 -0.9910473236509195 0.028315637818598107
    outer loop
      vertex 17.87059047744874 53.51703708685547 0
      vertex 18 53.5 0
      vertex 18 53.6 3.5
    endloop
  endfacet
  facet normal 0.1304738553859571 -0.9910473236509195 0.028315637818598156
    outer loop
      vertex 18 53.5 0
      vertex 18.12940952255126 53.51703708685547 0
      vertex 18.103527618041007 53.613629669484375 3.5
    endloop
  endfacet
  facet normal 0.38252998853153897 -0.923509086327247 0.028315637818597715
    outer loop
      vertex 18.12940952255126 53.51703708685547 0
      vertex 18.25 53.56698729810778 0
      vertex 18.2 53.653589838486226 3.5
    endloop
  endfacet
  facet normal 0.6085173351193658 -0.7930352309413191 0.028315637818598374
    outer loop
      vertex 18.25 53.56698729810778 0
      vertex 18.353553390593273 53.64644660940672 0
      vertex 18.28284271247462 53.71715728752538 3.5
    endloop
  endfacet
  facet normal 0.7930352309413029 -0.6085173351193869 0.028315637818598284
    outer loop
      vertex 18.353553390593273 53.64644660940672 0
      vertex 18.43301270189222 53.75 0
      vertex 18.28284271247462 53.71715728752538 3.5
    endloop
  endfacet
  facet normal 0.9235090863272526 -0.3825299885315253 0.02831563781859727
    outer loop
      vertex 18.43301270189222 53.75 0
      vertex 18.482962913144533 53.87059047744874 0
      vertex 18.346410161513777 53.8 3.5
    endloop
  endfacet
  facet normal 0.9910473236509201 -0.13047385538595357 0.02831563781859727
    outer loop
      vertex 18.482962913144533 53.87059047744874 0
      vertex 18.5 54 0
      vertex 18.38637033051563 53.89647238195899 3.5
    endloop
  endfacet
  facet normal 0.6085173351193658 0.7930352309413191 0.028315637818598374
    outer loop
      vertex 18.353553390593273 54.35355339059328 0
      vertex 18.25 54.43301270189222 0
      vertex 18.28284271247462 54.28284271247462 3.5
    endloop
  endfacet
  facet normal -0.1304738553859571 0.9910473236509195 0.028315637818598156
    outer loop
      vertex 17.87059047744874 54.48296291314453 0
      vertex 17.896472381958993 54.386370330515625 3.5
      vertex 18 54.5 0
    endloop
  endfacet
  facet normal 0.1304738553859571 0.9910473236509195 0.028315637818598104
    outer loop
      vertex 18 54.5 0
      vertex 18 54.4 3.5
      vertex 18.12940952255126 54.48296291314453 0
    endloop
  endfacet
  facet normal 0.38252998853153897 0.923509086327247 0.028315637818597715
    outer loop
      vertex 18.12940952255126 54.48296291314453 0
      vertex 18.2 54.346410161513774 3.5
      vertex 18.25 54.43301270189222 0
    endloop
  endfacet
  facet normal 0.99104732365092 0.13047385538595355 0.028315637818598114
    outer loop
      vertex 18.5 54 0
      vertex 18.482962913144533 54.12940952255126 0
      vertex 18.4 54 3.5
    endloop
  endfacet
  facet normal 0.9235090863272526 0.3825299885315253 0.02831563781859727
    outer loop
      vertex 18.482962913144533 54.12940952255126 0
      vertex 18.43301270189222 54.25 0
      vertex 18.346410161513777 54.2 3.5
    endloop
  endfacet
  facet normal 0.7930352309413029 0.6085173351193869 0.028315637818598284
    outer loop
      vertex 18.353553390593273 54.35355339059328 0
      vertex 18.28284271247462 54.28284271247462 3.5
      vertex 18.43301270189222 54.25 0
    endloop
  endfacet
  facet normal -0.9235090863272579 -0.38252998853151293 0.028315637818597722
    outer loop
      vertex 17.517037086855467 53.87059047744874 0
      vertex 17.653589838486223 53.8 3.5
      vertex 17.61362966948437 53.89647238195899 3.5
    endloop
  endfacet
  facet normal -0.7930352309412795 -0.6085173351194175 0.028315637818596993
    outer loop
      vertex 17.56698729810778 53.75 0
      vertex 17.71715728752538 53.71715728752538 3.5
      vertex 17.653589838486223 53.8 3.5
    endloop
  endfacet
  facet normal -0.6085173351193797 -0.7930352309413086 0.02831563781859779
    outer loop
      vertex 17.75 53.56698729810778 0
      vertex 17.8 53.653589838486226 3.5
      vertex 17.71715728752538 53.71715728752538 3.5
    endloop
  endfacet
  facet normal -0.38252998853152487 -0.9235090863272528 0.028315637818598218
    outer loop
      vertex 17.87059047744874 53.51703708685547 0
      vertex 17.896472381958993 53.613629669484375 3.5
      vertex 17.8 53.653589838486226 3.5
    endloop
  endfacet
  facet normal -0.9910473236509237 -0.13047385538592543 0.02831563781859822
    outer loop
      vertex 17.61362966948437 53.89647238195899 3.5
      vertex 17.6 54 3.5
      vertex 17.5 54 0
    endloop
  endfacet
  facet normal -0.9910473236509237 0.13047385538592543 0.02831563781859822
    outer loop
      vertex 17.5 54 0
      vertex 17.6 54 3.5
      vertex 17.61362966948437 54.10352761804101 3.5
    endloop
  endfacet
  facet normal -0.9235090863272579 0.38252998853151293 0.028315637818597722
    outer loop
      vertex 17.517037086855467 54.12940952255126 0
      vertex 17.61362966948437 54.10352761804101 3.5
      vertex 17.653589838486223 54.2 3.5
    endloop
  endfacet
  facet normal -0.7930352309412795 0.6085173351194175 0.028315637818596993
    outer loop
      vertex 17.56698729810778 54.25 0
      vertex 17.653589838486223 54.2 3.5
      vertex 17.71715728752538 54.28284271247462 3.5
    endloop
  endfacet
  facet normal -0.6085173351193797 0.7930352309413086 0.02831563781859779
    outer loop
      vertex 17.75 54.43301270189222 0
      vertex 17.71715728752538 54.28284271247462 3.5
      vertex 17.8 54.346410161513774 3.5
    endloop
  endfacet
  facet normal -0.38252998853152487 0.9235090863272528 0.028315637818598218
    outer loop
      vertex 17.87059047744874 54.48296291314453 0
      vertex 17.8 54.346410161513774 3.5
      vertex 17.896472381958993 54.386370330515625 3.5
    endloop
  endfacet
  facet normal -0.13047385538595885 -0.9910473236509192 0.02831563781859816
    outer loop
      vertex 17.87059047744874 53.51703708685547 0
      vertex 18 53.6 3.5
      vertex 17.896472381958993 53.613629669484375 3.5
    endloop
  endfacet
  facet normal 0.13047385538595885 -0.9910473236509192 0.028315637818598093
    outer loop
      vertex 18 53.5 0
      vertex 18.103527618041007 53.613629669484375 3.5
      vertex 18 53.6 3.5
    endloop
  endfacet
  facet normal 0.38252998853152487 -0.9235090863272528 0.028315637818598218
    outer loop
      vertex 18.12940952255126 53.51703708685547 0
      vertex 18.2 53.653589838486226 3.5
      vertex 18.103527618041007 53.613629669484375 3.5
    endloop
  endfacet
  facet normal 0.6085173351193797 -0.7930352309413086 0.02831563781859779
    outer loop
      vertex 18.25 53.56698729810778 0
      vertex 18.28284271247462 53.71715728752538 3.5
      vertex 18.2 53.653589838486226 3.5
    endloop
  endfacet
  facet normal 0.7930352309412795 -0.6085173351194175 0.028315637818596993
    outer loop
      vertex 18.43301270189222 53.75 0
      vertex 18.346410161513777 53.8 3.5
      vertex 18.28284271247462 53.71715728752538 3.5
    endloop
  endfacet
  facet normal 0.9235090863272579 -0.38252998853151293 0.028315637818597722
    outer loop
      vertex 18.482962913144533 53.87059047744874 0
      vertex 18.38637033051563 53.89647238195899 3.5
      vertex 18.346410161513777 53.8 3.5
    endloop
  endfacet
  facet normal 0.6085173351193797 0.7930352309413086 0.02831563781859779
    outer loop
      vertex 18.25 54.43301270189222 0
      vertex 18.2 54.346410161513774 3.5
      vertex 18.28284271247462 54.28284271247462 3.5
    endloop
  endfacet
  facet normal -0.13047385538595885 0.9910473236509192 0.028315637818598093
    outer loop
      vertex 17.896472381958993 54.386370330515625 3.5
      vertex 18 54.4 3.5
      vertex 18 54.5 0
    endloop
  endfacet
  facet normal 0.13047385538595885 0.9910473236509192 0.02831563781859816
    outer loop
      vertex 18.12940952255126 54.48296291314453 0
      vertex 18 54.4 3.5
      vertex 18.103527618041007 54.386370330515625 3.5
    endloop
  endfacet
  facet normal 0.38252998853152487 0.9235090863272528 0.028315637818598218
    outer loop
      vertex 18.12940952255126 54.48296291314453 0
      vertex 18.103527618041007 54.386370330515625 3.5
      vertex 18.2 54.346410161513774 3.5
    endloop
  endfacet
  facet normal 0.9910473236509237 -0.13047385538592543 0.02831563781859822
    outer loop
      vertex 18.38637033051563 53.89647238195899 3.5
      vertex 18.5 54 0
      vertex 18.4 54 3.5
    endloop
  endfacet
  facet normal 0.9235090863272579 0.38252998853151293 0.028315637818597722
    outer loop
      vertex 18.482962913144533 54.12940952255126 0
      vertex 18.346410161513777 54.2 3.5
      vertex 18.38637033051563 54.10352761804101 3.5
    endloop
  endfacet
  facet normal 0.9910473236509237 0.13047385538592543 0.028315637818597167
    outer loop
      vertex 18.482962913144533 54.12940952255126 0
      vertex 18.38637033051563 54.10352761804101 3.5
      vertex 18.4 54 3.5
    endloop
  endfacet
  facet normal 0.7930352309412795 0.6085173351194175 0.028315637818596993
    outer loop
      vertex 18.43301270189222 54.25 0
      vertex 18.28284271247462 54.28284271247462 3.5
      vertex 18.346410161513777 54.2 3.5
    endloop
  endfacet
  facet normal 0 0 1
    outer loop
      vertex 17.71715728752538 53.71715728752538 3.5
      vertex 17.653589838486223 54.2 3.5
      vertex 17.653589838486223 53.8 3.5
    endloop
  endfacet
  facet normal 0 0 1
    outer loop
      vertex 17.61362966948437 53.89647238195899 3.5
      vertex 17.653589838486223 53.8 3.5
      vertex 17.61362966948437 54.10352761804101 3.5
    endloop
  endfacet
  facet normal 0 0 1
    outer loop
      vertex 17.8 53.653589838486226 3.5
      vertex 17.896472381958993 53.613629669484375 3.5
      vertex 17.86375 53.76400807746874 3.5
    endloop
  endfacet
  facet normal 0 0 1
    outer loop
      vertex 17.896472381958993 53.613629669484375 3.5
      vertex 17.929471810209563 53.73678521233623 3.5
      vertex 17.86375 53.76400807746874 3.5
    endloop
  endfacet
  facet normal 0 0 1
    outer loop
      vertex 17.71715728752538 53.71715728752538 3.5
      vertex 17.8 53.653589838486226 3.5
      vertex 17.76400807746874 53.86375 3.5
    endloop
  endfacet
  facet normal 0 0 1
    outer loop
      vertex 17.8 53.653589838486226 3.5
      vertex 17.807313402126667 53.80731340212667 3.5
      vertex 17.76400807746874 53.86375 3.5
    endloop
  endfacet
  facet normal 0 0 1
    outer loop
      vertex 17.71715728752538 53.71715728752538 3.5
      vertex 17.76400807746874 53.86375 3.5
      vertex 17.73678521233623 53.92947181020956 3.5
    endloop
  endfacet
  facet normal 0 0 1
    outer loop
      vertex 17.71715728752538 53.71715728752538 3.5
      vertex 17.73678521233623 53.92947181020956 3.5
      vertex 17.7275 54 3.5
    endloop
  endfacet
  facet normal 0 0 1
    outer loop
      vertex 17.8 53.653589838486226 3.5
      vertex 17.86375 53.76400807746874 3.5
      vertex 17.807313402126667 53.80731340212667 3.5
    endloop
  endfacet
  facet normal 0 0 1
    outer loop
      vertex 17.61362966948437 53.89647238195899 3.5
      vertex 17.61362966948437 54.10352761804101 3.5
      vertex 17.6 54 3.5
    endloop
  endfacet
  facet normal 0 0 1
    outer loop
      vertex 17.653589838486223 53.8 3.5
      vertex 17.653589838486223 54.2 3.5
      vertex 17.61362966948437 54.10352761804101 3.5
    endloop
  endfacet
  facet normal 0 0 1
    outer loop
      vertex 17.71715728752538 53.71715728752538 3.5
      vertex 17.71715728752538 54.28284271247462 3.5
      vertex 17.653589838486223 54.2 3.5
    endloop
  endfacet
  facet normal 0 0 1
    outer loop
      vertex 17.71715728752538 53.71715728752538 3.5
      vertex 17.7275 54 3.5
      vertex 17.71715728752538 54.28284271247462 3.5
    endloop
  endfacet
  facet normal 0 0 1
    outer loop
      vertex 17.71715728752538 54.28284271247462 3.5
      vertex 17.7275 54 3.5
      vertex 17.73678521233623 54.07052818979044 3.5
    endloop
  endfacet
  facet normal 0 0 1
    outer loop
      vertex 17.71715728752538 54.28284271247462 3.5
      vertex 17.73678521233623 54.07052818979044 3.5
      vertex 17.76400807746874 54.13625 3.5
    endloop
  endfacet
  facet normal 0 0 1
    outer loop
      vertex 17.71715728752538 54.28284271247462 3.5
      vertex 17.76400807746874 54.13625 3.5
      vertex 17.807313402126667 54.19268659787333 3.5
    endloop
  endfacet
  facet normal 0 0 1
    outer loop
      vertex 17.71715728752538 54.28284271247462 3.5
      vertex 17.807313402126667 54.19268659787333 3.5
      vertex 17.8 54.346410161513774 3.5
    endloop
  endfacet
  facet normal 0 0 1
    outer loop
      vertex 17.8 54.346410161513774 3.5
      vertex 17.807313402126667 54.19268659787333 3.5
      vertex 17.86375 54.23599192253126 3.5
    endloop
  endfacet
  facet normal 0 0 1
    outer loop
      vertex 17.8 54.346410161513774 3.5
      vertex 17.86375 54.23599192253126 3.5
      vertex 17.929471810209563 54.26321478766377 3.5
    endloop
  endfacet
  facet normal 0 0 1
    outer loop
      vertex 17.8 54.346410161513774 3.5
      vertex 17.929471810209563 54.26321478766377 3.5
      vertex 17.896472381958993 54.386370330515625 3.5
    endloop
  endfacet
  facet normal 0 0 1
    outer loop
      vertex 17.896472381958993 53.613629669484375 3.5
      vertex 18 53.6 3.5
      vertex 17.929471810209563 53.73678521233623 3.5
    endloop
  endfacet
  facet normal 0 0 1
    outer loop
      vertex 18 53.6 3.5
      vertex 18 53.7275 3.5
      vertex 17.929471810209563 53.73678521233623 3.5
    endloop
  endfacet
  facet normal 0 0 1
    outer loop
      vertex 18 53.6 3.5
      vertex 18.103527618041007 53.613629669484375 3.5
      vertex 18 53.7275 3.5
    endloop
  endfacet
  facet normal 0 0 1
    outer loop
      vertex 18.103527618041007 53.613629669484375 3.5
      vertex 18.2 53.653589838486226 3.5
      vertex 18.070528189790437 53.73678521233623 3.5
    endloop
  endfacet
  facet normal 0 0 1
    outer loop
      vertex 18.103527618041007 53.613629669484375 3.5
      vertex 18.070528189790437 53.73678521233623 3.5
      vertex 18 53.7275 3.5
    endloop
  endfacet
  facet normal 0 0 1
    outer loop
      vertex 18.2 53.653589838486226 3.5
      vertex 18.13625 53.76400807746874 3.5
      vertex 18.070528189790437 53.73678521233623 3.5
    endloop
  endfacet
  facet normal 0 0 1
    outer loop
      vertex 18.2 53.653589838486226 3.5
      vertex 18.192686597873333 53.80731340212667 3.5
      vertex 18.13625 53.76400807746874 3.5
    endloop
  endfacet
  facet normal 0 0 1
    outer loop
      vertex 18.2 53.653589838486226 3.5
      vertex 18.28284271247462 53.71715728752538 3.5
      vertex 18.192686597873333 53.80731340212667 3.5
    endloop
  endfacet
  facet normal 0 0 1
    outer loop
      vertex 18.28284271247462 53.71715728752538 3.5
      vertex 18.23599192253126 53.86375 3.5
      vertex 18.192686597873333 53.80731340212667 3.5
    endloop
  endfacet
  facet normal 0 0 1
    outer loop
      vertex 18.28284271247462 53.71715728752538 3.5
      vertex 18.26321478766377 53.92947181020956 3.5
      vertex 18.23599192253126 53.86375 3.5
    endloop
  endfacet
  facet normal 0 0 1
    outer loop
      vertex 18.28284271247462 53.71715728752538 3.5
      vertex 18.2725 54 3.5
      vertex 18.26321478766377 53.92947181020956 3.5
    endloop
  endfacet
  facet normal 0 0 1
    outer loop
      vertex 18.28284271247462 53.71715728752538 3.5
      vertex 18.346410161513777 53.8 3.5
      vertex 18.28284271247462 54.28284271247462 3.5
    endloop
  endfacet
  facet normal 0 0 1
    outer loop
      vertex 17.896472381958993 54.386370330515625 3.5
      vertex 17.929471810209563 54.26321478766377 3.5
      vertex 18 54.2725 3.5
    endloop
  endfacet
  facet normal 0 0 1
    outer loop
      vertex 17.896472381958993 54.386370330515625 3.5
      vertex 18 54.2725 3.5
      vertex 18 54.4 3.5
    endloop
  endfacet
  facet normal 0 0 1
    outer loop
      vertex 18 54.4 3.5
      vertex 18 54.2725 3.5
      vertex 18.070528189790437 54.26321478766377 3.5
    endloop
  endfacet
  facet normal 0 0 1
    outer loop
      vertex 18.103527618041007 54.386370330515625 3.5
      vertex 18.070528189790437 54.26321478766377 3.5
      vertex 18.13625 54.23599192253126 3.5
    endloop
  endfacet
  facet normal 0 0 1
    outer loop
      vertex 18 54.4 3.5
      vertex 18.070528189790437 54.26321478766377 3.5
      vertex 18.103527618041007 54.386370330515625 3.5
    endloop
  endfacet
  facet normal 0 0 1
    outer loop
      vertex 18.28284271247462 53.71715728752538 3.5
      vertex 18.28284271247462 54.28284271247462 3.5
      vertex 18.2725 54 3.5
    endloop
  endfacet
  facet normal 0 0 1
    outer loop
      vertex 18.28284271247462 54.28284271247462 3.5
      vertex 18.26321478766377 54.07052818979044 3.5
      vertex 18.2725 54 3.5
    endloop
  endfacet
  facet normal 0 0 1
    outer loop
      vertex 18.28284271247462 54.28284271247462 3.5
      vertex 18.23599192253126 54.13625 3.5
      vertex 18.26321478766377 54.07052818979044 3.5
    endloop
  endfacet
  facet normal 0 0 1
    outer loop
      vertex 18.346410161513777 53.8 3.5
      vertex 18.346410161513777 54.2 3.5
      vertex 18.28284271247462 54.28284271247462 3.5
    endloop
  endfacet
  facet normal 0 0 1
    outer loop
      vertex 18.2 54.346410161513774 3.5
      vertex 18.192686597873333 54.19268659787333 3.5
      vertex 18.23599192253126 54.13625 3.5
    endloop
  endfacet
  facet normal 0 0 1
    outer loop
      vertex 18.2 54.346410161513774 3.5
      vertex 18.13625 54.23599192253126 3.5
      vertex 18.192686597873333 54.19268659787333 3.5
    endloop
  endfacet
  facet normal 0 0 1
    outer loop
      vertex 18.103527618041007 54.386370330515625 3.5
      vertex 18.13625 54.23599192253126 3.5
      vertex 18.2 54.346410161513774 3.5
    endloop
  endfacet
  facet normal 0 0 1
    outer loop
      vertex 18.2 54.346410161513774 3.5
      vertex 18.23599192253126 54.13625 3.5
      vertex 18.28284271247462 54.28284271247462 3.5
    endloop
  endfacet
  facet normal 0 0 1
    outer loop
      vertex 18.346410161513777 53.8 3.5
      vertex 18.38637033051563 53.89647238195899 3.5
      vertex 18.346410161513777 54.2 3.5
    endloop
  endfacet
  facet normal 0 0 1
    outer loop
      vertex 18.38637033051563 53.89647238195899 3.5
      vertex 18.4 54 3.5
      vertex 18.38637033051563 54.10352761804101 3.5
    endloop
  endfacet
  facet normal 0 0 1
    outer loop
      vertex 18.38637033051563 53.89647238195899 3.5
      vertex 18.38637033051563 54.10352761804101 3.5
      vertex 18.346410161513777 54.2 3.5
    endloop
  endfacet
  facet normal -0.9189916973962212 -0.12098755222431624 -0.3752549431034595
    outer loop
      vertex 15.488592851648422 53.32707048273345 9.2
      vertex 17.7275 54 3.5
      vertex 17.73678521233623 53.92947181020956 3.5
    endloop
  endfacet
  facet normal -0.9189916973962221 0.12098755222431641 -0.37525494310345725
    outer loop
      vertex 15.4 54 9.2
      vertex 17.73678521233623 54.07052818979044 3.5
      vertex 17.7275 54 3.5
    endloop
  endfacet
  facet normal -0.8563639319242536 0.35471755493019064 -0.37525494310345797
    outer loop
      vertex 15.488592851648422 54.67292951726655 9.2
      vertex 17.76400807746874 54.13625 3.5
      vertex 17.73678521233623 54.07052818979044 3.5
    endloop
  endfacet
  facet normal -0.3547175549301323 -0.8563639319242762 -0.3752549431034615
    outer loop
      vertex 17.327070482733447 51.48859285164842 9.2
      vertex 17.86375 53.76400807746874 3.5
      vertex 17.929471810209563 53.73678521233623 3.5
    endloop
  endfacet
  facet normal -0.12098755222431237 -0.9189916973962224 -0.37525494310345764
    outer loop
      vertex 18 51.4 9.2
      vertex 17.929471810209563 53.73678521233623 3.5
      vertex 18 53.7275 3.5
    endloop
  endfacet
  facet normal 0.1209875522243162 -0.918991697396221 -0.3752549431034599
    outer loop
      vertex 18.672929517266553 51.48859285164842 9.2
      vertex 18 53.7275 3.5
      vertex 18.070528189790437 53.73678521233623 3.5
    endloop
  endfacet
  facet normal -0.8563639319242529 -0.3547175549301907 -0.3752549431034596
    outer loop
      vertex 15.74833395016046 52.7 9.2
      vertex 17.73678521233623 53.92947181020956 3.5
      vertex 17.76400807746874 53.86375 3.5
    endloop
  endfacet
  facet normal -0.7353763796999739 -0.5642741424660358 -0.3752549431034584
    outer loop
      vertex 15.74833395016046 52.7 9.2
      vertex 17.76400807746874 53.86375 3.5
      vertex 17.807313402126667 53.80731340212667 3.5
    endloop
  endfacet
  facet normal -0.5642741424660869 -0.7353763796999356 -0.3752549431034566
    outer loop
      vertex 16.7 51.74833395016046 9.2
      vertex 17.807313402126667 53.80731340212667 3.5
      vertex 17.86375 53.76400807746874 3.5
    endloop
  endfacet
  facet normal -0.7353763796999739 0.5642741424660358 -0.3752549431034584
    outer loop
      vertex 15.74833395016046 55.3 9.2
      vertex 17.807313402126667 54.19268659787333 3.5
      vertex 17.76400807746874 54.13625 3.5
    endloop
  endfacet
  facet normal 0.3547175549301365 -0.8563639319242766 -0.37525494310345664
    outer loop
      vertex 19.3 51.74833395016046 9.2
      vertex 18.070528189790437 53.73678521233623 3.5
      vertex 18.13625 53.76400807746874 3.5
    endloop
  endfacet
  facet normal 0.5642741424660869 -0.7353763796999356 -0.3752549431034566
    outer loop
      vertex 19.3 51.74833395016046 9.2
      vertex 18.13625 53.76400807746874 3.5
      vertex 18.192686597873333 53.80731340212667 3.5
    endloop
  endfacet
  facet normal -0.5642741424660869 0.7353763796999356 -0.3752549431034566
    outer loop
      vertex 16.7 56.25166604983954 9.2
      vertex 17.86375 54.23599192253126 3.5
      vertex 17.807313402126667 54.19268659787333 3.5
    endloop
  endfacet
  facet normal -0.3547175549301365 0.8563639319242766 -0.37525494310345664
    outer loop
      vertex 16.7 56.25166604983954 9.2
      vertex 17.929471810209563 54.26321478766377 3.5
      vertex 17.86375 54.23599192253126 3.5
    endloop
  endfacet
  facet normal -0.1209875522243162 0.918991697396221 -0.3752549431034599
    outer loop
      vertex 17.327070482733447 56.51140714835158 9.2
      vertex 18 54.2725 3.5
      vertex 17.929471810209563 54.26321478766377 3.5
    endloop
  endfacet
  facet normal 0.12098755222431237 0.9189916973962224 -0.37525494310345764
    outer loop
      vertex 18 56.6 9.2
      vertex 18.070528189790437 54.26321478766377 3.5
      vertex 18 54.2725 3.5
    endloop
  endfacet
  facet normal 0.3547175549301323 0.8563639319242762 -0.3752549431034615
    outer loop
      vertex 18.672929517266553 56.51140714835158 9.2
      vertex 18.13625 54.23599192253126 3.5
      vertex 18.070528189790437 54.26321478766377 3.5
    endloop
  endfacet
  facet normal 0.5642741424660869 0.7353763796999356 -0.3752549431034566
    outer loop
      vertex 19.3 56.25166604983954 9.2
      vertex 18.192686597873333 54.19268659787333 3.5
      vertex 18.13625 54.23599192253126 3.5
    endloop
  endfacet
  facet normal 0.7353763796999739 -0.5642741424660358 -0.3752549431034584
    outer loop
      vertex 20.25166604983954 52.7 9.2
      vertex 18.192686597873333 53.80731340212667 3.5
      vertex 18.23599192253126 53.86375 3.5
    endloop
  endfacet
  facet normal 0.8563639319242536 -0.35471755493019064 -0.37525494310345797
    outer loop
      vertex 20.511407148351577 53.32707048273345 9.2
      vertex 18.23599192253126 53.86375 3.5
      vertex 18.26321478766377 53.92947181020956 3.5
    endloop
  endfacet
  facet normal 0.9189916973962224 -0.12098755222431237 -0.37525494310345764
    outer loop
      vertex 20.6 54 9.2
      vertex 18.26321478766377 53.92947181020956 3.5
      vertex 18.2725 54 3.5
    endloop
  endfacet
  facet normal 0.9189916973962218 0.12098755222431223 -0.3752549431034592
    outer loop
      vertex 20.511407148351577 54.67292951726655 9.2
      vertex 18.2725 54 3.5
      vertex 18.26321478766377 54.07052818979044 3.5
    endloop
  endfacet
  facet normal 0.7353763796999739 0.5642741424660358 -0.3752549431034584
    outer loop
      vertex 20.25166604983954 55.3 9.2
      vertex 18.23599192253126 54.13625 3.5
      vertex 18.192686597873333 54.19268659787333 3.5
    endloop
  endfacet
  facet normal 0.8563639319242529 0.3547175549301907 -0.3752549431034596
    outer loop
      vertex 20.25166604983954 55.3 9.2
      vertex 18.26321478766377 54.07052818979044 3.5
      vertex 18.23599192253126 54.13625 3.5
    endloop
  endfacet
  facet normal -0.7353763796999684 -0.5642741424660427 -0.3752549431034587
    outer loop
      vertex 16.161522368914977 52.16152236891497 9.2
      vertex 15.74833395016046 52.7 9.2
      vertex 17.807313402126667 53.80731340212667 3.5
    endloop
  endfacet
  facet normal -0.5642741424660458 -0.7353763796999658 -0.3752549431034589
    outer loop
      vertex 16.161522368914977 52.16152236891497 9.2
      vertex 17.807313402126667 53.80731340212667 3.5
      vertex 16.7 51.74833395016046 9.2
    endloop
  endfacet
  facet normal -0.9189916973962249 -0.12098755222429194 -0.3752549431034583
    outer loop
      vertex 15.488592851648422 53.32707048273345 9.2
      vertex 15.4 54 9.2
      vertex 17.7275 54 3.5
    endloop
  endfacet
  facet normal -0.9189916973962249 0.12098755222429194 -0.3752549431034586
    outer loop
      vertex 15.4 54 9.2
      vertex 15.488592851648422 54.67292951726655 9.2
      vertex 17.73678521233623 54.07052818979044 3.5
    endloop
  endfacet
  facet normal -0.8563639319242581 -0.3547175549301794 -0.37525494310345847
    outer loop
      vertex 15.488592851648422 53.32707048273345 9.2
      vertex 17.73678521233623 53.92947181020956 3.5
      vertex 15.74833395016046 52.7 9.2
    endloop
  endfacet
  facet normal -0.8563639319242579 0.35471755493017937 -0.37525494310345864
    outer loop
      vertex 15.488592851648422 54.67292951726655 9.2
      vertex 15.74833395016046 55.3 9.2
      vertex 17.76400807746874 54.13625 3.5
    endloop
  endfacet
  facet normal -0.7353763796999684 0.5642741424660427 -0.3752549431034587
    outer loop
      vertex 15.74833395016046 55.3 9.2
      vertex 16.161522368914977 55.83847763108503 9.2
      vertex 17.807313402126667 54.19268659787333 3.5
    endloop
  endfacet
  facet normal -0.5642741424660458 0.7353763796999658 -0.3752549431034589
    outer loop
      vertex 16.161522368914977 55.83847763108503 9.2
      vertex 16.7 56.25166604983954 9.2
      vertex 17.807313402126667 54.19268659787333 3.5
    endloop
  endfacet
  facet normal -0.35471755493017776 -0.8563639319242589 -0.37525494310345836
    outer loop
      vertex 16.7 51.74833395016046 9.2
      vertex 17.86375 53.76400807746874 3.5
      vertex 17.327070482733447 51.48859285164842 9.2
    endloop
  endfacet
  facet normal -0.12098755222429192 -0.9189916973962247 -0.3752549431034588
    outer loop
      vertex 17.327070482733447 51.48859285164842 9.2
      vertex 17.929471810209563 53.73678521233623 3.5
      vertex 18 51.4 9.2
    endloop
  endfacet
  facet normal 0.12098755222429192 -0.9189916973962247 -0.3752549431034585
    outer loop
      vertex 18 51.4 9.2
      vertex 18 53.7275 3.5
      vertex 18.672929517266553 51.48859285164842 9.2
    endloop
  endfacet
  facet normal 0.3547175549301777 -0.8563639319242586 -0.3752549431034588
    outer loop
      vertex 18.672929517266553 51.48859285164842 9.2
      vertex 18.070528189790437 53.73678521233623 3.5
      vertex 19.3 51.74833395016046 9.2
    endloop
  endfacet
  facet normal 0.5642741424660458 -0.7353763796999658 -0.3752549431034589
    outer loop
      vertex 19.3 51.74833395016046 9.2
      vertex 18.192686597873333 53.80731340212667 3.5
      vertex 19.838477631085023 52.16152236891497 9.2
    endloop
  endfacet
  facet normal 0.7353763796999696 -0.5642741424660412 -0.37525494310345864
    outer loop
      vertex 19.838477631085023 52.16152236891497 9.2
      vertex 18.192686597873333 53.80731340212667 3.5
      vertex 20.25166604983954 52.7 9.2
    endloop
  endfacet
  facet normal -0.3547175549301777 0.8563639319242586 -0.3752549431034588
    outer loop
      vertex 16.7 56.25166604983954 9.2
      vertex 17.327070482733447 56.51140714835158 9.2
      vertex 17.929471810209563 54.26321478766377 3.5
    endloop
  endfacet
  facet normal -0.12098755222429192 0.9189916973962247 -0.3752549431034585
    outer loop
      vertex 17.327070482733447 56.51140714835158 9.2
      vertex 18 56.6 9.2
      vertex 18 54.2725 3.5
    endloop
  endfacet
  facet normal 0.35471755493017776 0.8563639319242589 -0.3752549431034583
    outer loop
      vertex 18.672929517266553 56.51140714835158 9.2
      vertex 19.3 56.25166604983954 9.2
      vertex 18.13625 54.23599192253126 3.5
    endloop
  endfacet
  facet normal 0.12098755222429192 0.9189916973962247 -0.37525494310345875
    outer loop
      vertex 18 56.6 9.2
      vertex 18.672929517266553 56.51140714835158 9.2
      vertex 18.070528189790437 54.26321478766377 3.5
    endloop
  endfacet
  facet normal 0.8563639319242581 -0.3547175549301794 -0.3752549431034584
    outer loop
      vertex 20.25166604983954 52.7 9.2
      vertex 18.23599192253126 53.86375 3.5
      vertex 20.511407148351577 53.32707048273345 9.2
    endloop
  endfacet
  facet normal 0.9189916973962241 -0.12098755222429672 -0.3752549431034585
    outer loop
      vertex 20.511407148351577 53.32707048273345 9.2
      vertex 18.26321478766377 53.92947181020956 3.5
      vertex 20.6 54 9.2
    endloop
  endfacet
  facet normal 0.9189916973962242 0.12098755222429673 -0.37525494310345836
    outer loop
      vertex 20.6 54 9.2
      vertex 18.2725 54 3.5
      vertex 20.511407148351577 54.67292951726655 9.2
    endloop
  endfacet
  facet normal 0.8563639319242581 0.3547175549301794 -0.3752549431034582
    outer loop
      vertex 20.511407148351577 54.67292951726655 9.2
      vertex 18.26321478766377 54.07052818979044 3.5
      vertex 20.25166604983954 55.3 9.2
    endloop
  endfacet
  facet normal 0.5642741424660458 0.7353763796999658 -0.3752549431034589
    outer loop
      vertex 19.838477631085023 55.83847763108503 9.2
      vertex 18.192686597873333 54.19268659787333 3.5
      vertex 19.3 56.25166604983954 9.2
    endloop
  endfacet
  facet normal 0.7353763796999696 0.5642741424660412 -0.37525494310345864
    outer loop
      vertex 19.838477631085023 55.83847763108503 9.2
      vertex 20.25166604983954 55.3 9.2
      vertex 18.192686597873333 54.19268659787333 3.5
    endloop
  endfacet
  facet normal 0 0 1
    outer loop
      vertex 15.488592851648422 53.32707048273345 9.2
      vertex 15.74833395016046 52.7 9.2
      vertex 15.488592851648422 54.67292951726655 9.2
    endloop
  endfacet
  facet normal 0 0 1
    outer loop
      vertex 16.161522368914977 52.16152236891497 9.2
      vertex 15.74833395016046 55.3 9.2
      vertex 15.74833395016046 52.7 9.2
    endloop
  endfacet
  facet normal 0 0 1
    outer loop
      vertex 15.488592851648422 53.32707048273345 9.2
      vertex 15.488592851648422 54.67292951726655 9.2
      vertex 15.4 54 9.2
    endloop
  endfacet
  facet normal 0 0 1
    outer loop
      vertex 15.74833395016046 52.7 9.2
      vertex 15.74833395016046 55.3 9.2
      vertex 15.488592851648422 54.67292951726655 9.2
    endloop
  endfacet
  facet normal 0 0 1
    outer loop
      vertex 16.161522368914977 52.16152236891497 9.2
      vertex 16.161522368914977 55.83847763108503 9.2
      vertex 15.74833395016046 55.3 9.2
    endloop
  endfacet
  facet normal 0 0 1
    outer loop
      vertex 16.161522368914977 52.16152236891497 9.2
      vertex 16.7 51.74833395016046 9.2
      vertex 16.161522368914977 55.83847763108503 9.2
    endloop
  endfacet
  facet normal 0 0 1
    outer loop
      vertex 16.7 51.74833395016046 9.2
      vertex 17.327070482733447 51.48859285164842 9.2
      vertex 16.7 56.25166604983954 9.2
    endloop
  endfacet
  facet normal 0 0 1
    outer loop
      vertex 16.7 51.74833395016046 9.2
      vertex 16.7 56.25166604983954 9.2
      vertex 16.161522368914977 55.83847763108503 9.2
    endloop
  endfacet
  facet normal 0 0 1
    outer loop
      vertex 17.327070482733447 51.48859285164842 9.2
      vertex 18 51.4 9.2
      vertex 17.327070482733447 56.51140714835158 9.2
    endloop
  endfacet
  facet normal 0 0 1
    outer loop
      vertex 17.327070482733447 51.48859285164842 9.2
      vertex 17.327070482733447 56.51140714835158 9.2
      vertex 16.7 56.25166604983954 9.2
    endloop
  endfacet
  facet normal 0 0 1
    outer loop
      vertex 18 51.4 9.2
      vertex 18.672929517266553 51.48859285164842 9.2
      vertex 18 56.6 9.2
    endloop
  endfacet
  facet normal 0 0 1
    outer loop
      vertex 17.327070482733447 56.51140714835158 9.2
      vertex 18 51.4 9.2
      vertex 18 56.6 9.2
    endloop
  endfacet
  facet normal 0 0 1
    outer loop
      vertex 18.672929517266553 51.48859285164842 9.2
      vertex 18.672929517266553 56.51140714835158 9.2
      vertex 18 56.6 9.2
    endloop
  endfacet
  facet normal 0 0 1
    outer loop
      vertex 18.672929517266553 51.48859285164842 9.2
      vertex 19.3 51.74833395016046 9.2
      vertex 18.672929517266553 56.51140714835158 9.2
    endloop
  endfacet
  facet normal 0 0 1
    outer loop
      vertex 19.3 51.74833395016046 9.2
      vertex 19.838477631085023 52.16152236891497 9.2
      vertex 19.3 56.25166604983954 9.2
    endloop
  endfacet
  facet normal 0 0 1
    outer loop
      vertex 19.838477631085023 52.16152236891497 9.2
      vertex 20.25166604983954 52.7 9.2
      vertex 19.838477631085023 55.83847763108503 9.2
    endloop
  endfacet
  facet normal 0 0 1
    outer loop
      vertex 20.25166604983954 52.7 9.2
      vertex 20.511407148351577 53.32707048273345 9.2
      vertex 20.25166604983954 55.3 9.2
    endloop
  endfacet
  facet normal 0 0 1
    outer loop
      vertex 19.838477631085023 52.16152236891497 9.2
      vertex 19.838477631085023 55.83847763108503 9.2
      vertex 19.3 56.25166604983954 9.2
    endloop
  endfacet
  facet normal 0 0 1
    outer loop
      vertex 20.25166604983954 52.7 9.2
      vertex 20.25166604983954 55.3 9.2
      vertex 19.838477631085023 55.83847763108503 9.2
    endloop
  endfacet
  facet normal 0 0 1
    outer loop
      vertex 20.511407148351577 53.32707048273345 9.2
      vertex 20.511407148351577 54.67292951726655 9.2
      vertex 20.25166604983954 55.3 9.2
    endloop
  endfacet
  facet normal 0 0 1
    outer loop
      vertex 19.3 51.74833395016046 9.2
      vertex 19.3 56.25166604983954 9.2
      vertex 18.672929517266553 56.51140714835158 9.2
    endloop
  endfacet
  facet normal 0 0 1
    outer loop
      vertex 20.511407148351577 53.32707048273345 9.2
      vertex 20.6 54 9.2
      vertex 20.511407148351577 54.67292951726655 9.2
    endloop
  endfacet
  facet normal 0 0 -1
    outer loop
      vertex -20.482962913144533 -54.12940952255126 0
      vertex -20.5 -54 0
      vertex -20.482962913144533 -53.87059047744874 0
    endloop
  endfacet
  facet normal 0 0 -1
    outer loop
      vertex -20.353553390593273 -54.35355339059328 0
      vertex -20.43301270189222 -54.25 0
      vertex -20.353553390593273 -53.64644660940672 0
    endloop
  endfacet
  facet normal 0 0 -1
    outer loop
      vertex -20.482962913144533 -54.12940952255126 0
      vertex -20.43301270189222 -53.75 0
      vertex -20.43301270189222 -54.25 0
    endloop
  endfacet
  facet normal 0 0 -1
    outer loop
      vertex -20.353553390593273 -54.35355339059328 0
      vertex -20.25 -53.56698729810778 0
      vertex -20.25 -54.43301270189222 0
    endloop
  endfacet
  facet normal 0 0 -1
    outer loop
      vertex -20.25 -54.43301270189222 0
      vertex -20.12940952255126 -53.51703708685547 0
      vertex -20.12940952255126 -54.48296291314453 0
    endloop
  endfacet
  facet normal 0 0 -1
    outer loop
      vertex -20.12940952255126 -54.48296291314453 0
      vertex -20 -53.5 0
      vertex -20 -54.5 0
    endloop
  endfacet
  facet normal 0 0 -1
    outer loop
      vertex -20 -54.5 0
      vertex -19.87059047744874 -53.51703708685547 0
      vertex -19.87059047744874 -54.48296291314453 0
    endloop
  endfacet
  facet normal 0 0 -1
    outer loop
      vertex -19.87059047744874 -54.48296291314453 0
      vertex -19.75 -53.56698729810778 0
      vertex -19.75 -54.43301270189222 0
    endloop
  endfacet
  facet normal 0 0 -1
    outer loop
      vertex -19.75 -54.43301270189222 0
      vertex -19.646446609406727 -53.64644660940672 0
      vertex -19.646446609406727 -54.35355339059328 0
    endloop
  endfacet
  facet normal 0 0 -1
    outer loop
      vertex -20.482962913144533 -54.12940952255126 0
      vertex -20.482962913144533 -53.87059047744874 0
      vertex -20.43301270189222 -53.75 0
    endloop
  endfacet
  facet normal 0 0 -1
    outer loop
      vertex -20.43301270189222 -54.25 0
      vertex -20.43301270189222 -53.75 0
      vertex -20.353553390593273 -53.64644660940672 0
    endloop
  endfacet
  facet normal 0 0 -1
    outer loop
      vertex -20.353553390593273 -54.35355339059328 0
      vertex -20.353553390593273 -53.64644660940672 0
      vertex -20.25 -53.56698729810778 0
    endloop
  endfacet
  facet normal 0 0 -1
    outer loop
      vertex -20.25 -54.43301270189222 0
      vertex -20.25 -53.56698729810778 0
      vertex -20.12940952255126 -53.51703708685547 0
    endloop
  endfacet
  facet normal 0 0 -1
    outer loop
      vertex -20.12940952255126 -54.48296291314453 0
      vertex -20.12940952255126 -53.51703708685547 0
      vertex -20 -53.5 0
    endloop
  endfacet
  facet normal 0 0 -1
    outer loop
      vertex -20 -54.5 0
      vertex -20 -53.5 0
      vertex -19.87059047744874 -53.51703708685547 0
    endloop
  endfacet
  facet normal 0 0 -1
    outer loop
      vertex -19.87059047744874 -54.48296291314453 0
      vertex -19.87059047744874 -53.51703708685547 0
      vertex -19.75 -53.56698729810778 0
    endloop
  endfacet
  facet normal 0 0 -1
    outer loop
      vertex -19.75 -54.43301270189222 0
      vertex -19.75 -53.56698729810778 0
      vertex -19.646446609406727 -53.64644660940672 0
    endloop
  endfacet
  facet normal 0 0 -1
    outer loop
      vertex -19.646446609406727 -54.35355339059328 0
      vertex -19.56698729810778 -53.75 0
      vertex -19.56698729810778 -54.25 0
    endloop
  endfacet
  facet normal 0 0 -1
    outer loop
      vertex -19.56698729810778 -54.25 0
      vertex -19.517037086855467 -53.87059047744874 0
      vertex -19.517037086855467 -54.12940952255126 0
    endloop
  endfacet
  facet normal 0 0 -1
    outer loop
      vertex -19.56698729810778 -54.25 0
      vertex -19.56698729810778 -53.75 0
      vertex -19.517037086855467 -53.87059047744874 0
    endloop
  endfacet
  facet normal 0 0 -1
    outer loop
      vertex -19.517037086855467 -54.12940952255126 0
      vertex -19.517037086855467 -53.87059047744874 0
      vertex -19.5 -54 0
    endloop
  endfacet
  facet normal 0 0 -1
    outer loop
      vertex -19.646446609406727 -54.35355339059328 0
      vertex -19.646446609406727 -53.64644660940672 0
      vertex -19.56698729810778 -53.75 0
    endloop
  endfacet
  facet normal -0.38252998853153897 -0.923509086327247 0.028315637818597715
    outer loop
      vertex -20.25 -54.43301270189222 0
      vertex -20.12940952255126 -54.48296291314453 0
      vertex -20.2 -54.346410161513774 3.5
    endloop
  endfacet
  facet normal -0.9235090863272526 -0.3825299885315253 0.02831563781859727
    outer loop
      vertex -20.482962913144533 -54.12940952255126 0
      vertex -20.43301270189222 -54.25 0
      vertex -20.346410161513777 -54.2 3.5
    endloop
  endfacet
  facet normal -0.7930352309413029 -0.6085173351193869 0.028315637818598284
    outer loop
      vertex -20.353553390593273 -54.35355339059328 0
      vertex -20.28284271247462 -54.28284271247462 3.5
      vertex -20.43301270189222 -54.25 0
    endloop
  endfacet
  facet normal -0.6085173351193658 -0.7930352309413191 0.028315637818598374
    outer loop
      vertex -20.353553390593273 -54.35355339059328 0
      vertex -20.25 -54.43301270189222 0
      vertex -20.28284271247462 -54.28284271247462 3.5
    endloop
  endfacet
  facet normal -0.9910473236509201 -0.13047385538595357 0.02831563781859727
    outer loop
      vertex -20.482962913144533 -54.12940952255126 0
      vertex -20.38637033051563 -54.10352761804101 3.5
      vertex -20.5 -54 0
    endloop
  endfacet
  facet normal -0.1304738553859571 -0.9910473236509195 0.028315637818598107
    outer loop
      vertex -20.12940952255126 -54.48296291314453 0
      vertex -20 -54.5 0
      vertex -20 -54.4 3.5
    endloop
  endfacet
  facet normal 0.1304738553859571 -0.9910473236509195 0.028315637818598156
    outer loop
      vertex -20 -54.5 0
      vertex -19.87059047744874 -54.48296291314453 0
      vertex -19.896472381958993 -54.386370330515625 3.5
    endloop
  endfacet
  facet normal 0.38252998853153897 -0.923509086327247 0.028315637818597715
    outer loop
      vertex -19.87059047744874 -54.48296291314453 0
      vertex -19.75 -54.43301270189222 0
      vertex -19.8 -54.346410161513774 3.5
    endloop
  endfacet
  facet normal 0.6085173351193658 -0.7930352309413191 0.028315637818598374
    outer loop
      vertex -19.75 -54.43301270189222 0
      vertex -19.646446609406727 -54.35355339059328 0
      vertex -19.71715728752538 -54.28284271247462 3.5
    endloop
  endfacet
  facet normal 0.7930352309413029 -0.6085173351193869 0.028315637818598284
    outer loop
      vertex -19.646446609406727 -54.35355339059328 0
      vertex -19.56698729810778 -54.25 0
      vertex -19.71715728752538 -54.28284271247462 3.5
    endloop
  endfacet
  facet normal -0.9910473236509201 0.13047385538595357 0.02831563781859727
    outer loop
      vertex -20.5 -54 0
      vertex -20.38637033051563 -53.89647238195899 3.5
      vertex -20.482962913144533 -53.87059047744874 0
    endloop
  endfacet
  facet normal -0.9235090863272526 0.3825299885315253 0.02831563781859727
    outer loop
      vertex -20.482962913144533 -53.87059047744874 0
      vertex -20.346410161513777 -53.8 3.5
      vertex -20.43301270189222 -53.75 0
    endloop
  endfacet
  facet normal -0.7930352309413029 0.6085173351193869 0.028315637818598284
    outer loop
      vertex -20.43301270189222 -53.75 0
      vertex -20.28284271247462 -53.71715728752538 3.5
      vertex -20.353553390593273 -53.64644660940672 0
    endloop
  endfacet
  facet normal -0.6085173351193658 0.7930352309413191 0.028315637818598374
    outer loop
      vertex -20.353553390593273 -53.64644660940672 0
      vertex -20.28284271247462 -53.71715728752538 3.5
      vertex -20.25 -53.56698729810778 0
    endloop
  endfacet
  facet normal -0.38252998853153897 0.923509086327247 0.028315637818597715
    outer loop
      vertex -20.25 -53.56698729810778 0
      vertex -20.2 -53.653589838486226 3.5
      vertex -20.12940952255126 -53.51703708685547 0
    endloop
  endfacet
  facet normal -0.1304738553859571 0.9910473236509195 0.028315637818598156
    outer loop
      vertex -20.12940952255126 -53.51703708685547 0
      vertex -20.103527618041007 -53.613629669484375 3.5
      vertex -20 -53.5 0
    endloop
  endfacet
  facet normal 0.1304738553859571 0.9910473236509195 0.028315637818598104
    outer loop
      vertex -20 -53.5 0
      vertex -20 -53.6 3.5
      vertex -19.87059047744874 -53.51703708685547 0
    endloop
  endfacet
  facet normal 0.38252998853153897 0.923509086327247 0.028315637818597715
    outer loop
      vertex -19.87059047744874 -53.51703708685547 0
      vertex -19.8 -53.653589838486226 3.5
      vertex -19.75 -53.56698729810778 0
    endloop
  endfacet
  facet normal 0.6085173351193658 0.7930352309413191 0.028315637818598374
    outer loop
      vertex -19.646446609406727 -53.64644660940672 0
      vertex -19.75 -53.56698729810778 0
      vertex -19.71715728752538 -53.71715728752538 3.5
    endloop
  endfacet
  facet normal 0.7930352309413029 0.6085173351193869 0.028315637818598284
    outer loop
      vertex -19.646446609406727 -53.64644660940672 0
      vertex -19.71715728752538 -53.71715728752538 3.5
      vertex -19.56698729810778 -53.75 0
    endloop
  endfacet
  facet normal 0.9235090863272526 -0.3825299885315253 0.02831563781859727
    outer loop
      vertex -19.56698729810778 -54.25 0
      vertex -19.517037086855467 -54.12940952255126 0
      vertex -19.653589838486223 -54.2 3.5
    endloop
  endfacet
  facet normal 0.9910473236509201 -0.13047385538595357 0.02831563781859727
    outer loop
      vertex -19.517037086855467 -54.12940952255126 0
      vertex -19.5 -54 0
      vertex -19.61362966948437 -54.10352761804101 3.5
    endloop
  endfacet
  facet normal 0.99104732365092 0.13047385538595355 0.028315637818598114
    outer loop
      vertex -19.5 -54 0
      vertex -19.517037086855467 -53.87059047744874 0
      vertex -19.6 -54 3.5
    endloop
  endfacet
  facet normal 0.9235090863272526 0.3825299885315253 0.02831563781859727
    outer loop
      vertex -19.517037086855467 -53.87059047744874 0
      vertex -19.56698729810778 -53.75 0
      vertex -19.653589838486223 -53.8 3.5
    endloop
  endfacet
  facet normal -0.38252998853152487 -0.9235090863272528 0.028315637818598218
    outer loop
      vertex -20.12940952255126 -54.48296291314453 0
      vertex -20.103527618041007 -54.386370330515625 3.5
      vertex -20.2 -54.346410161513774 3.5
    endloop
  endfacet
  facet normal -0.13047385538595885 -0.9910473236509192 0.02831563781859816
    outer loop
      vertex -20.12940952255126 -54.48296291314453 0
      vertex -20 -54.4 3.5
      vertex -20.103527618041007 -54.386370330515625 3.5
    endloop
  endfacet
  facet normal -0.7930352309412795 -0.6085173351194175 0.028315637818596993
    outer loop
      vertex -20.43301270189222 -54.25 0
      vertex -20.28284271247462 -54.28284271247462 3.5
      vertex -20.346410161513777 -54.2 3.5
    endloop
  endfacet
  facet normal -0.9235090863272579 -0.38252998853151293 0.028315637818597722
    outer loop
      vertex -20.482962913144533 -54.12940952255126 0
      vertex -20.346410161513777 -54.2 3.5
      vertex -20.38637033051563 -54.10352761804101 3.5
    endloop
  endfacet
  facet normal -0.9910473236509237 -0.13047385538592543 0.02831563781859822
    outer loop
      vertex -20.38637033051563 -54.10352761804101 3.5
      vertex -20.4 -54 3.5
      vertex -20.5 -54 0
    endloop
  endfacet
  facet normal -0.9910473236509237 0.13047385538592543 0.02831563781859822
    outer loop
      vertex -20.5 -54 0
      vertex -20.4 -54 3.5
      vertex -20.38637033051563 -53.89647238195899 3.5
    endloop
  endfacet
  facet normal -0.6085173351193797 -0.7930352309413086 0.02831563781859779
    outer loop
      vertex -20.25 -54.43301270189222 0
      vertex -20.2 -54.346410161513774 3.5
      vertex -20.28284271247462 -54.28284271247462 3.5
    endloop
  endfacet
  facet normal 0.13047385538595885 -0.9910473236509192 0.028315637818598093
    outer loop
      vertex -20 -54.5 0
      vertex -19.896472381958993 -54.386370330515625 3.5
      vertex -20 -54.4 3.5
    endloop
  endfacet
  facet normal 0.38252998853152487 -0.9235090863272528 0.028315637818598218
    outer loop
      vertex -19.87059047744874 -54.48296291314453 0
      vertex -19.8 -54.346410161513774 3.5
      vertex -19.896472381958993 -54.386370330515625 3.5
    endloop
  endfacet
  facet normal 0.6085173351193797 -0.7930352309413086 0.02831563781859779
    outer loop
      vertex -19.75 -54.43301270189222 0
      vertex -19.71715728752538 -54.28284271247462 3.5
      vertex -19.8 -54.346410161513774 3.5
    endloop
  endfacet
  facet normal 0.7930352309412795 -0.6085173351194175 0.028315637818596993
    outer loop
      vertex -19.56698729810778 -54.25 0
      vertex -19.653589838486223 -54.2 3.5
      vertex -19.71715728752538 -54.28284271247462 3.5
    endloop
  endfacet
  facet normal -0.9235090863272579 0.38252998853151293 0.028315637818597722
    outer loop
      vertex -20.482962913144533 -53.87059047744874 0
      vertex -20.38637033051563 -53.89647238195899 3.5
      vertex -20.346410161513777 -53.8 3.5
    endloop
  endfacet
  facet normal -0.7930352309412795 0.6085173351194175 0.028315637818596993
    outer loop
      vertex -20.43301270189222 -53.75 0
      vertex -20.346410161513777 -53.8 3.5
      vertex -20.28284271247462 -53.71715728752538 3.5
    endloop
  endfacet
  facet normal -0.6085173351193797 0.7930352309413086 0.02831563781859779
    outer loop
      vertex -20.25 -53.56698729810778 0
      vertex -20.28284271247462 -53.71715728752538 3.5
      vertex -20.2 -53.653589838486226 3.5
    endloop
  endfacet
  facet normal -0.38252998853152487 0.9235090863272528 0.028315637818598218
    outer loop
      vertex -20.12940952255126 -53.51703708685547 0
      vertex -20.2 -53.653589838486226 3.5
      vertex -20.103527618041007 -53.613629669484375 3.5
    endloop
  endfacet
  facet normal -0.13047385538595885 0.9910473236509192 0.028315637818598093
    outer loop
      vertex -20.103527618041007 -53.613629669484375 3.5
      vertex -20 -53.6 3.5
      vertex -20 -53.5 0
    endloop
  endfacet
  facet normal 0.13047385538595885 0.9910473236509192 0.02831563781859816
    outer loop
      vertex -19.87059047744874 -53.51703708685547 0
      vertex -20 -53.6 3.5
      vertex -19.896472381958993 -53.613629669484375 3.5
    endloop
  endfacet
  facet normal 0.38252998853152487 0.9235090863272528 0.028315637818598218
    outer loop
      vertex -19.87059047744874 -53.51703708685547 0
      vertex -19.896472381958993 -53.613629669484375 3.5
      vertex -19.8 -53.653589838486226 3.5
    endloop
  endfacet
  facet normal 0.7930352309412795 0.6085173351194175 0.028315637818596993
    outer loop
      vertex -19.56698729810778 -53.75 0
      vertex -19.71715728752538 -53.71715728752538 3.5
      vertex -19.653589838486223 -53.8 3.5
    endloop
  endfacet
  facet normal 0.6085173351193797 0.7930352309413086 0.02831563781859779
    outer loop
      vertex -19.75 -53.56698729810778 0
      vertex -19.8 -53.653589838486226 3.5
      vertex -19.71715728752538 -53.71715728752538 3.5
    endloop
  endfacet
  facet normal 0.9235090863272579 -0.38252998853151293 0.028315637818597722
    outer loop
      vertex -19.517037086855467 -54.12940952255126 0
      vertex -19.61362966948437 -54.10352761804101 3.5
      vertex -19.653589838486223 -54.2 3.5
    endloop
  endfacet
  facet normal 0.9910473236509237 -0.13047385538592543 0.02831563781859822
    outer loop
      vertex -19.61362966948437 -54.10352761804101 3.5
      vertex -19.5 -54 0
      vertex -19.6 -54 3.5
    endloop
  endfacet
  facet normal 0.9235090863272579 0.38252998853151293 0.028315637818597722
    outer loop
      vertex -19.517037086855467 -53.87059047744874 0
      vertex -19.653589838486223 -53.8 3.5
      vertex -19.61362966948437 -53.89647238195899 3.5
    endloop
  endfacet
  facet normal 0.9910473236509237 0.13047385538592543 0.028315637818597167
    outer loop
      vertex -19.517037086855467 -53.87059047744874 0
      vertex -19.61362966948437 -53.89647238195899 3.5
      vertex -19.6 -54 3.5
    endloop
  endfacet
  facet normal 0 0 1
    outer loop
      vertex -20.38637033051563 -54.10352761804101 3.5
      vertex -20.346410161513777 -54.2 3.5
      vertex -20.38637033051563 -53.89647238195899 3.5
    endloop
  endfacet
  facet normal 0 0 1
    outer loop
      vertex -20.38637033051563 -54.10352761804101 3.5
      vertex -20.38637033051563 -53.89647238195899 3.5
      vertex -20.4 -54 3.5
    endloop
  endfacet
  facet normal 0 0 1
    outer loop
      vertex -20.28284271247462 -54.28284271247462 3.5
      vertex -20.346410161513777 -53.8 3.5
      vertex -20.346410161513777 -54.2 3.5
    endloop
  endfacet
  facet normal 0 0 1
    outer loop
      vertex -20.28284271247462 -54.28284271247462 3.5
      vertex -20.26321478766377 -54.07052818979044 3.5
      vertex -20.2725 -54 3.5
    endloop
  endfacet
  facet normal 0 0 1
    outer loop
      vertex -20.346410161513777 -54.2 3.5
      vertex -20.346410161513777 -53.8 3.5
      vertex -20.38637033051563 -53.89647238195899 3.5
    endloop
  endfacet
  facet normal 0 0 1
    outer loop
      vertex -20.28284271247462 -54.28284271247462 3.5
      vertex -20.2725 -54 3.5
      vertex -20.28284271247462 -53.71715728752538 3.5
    endloop
  endfacet
  facet normal 0 0 1
    outer loop
      vertex -20.28284271247462 -54.28284271247462 3.5
      vertex -20.2 -54.346410161513774 3.5
      vertex -20.23599192253126 -54.13625 3.5
    endloop
  endfacet
  facet normal 0 0 1
    outer loop
      vertex -20.2 -54.346410161513774 3.5
      vertex -20.13625 -54.23599192253126 3.5
      vertex -20.192686597873333 -54.19268659787333 3.5
    endloop
  endfacet
  facet normal 0 0 1
    outer loop
      vertex -20.2 -54.346410161513774 3.5
      vertex -20.192686597873333 -54.19268659787333 3.5
      vertex -20.23599192253126 -54.13625 3.5
    endloop
  endfacet
  facet normal 0 0 1
    outer loop
      vertex -20.103527618041007 -54.386370330515625 3.5
      vertex -20 -54.4 3.5
      vertex -20.070528189790437 -54.26321478766377 3.5
    endloop
  endfacet
  facet normal 0 0 1
    outer loop
      vertex -20.2 -54.346410161513774 3.5
      vertex -20.103527618041007 -54.386370330515625 3.5
      vertex -20.13625 -54.23599192253126 3.5
    endloop
  endfacet
  facet normal 0 0 1
    outer loop
      vertex -20.103527618041007 -54.386370330515625 3.5
      vertex -20.070528189790437 -54.26321478766377 3.5
      vertex -20.13625 -54.23599192253126 3.5
    endloop
  endfacet
  facet normal 0 0 1
    outer loop
      vertex -20.28284271247462 -54.28284271247462 3.5
      vertex -20.23599192253126 -54.13625 3.5
      vertex -20.26321478766377 -54.07052818979044 3.5
    endloop
  endfacet
  facet normal 0 0 1
    outer loop
      vertex -20 -54.4 3.5
      vertex -20 -54.2725 3.5
      vertex -20.070528189790437 -54.26321478766377 3.5
    endloop
  endfacet
  facet normal 0 0 1
    outer loop
      vertex -20 -54.4 3.5
      vertex -19.896472381958993 -54.386370330515625 3.5
      vertex -20 -54.2725 3.5
    endloop
  endfacet
  facet normal 0 0 1
    outer loop
      vertex -19.896472381958993 -54.386370330515625 3.5
      vertex -19.929471810209563 -54.26321478766377 3.5
      vertex -20 -54.2725 3.5
    endloop
  endfacet
  facet normal 0 0 1
    outer loop
      vertex -19.896472381958993 -54.386370330515625 3.5
      vertex -19.8 -54.346410161513774 3.5
      vertex -19.929471810209563 -54.26321478766377 3.5
    endloop
  endfacet
  facet normal 0 0 1
    outer loop
      vertex -19.8 -54.346410161513774 3.5
      vertex -19.86375 -54.23599192253126 3.5
      vertex -19.929471810209563 -54.26321478766377 3.5
    endloop
  endfacet
  facet normal 0 0 1
    outer loop
      vertex -19.8 -54.346410161513774 3.5
      vertex -19.807313402126667 -54.19268659787333 3.5
      vertex -19.86375 -54.23599192253126 3.5
    endloop
  endfacet
  facet normal 0 0 1
    outer loop
      vertex -19.8 -54.346410161513774 3.5
      vertex -19.71715728752538 -54.28284271247462 3.5
      vertex -19.807313402126667 -54.19268659787333 3.5
    endloop
  endfacet
  facet normal 0 0 1
    outer loop
      vertex -19.71715728752538 -54.28284271247462 3.5
      vertex -19.76400807746874 -54.13625 3.5
      vertex -19.807313402126667 -54.19268659787333 3.5
    endloop
  endfacet
  facet normal 0 0 1
    outer loop
      vertex -19.71715728752538 -54.28284271247462 3.5
      vertex -19.73678521233623 -54.07052818979044 3.5
      vertex -19.76400807746874 -54.13625 3.5
    endloop
  endfacet
  facet normal 0 0 1
    outer loop
      vertex -19.71715728752538 -54.28284271247462 3.5
      vertex -19.7275 -54 3.5
      vertex -19.73678521233623 -54.07052818979044 3.5
    endloop
  endfacet
  facet normal 0 0 1
    outer loop
      vertex -19.71715728752538 -54.28284271247462 3.5
      vertex -19.653589838486223 -54.2 3.5
      vertex -19.71715728752538 -53.71715728752538 3.5
    endloop
  endfacet
  facet normal 0 0 1
    outer loop
      vertex -19.653589838486223 -54.2 3.5
      vertex -19.61362966948437 -54.10352761804101 3.5
      vertex -19.653589838486223 -53.8 3.5
    endloop
  endfacet
  facet normal 0 0 1
    outer loop
      vertex -19.71715728752538 -54.28284271247462 3.5
      vertex -19.71715728752538 -53.71715728752538 3.5
      vertex -19.7275 -54 3.5
    endloop
  endfacet
  facet normal 0 0 1
    outer loop
      vertex -20.28284271247462 -54.28284271247462 3.5
      vertex -20.28284271247462 -53.71715728752538 3.5
      vertex -20.346410161513777 -53.8 3.5
    endloop
  endfacet
  facet normal 0 0 1
    outer loop
      vertex -20.28284271247462 -53.71715728752538 3.5
      vertex -20.2725 -54 3.5
      vertex -20.26321478766377 -53.92947181020956 3.5
    endloop
  endfacet
  facet normal 0 0 1
    outer loop
      vertex -20.28284271247462 -53.71715728752538 3.5
      vertex -20.26321478766377 -53.92947181020956 3.5
      vertex -20.23599192253126 -53.86375 3.5
    endloop
  endfacet
  facet normal 0 0 1
    outer loop
      vertex -20.28284271247462 -53.71715728752538 3.5
      vertex -20.23599192253126 -53.86375 3.5
      vertex -20.192686597873333 -53.80731340212667 3.5
    endloop
  endfacet
  facet normal 0 0 1
    outer loop
      vertex -20.28284271247462 -53.71715728752538 3.5
      vertex -20.192686597873333 -53.80731340212667 3.5
      vertex -20.2 -53.653589838486226 3.5
    endloop
  endfacet
  facet normal 0 0 1
    outer loop
      vertex -20.2 -53.653589838486226 3.5
      vertex -20.192686597873333 -53.80731340212667 3.5
      vertex -20.13625 -53.76400807746874 3.5
    endloop
  endfacet
  facet normal 0 0 1
    outer loop
      vertex -20.2 -53.653589838486226 3.5
      vertex -20.13625 -53.76400807746874 3.5
      vertex -20.070528189790437 -53.73678521233623 3.5
    endloop
  endfacet
  facet normal 0 0 1
    outer loop
      vertex -20.103527618041007 -53.613629669484375 3.5
      vertex -20.070528189790437 -53.73678521233623 3.5
      vertex -20 -53.7275 3.5
    endloop
  endfacet
  facet normal 0 0 1
    outer loop
      vertex -20.2 -53.653589838486226 3.5
      vertex -20.070528189790437 -53.73678521233623 3.5
      vertex -20.103527618041007 -53.613629669484375 3.5
    endloop
  endfacet
  facet normal 0 0 1
    outer loop
      vertex -20.103527618041007 -53.613629669484375 3.5
      vertex -20 -53.7275 3.5
      vertex -20 -53.6 3.5
    endloop
  endfacet
  facet normal 0 0 1
    outer loop
      vertex -20 -53.6 3.5
      vertex -20 -53.7275 3.5
      vertex -19.929471810209563 -53.73678521233623 3.5
    endloop
  endfacet
  facet normal 0 0 1
    outer loop
      vertex -20 -53.6 3.5
      vertex -19.929471810209563 -53.73678521233623 3.5
      vertex -19.896472381958993 -53.613629669484375 3.5
    endloop
  endfacet
  facet normal 0 0 1
    outer loop
      vertex -19.896472381958993 -53.613629669484375 3.5
      vertex -19.929471810209563 -53.73678521233623 3.5
      vertex -19.86375 -53.76400807746874 3.5
    endloop
  endfacet
  facet normal 0 0 1
    outer loop
      vertex -19.896472381958993 -53.613629669484375 3.5
      vertex -19.86375 -53.76400807746874 3.5
      vertex -19.8 -53.653589838486226 3.5
    endloop
  endfacet
  facet normal 0 0 1
    outer loop
      vertex -19.71715728752538 -53.71715728752538 3.5
      vertex -19.76400807746874 -53.86375 3.5
      vertex -19.73678521233623 -53.92947181020956 3.5
    endloop
  endfacet
  facet normal 0 0 1
    outer loop
      vertex -19.8 -53.653589838486226 3.5
      vertex -19.807313402126667 -53.80731340212667 3.5
      vertex -19.76400807746874 -53.86375 3.5
    endloop
  endfacet
  facet normal 0 0 1
    outer loop
      vertex -19.8 -53.653589838486226 3.5
      vertex -19.86375 -53.76400807746874 3.5
      vertex -19.807313402126667 -53.80731340212667 3.5
    endloop
  endfacet
  facet normal 0 0 1
    outer loop
      vertex -19.8 -53.653589838486226 3.5
      vertex -19.76400807746874 -53.86375 3.5
      vertex -19.71715728752538 -53.71715728752538 3.5
    endloop
  endfacet
  facet normal 0 0 1
    outer loop
      vertex -19.71715728752538 -53.71715728752538 3.5
      vertex -19.73678521233623 -53.92947181020956 3.5
      vertex -19.7275 -54 3.5
    endloop
  endfacet
  facet normal 0 0 1
    outer loop
      vertex -19.61362966948437 -54.10352761804101 3.5
      vertex -19.61362966948437 -53.89647238195899 3.5
      vertex -19.653589838486223 -53.8 3.5
    endloop
  endfacet
  facet normal 0 0 1
    outer loop
      vertex -19.653589838486223 -54.2 3.5
      vertex -19.653589838486223 -53.8 3.5
      vertex -19.71715728752538 -53.71715728752538 3.5
    endloop
  endfacet
  facet normal 0 0 1
    outer loop
      vertex -19.61362966948437 -54.10352761804101 3.5
      vertex -19.6 -54 3.5
      vertex -19.61362966948437 -53.89647238195899 3.5
    endloop
  endfacet
  facet normal -0.5642741424660869 -0.7353763796999356 -0.3752549431034566
    outer loop
      vertex -21.3 -56.25166604983954 9.2
      vertex -20.192686597873333 -54.19268659787333 3.5
      vertex -20.13625 -54.23599192253126 3.5
    endloop
  endfacet
  facet normal -0.8563639319242529 -0.3547175549301907 -0.3752549431034596
    outer loop
      vertex -22.25166604983954 -55.3 9.2
      vertex -20.26321478766377 -54.07052818979044 3.5
      vertex -20.23599192253126 -54.13625 3.5
    endloop
  endfacet
  facet normal -0.9189916973962218 -0.12098755222431223 -0.3752549431034592
    outer loop
      vertex -22.511407148351577 -54.67292951726655 9.2
      vertex -20.2725 -54 3.5
      vertex -20.26321478766377 -54.07052818979044 3.5
    endloop
  endfacet
  facet normal -0.9189916973962224 0.12098755222431237 -0.37525494310345764
    outer loop
      vertex -22.6 -54 9.2
      vertex -20.26321478766377 -53.92947181020956 3.5
      vertex -20.2725 -54 3.5
    endloop
  endfacet
  facet normal -0.7353763796999739 -0.5642741424660358 -0.3752549431034584
    outer loop
      vertex -22.25166604983954 -55.3 9.2
      vertex -20.23599192253126 -54.13625 3.5
      vertex -20.192686597873333 -54.19268659787333 3.5
    endloop
  endfacet
  facet normal -0.8563639319242536 0.35471755493019064 -0.37525494310345797
    outer loop
      vertex -22.511407148351577 -53.32707048273345 9.2
      vertex -20.23599192253126 -53.86375 3.5
      vertex -20.26321478766377 -53.92947181020956 3.5
    endloop
  endfacet
  facet normal -0.7353763796999739 0.5642741424660358 -0.3752549431034584
    outer loop
      vertex -22.25166604983954 -52.7 9.2
      vertex -20.192686597873333 -53.80731340212667 3.5
      vertex -20.23599192253126 -53.86375 3.5
    endloop
  endfacet
  facet normal -0.5642741424660869 0.7353763796999356 -0.3752549431034566
    outer loop
      vertex -21.3 -51.74833395016046 9.2
      vertex -20.13625 -53.76400807746874 3.5
      vertex -20.192686597873333 -53.80731340212667 3.5
    endloop
  endfacet
  facet normal -0.3547175549301365 0.8563639319242766 -0.37525494310345664
    outer loop
      vertex -21.3 -51.74833395016046 9.2
      vertex -20.070528189790437 -53.73678521233623 3.5
      vertex -20.13625 -53.76400807746874 3.5
    endloop
  endfacet
  facet normal -0.3547175549301323 -0.8563639319242762 -0.3752549431034615
    outer loop
      vertex -20.672929517266553 -56.51140714835158 9.2
      vertex -20.13625 -54.23599192253126 3.5
      vertex -20.070528189790437 -54.26321478766377 3.5
    endloop
  endfacet
  facet normal -0.12098755222431237 -0.9189916973962224 -0.37525494310345764
    outer loop
      vertex -20 -56.6 9.2
      vertex -20.070528189790437 -54.26321478766377 3.5
      vertex -20 -54.2725 3.5
    endloop
  endfacet
  facet normal 0.1209875522243162 -0.918991697396221 -0.3752549431034599
    outer loop
      vertex -19.327070482733447 -56.51140714835158 9.2
      vertex -20 -54.2725 3.5
      vertex -19.929471810209563 -54.26321478766377 3.5
    endloop
  endfacet
  facet normal 0.3547175549301365 -0.8563639319242766 -0.37525494310345664
    outer loop
      vertex -18.7 -56.25166604983954 9.2
      vertex -19.929471810209563 -54.26321478766377 3.5
      vertex -19.86375 -54.23599192253126 3.5
    endloop
  endfacet
  facet normal 0.5642741424660869 -0.7353763796999356 -0.3752549431034566
    outer loop
      vertex -18.7 -56.25166604983954 9.2
      vertex -19.86375 -54.23599192253126 3.5
      vertex -19.807313402126667 -54.19268659787333 3.5
    endloop
  endfacet
  facet normal 0.7353763796999739 -0.5642741424660358 -0.3752549431034584
    outer loop
      vertex -17.74833395016046 -55.3 9.2
      vertex -19.807313402126667 -54.19268659787333 3.5
      vertex -19.76400807746874 -54.13625 3.5
    endloop
  endfacet
  facet normal 0.8563639319242536 -0.35471755493019064 -0.37525494310345797
    outer loop
      vertex -17.488592851648423 -54.67292951726655 9.2
      vertex -19.76400807746874 -54.13625 3.5
      vertex -19.73678521233623 -54.07052818979044 3.5
    endloop
  endfacet
  facet normal 0.9189916973962224 -0.12098755222431237 -0.37525494310345764
    outer loop
      vertex -17.4 -54 9.2
      vertex -19.73678521233623 -54.07052818979044 3.5
      vertex -19.7275 -54 3.5
    endloop
  endfacet
  facet normal 0.5642741424660869 0.7353763796999356 -0.3752549431034566
    outer loop
      vertex -18.7 -51.74833395016046 9.2
      vertex -19.807313402126667 -53.80731340212667 3.5
      vertex -19.86375 -53.76400807746874 3.5
    endloop
  endfacet
  facet normal 0.9189916973962218 0.12098755222431223 -0.3752549431034592
    outer loop
      vertex -17.488592851648423 -53.32707048273345 9.2
      vertex -19.7275 -54 3.5
      vertex -19.73678521233623 -53.92947181020956 3.5
    endloop
  endfacet
  facet normal 0.7353763796999739 0.5642741424660358 -0.3752549431034584
    outer loop
      vertex -17.74833395016046 -52.7 9.2
      vertex -19.76400807746874 -53.86375 3.5
      vertex -19.807313402126667 -53.80731340212667 3.5
    endloop
  endfacet
  facet normal 0.8563639319242529 0.3547175549301907 -0.3752549431034596
    outer loop
      vertex -17.74833395016046 -52.7 9.2
      vertex -19.73678521233623 -53.92947181020956 3.5
      vertex -19.76400807746874 -53.86375 3.5
    endloop
  endfacet
  facet normal -0.1209875522243162 0.918991697396221 -0.3752549431034599
    outer loop
      vertex -20.672929517266553 -51.48859285164842 9.2
      vertex -20 -53.7275 3.5
      vertex -20.070528189790437 -53.73678521233623 3.5
    endloop
  endfacet
  facet normal 0.12098755222431237 0.9189916973962224 -0.37525494310345764
    outer loop
      vertex -20 -51.4 9.2
      vertex -19.929471810209563 -53.73678521233623 3.5
      vertex -20 -53.7275 3.5
    endloop
  endfacet
  facet normal 0.3547175549301323 0.8563639319242762 -0.3752549431034615
    outer loop
      vertex -19.327070482733447 -51.48859285164842 9.2
      vertex -19.86375 -53.76400807746874 3.5
      vertex -19.929471810209563 -53.73678521233623 3.5
    endloop
  endfacet
  facet normal -0.7353763796999696 -0.5642741424660412 -0.37525494310345864
    outer loop
      vertex -21.838477631085023 -55.83847763108503 9.2
      vertex -22.25166604983954 -55.3 9.2
      vertex -20.192686597873333 -54.19268659787333 3.5
    endloop
  endfacet
  facet normal -0.5642741424660458 -0.7353763796999658 -0.3752549431034589
    outer loop
      vertex -21.838477631085023 -55.83847763108503 9.2
      vertex -20.192686597873333 -54.19268659787333 3.5
      vertex -21.3 -56.25166604983954 9.2
    endloop
  endfacet
  facet normal -0.35471755493017776 -0.8563639319242589 -0.37525494310345836
    outer loop
      vertex -21.3 -56.25166604983954 9.2
      vertex -20.13625 -54.23599192253126 3.5
      vertex -20.672929517266553 -56.51140714835158 9.2
    endloop
  endfacet
  facet normal -0.9189916973962242 -0.12098755222429673 -0.3752549431034583
    outer loop
      vertex -22.511407148351577 -54.67292951726655 9.2
      vertex -22.6 -54 9.2
      vertex -20.2725 -54 3.5
    endloop
  endfacet
  facet normal -0.8563639319242581 -0.3547175549301794 -0.3752549431034582
    outer loop
      vertex -22.511407148351577 -54.67292951726655 9.2
      vertex -20.26321478766377 -54.07052818979044 3.5
      vertex -22.25166604983954 -55.3 9.2
    endloop
  endfacet
  facet normal -0.9189916973962241 0.12098755222429672 -0.37525494310345847
    outer loop
      vertex -22.6 -54 9.2
      vertex -22.511407148351577 -53.32707048273345 9.2
      vertex -20.26321478766377 -53.92947181020956 3.5
    endloop
  endfacet
  facet normal -0.8563639319242581 0.3547175549301794 -0.3752549431034584
    outer loop
      vertex -22.511407148351577 -53.32707048273345 9.2
      vertex -22.25166604983954 -52.7 9.2
      vertex -20.23599192253126 -53.86375 3.5
    endloop
  endfacet
  facet normal -0.7353763796999696 0.5642741424660412 -0.37525494310345864
    outer loop
      vertex -22.25166604983954 -52.7 9.2
      vertex -21.838477631085023 -52.16152236891497 9.2
      vertex -20.192686597873333 -53.80731340212667 3.5
    endloop
  endfacet
  facet normal -0.5642741424660458 0.7353763796999658 -0.3752549431034589
    outer loop
      vertex -21.838477631085023 -52.16152236891497 9.2
      vertex -21.3 -51.74833395016046 9.2
      vertex -20.192686597873333 -53.80731340212667 3.5
    endloop
  endfacet
  facet normal -0.3547175549301777 0.8563639319242586 -0.3752549431034588
    outer loop
      vertex -21.3 -51.74833395016046 9.2
      vertex -20.672929517266553 -51.48859285164842 9.2
      vertex -20.070528189790437 -53.73678521233623 3.5
    endloop
  endfacet
  facet normal -0.12098755222429192 -0.9189916973962247 -0.3752549431034588
    outer loop
      vertex -20.672929517266553 -56.51140714835158 9.2
      vertex -20.070528189790437 -54.26321478766377 3.5
      vertex -20 -56.6 9.2
    endloop
  endfacet
  facet normal 0.12098755222429192 -0.9189916973962247 -0.3752549431034585
    outer loop
      vertex -20 -56.6 9.2
      vertex -20 -54.2725 3.5
      vertex -19.327070482733447 -56.51140714835158 9.2
    endloop
  endfacet
  facet normal 0.3547175549301777 -0.8563639319242586 -0.3752549431034588
    outer loop
      vertex -19.327070482733447 -56.51140714835158 9.2
      vertex -19.929471810209563 -54.26321478766377 3.5
      vertex -18.7 -56.25166604983954 9.2
    endloop
  endfacet
  facet normal 0.5642741424660458 -0.7353763796999658 -0.3752549431034589
    outer loop
      vertex -18.7 -56.25166604983954 9.2
      vertex -19.807313402126667 -54.19268659787333 3.5
      vertex -18.161522368914977 -55.83847763108503 9.2
    endloop
  endfacet
  facet normal 0.7353763796999696 -0.5642741424660412 -0.37525494310345864
    outer loop
      vertex -18.161522368914977 -55.83847763108503 9.2
      vertex -19.807313402126667 -54.19268659787333 3.5
      vertex -17.74833395016046 -55.3 9.2
    endloop
  endfacet
  facet normal 0.8563639319242581 -0.3547175549301794 -0.3752549431034584
    outer loop
      vertex -17.74833395016046 -55.3 9.2
      vertex -19.76400807746874 -54.13625 3.5
      vertex -17.488592851648423 -54.67292951726655 9.2
    endloop
  endfacet
  facet normal 0.9189916973962241 -0.12098755222429672 -0.3752549431034585
    outer loop
      vertex -17.488592851648423 -54.67292951726655 9.2
      vertex -19.73678521233623 -54.07052818979044 3.5
      vertex -17.4 -54 9.2
    endloop
  endfacet
  facet normal 0.9189916973962242 0.12098755222429673 -0.37525494310345836
    outer loop
      vertex -17.4 -54 9.2
      vertex -19.7275 -54 3.5
      vertex -17.488592851648423 -53.32707048273345 9.2
    endloop
  endfacet
  facet normal 0.8563639319242581 0.3547175549301794 -0.3752549431034582
    outer loop
      vertex -17.488592851648423 -53.32707048273345 9.2
      vertex -19.73678521233623 -53.92947181020956 3.5
      vertex -17.74833395016046 -52.7 9.2
    endloop
  endfacet
  facet normal -0.12098755222429192 0.9189916973962247 -0.3752549431034585
    outer loop
      vertex -20.672929517266553 -51.48859285164842 9.2
      vertex -20 -51.4 9.2
      vertex -20 -53.7275 3.5
    endloop
  endfacet
  facet normal 0.12098755222429192 0.9189916973962247 -0.37525494310345875
    outer loop
      vertex -20 -51.4 9.2
      vertex -19.327070482733447 -51.48859285164842 9.2
      vertex -19.929471810209563 -53.73678521233623 3.5
    endloop
  endfacet
  facet normal 0.35471755493017776 0.8563639319242589 -0.3752549431034583
    outer loop
      vertex -19.327070482733447 -51.48859285164842 9.2
      vertex -18.7 -51.74833395016046 9.2
      vertex -19.86375 -53.76400807746874 3.5
    endloop
  endfacet
  facet normal 0.5642741424660458 0.7353763796999658 -0.3752549431034589
    outer loop
      vertex -18.161522368914977 -52.16152236891497 9.2
      vertex -19.807313402126667 -53.80731340212667 3.5
      vertex -18.7 -51.74833395016046 9.2
    endloop
  endfacet
  facet normal 0.7353763796999696 0.5642741424660412 -0.37525494310345864
    outer loop
      vertex -18.161522368914977 -52.16152236891497 9.2
      vertex -17.74833395016046 -52.7 9.2
      vertex -19.807313402126667 -53.80731340212667 3.5
    endloop
  endfacet
  facet normal 0 0 1
    outer loop
      vertex -22.511407148351577 -54.67292951726655 9.2
      vertex -22.25166604983954 -55.3 9.2
      vertex -22.511407148351577 -53.32707048273345 9.2
    endloop
  endfacet
  facet normal 0 0 1
    outer loop
      vertex -22.511407148351577 -54.67292951726655 9.2
      vertex -22.511407148351577 -53.32707048273345 9.2
      vertex -22.6 -54 9.2
    endloop
  endfacet
  facet normal 0 0 1
    outer loop
      vertex -22.25166604983954 -55.3 9.2
      vertex -22.25166604983954 -52.7 9.2
      vertex -22.511407148351577 -53.32707048273345 9.2
    endloop
  endfacet
  facet normal 0 0 1
    outer loop
      vertex -21.3 -56.25166604983954 9.2
      vertex -20.672929517266553 -56.51140714835158 9.2
      vertex -21.3 -51.74833395016046 9.2
    endloop
  endfacet
  facet normal 0 0 1
    outer loop
      vertex -21.838477631085023 -55.83847763108503 9.2
      vertex -22.25166604983954 -52.7 9.2
      vertex -22.25166604983954 -55.3 9.2
    endloop
  endfacet
  facet normal 0 0 1
    outer loop
      vertex -21.838477631085023 -55.83847763108503 9.2
      vertex -21.3 -56.25166604983954 9.2
      vertex -21.838477631085023 -52.16152236891497 9.2
    endloop
  endfacet
  facet normal 0 0 1
    outer loop
      vertex -21.838477631085023 -55.83847763108503 9.2
      vertex -21.838477631085023 -52.16152236891497 9.2
      vertex -22.25166604983954 -52.7 9.2
    endloop
  endfacet
  facet normal 0 0 1
    outer loop
      vertex -21.3 -56.25166604983954 9.2
      vertex -21.3 -51.74833395016046 9.2
      vertex -21.838477631085023 -52.16152236891497 9.2
    endloop
  endfacet
  facet normal 0 0 1
    outer loop
      vertex -20.672929517266553 -56.51140714835158 9.2
      vertex -20.672929517266553 -51.48859285164842 9.2
      vertex -21.3 -51.74833395016046 9.2
    endloop
  endfacet
  facet normal 0 0 1
    outer loop
      vertex -20.672929517266553 -56.51140714835158 9.2
      vertex -20 -56.6 9.2
      vertex -20.672929517266553 -51.48859285164842 9.2
    endloop
  endfacet
  facet normal 0 0 1
    outer loop
      vertex -20 -56.6 9.2
      vertex -19.327070482733447 -56.51140714835158 9.2
      vertex -20 -51.4 9.2
    endloop
  endfacet
  facet normal 0 0 1
    outer loop
      vertex -20.672929517266553 -51.48859285164842 9.2
      vertex -20 -56.6 9.2
      vertex -20 -51.4 9.2
    endloop
  endfacet
  facet normal 0 0 1
    outer loop
      vertex -19.327070482733447 -56.51140714835158 9.2
      vertex -18.7 -56.25166604983954 9.2
      vertex -19.327070482733447 -51.48859285164842 9.2
    endloop
  endfacet
  facet normal 0 0 1
    outer loop
      vertex -19.327070482733447 -56.51140714835158 9.2
      vertex -19.327070482733447 -51.48859285164842 9.2
      vertex -20 -51.4 9.2
    endloop
  endfacet
  facet normal 0 0 1
    outer loop
      vertex -18.7 -56.25166604983954 9.2
      vertex -18.7 -51.74833395016046 9.2
      vertex -19.327070482733447 -51.48859285164842 9.2
    endloop
  endfacet
  facet normal 0 0 1
    outer loop
      vertex -18.7 -56.25166604983954 9.2
      vertex -18.161522368914977 -55.83847763108503 9.2
      vertex -18.7 -51.74833395016046 9.2
    endloop
  endfacet
  facet normal 0 0 1
    outer loop
      vertex -18.161522368914977 -55.83847763108503 9.2
      vertex -17.74833395016046 -55.3 9.2
      vertex -18.161522368914977 -52.16152236891497 9.2
    endloop
  endfacet
  facet normal 0 0 1
    outer loop
      vertex -18.161522368914977 -55.83847763108503 9.2
      vertex -18.161522368914977 -52.16152236891497 9.2
      vertex -18.7 -51.74833395016046 9.2
    endloop
  endfacet
  facet normal 0 0 1
    outer loop
      vertex -17.74833395016046 -55.3 9.2
      vertex -17.488592851648423 -54.67292951726655 9.2
      vertex -17.74833395016046 -52.7 9.2
    endloop
  endfacet
  facet normal 0 0 1
    outer loop
      vertex -17.488592851648423 -54.67292951726655 9.2
      vertex -17.4 -54 9.2
      vertex -17.488592851648423 -53.32707048273345 9.2
    endloop
  endfacet
  facet normal 0 0 1
    outer loop
      vertex -17.488592851648423 -54.67292951726655 9.2
      vertex -17.488592851648423 -53.32707048273345 9.2
      vertex -17.74833395016046 -52.7 9.2
    endloop
  endfacet
  facet normal 0 0 1
    outer loop
      vertex -17.74833395016046 -55.3 9.2
      vertex -17.74833395016046 -52.7 9.2
      vertex -18.161522368914977 -52.16152236891497 9.2
    endloop
  endfacet
endsolid OpenSCAD_Model
